{
    "logs": [
        {
            "outputFile": "D:\\1 BSCS 8TH\\CarController\\app\\build\\intermediates\\incremental\\mergeDebugResources\\merged.dir\\values-my\\values-my.xml",
            "map": [
                {
                    "source": "C:\\Users\\Mudassar\\.gradle\\caches\\transforms-2\\files-2.1\\4d90089bba98735a4773fb5da4aac47c\\jetified-play-services-places-16.0.0\\res\\values-my\\values.xml",
                    "from": {
                        "startLines": "4,5",
                        "startColumns": "0,0",
                        "startOffsets": "193,300",
                        "endColumns": "106,94",
                        "endOffsets": "299,394"
                    },
                    "to": {
                        "startLines": "50,51",
                        "startColumns": "4,4",
                        "startOffsets": "6060,6171",
                        "endColumns": "110,98",
                        "endOffsets": "6166,6265"
                    }
                },
                {
                    "source": "C:\\Users\\Mudassar\\.gradle\\caches\\transforms-2\\files-2.1\\9350583047d9d28e7a4708239acec4f1\\jetified-firebase-messaging-20.0.0\\res\\values-my\\values.xml",
                    "from": {
                        "startLines": "4",
                        "startColumns": "0",
                        "startOffsets": "205",
                        "endColumns": "101",
                        "endOffsets": "306"
                    },
                    "to": {
                        "startLines": "47",
                        "startColumns": "4",
                        "startOffsets": "5715",
                        "endColumns": "105",
                        "endOffsets": "5816"
                    }
                },
                {
                    "source": "C:\\Users\\Mudassar\\.gradle\\caches\\transforms-2\\files-2.1\\222cdc43ab70d3d702638d878ca1cedb\\jetified-navigation-ui-2.1.0\\res\\values-my\\values-my.xml",
                    "from": {
                        "startLines": "2,3",
                        "startColumns": "4,4",
                        "startOffsets": "55,168",
                        "endColumns": "112,125",
                        "endOffsets": "163,289"
                    },
                    "to": {
                        "startLines": "48,49",
                        "startColumns": "4,4",
                        "startOffsets": "5821,5934",
                        "endColumns": "112,125",
                        "endOffsets": "5929,6055"
                    }
                },
                {
                    "source": "C:\\Users\\Mudassar\\.gradle\\caches\\transforms-2\\files-2.1\\d835d2effcd8e97c306f6a50688d9a8a\\jetified-places-compat-1.0.0\\res\\values-my\\values.xml",
                    "from": {
                        "startLines": "4,5,6,7,8,9,10,11",
                        "startColumns": "0,0,0,0,0,0,0,0",
                        "startOffsets": "184,260,324,412,478,526,598,676",
                        "endColumns": "75,63,87,65,47,71,77,51",
                        "endOffsets": "259,323,411,477,525,597,675,727"
                    },
                    "to": {
                        "startLines": "52,53,54,55,56,57,58,59",
                        "startColumns": "4,4,4,4,4,4,4,4",
                        "startOffsets": "6270,6350,6418,6510,6580,6632,6708,6790",
                        "endColumns": "79,67,91,69,51,75,81,55",
                        "endOffsets": "6345,6413,6505,6575,6627,6703,6785,6841"
                    }
                },
                {
                    "source": "C:\\Users\\Mudassar\\.gradle\\caches\\transforms-2\\files-2.1\\fc1a205467b5c433350d5b0560a1781f\\play-services-base-17.1.0\\res\\values-my\\values.xml",
                    "from": {
                        "startLines": "4,5,6,7,8,9,10,11,12,13,14,15,16,17,18,19,20",
                        "startColumns": "0,0,0,0,0,0,0,0,0,0,0,0,0,0,0,0,0",
                        "startOffsets": "245,350,546,678,787,993,1123,1272,1407,1642,1746,1947,2088,2305,2518,2614,2713",
                        "endColumns": "104,195,131,108,205,129,148,134,234,103,200,140,216,212,95,98,113",
                        "endOffsets": "349,545,677,786,992,1122,1271,1406,1641,1745,1946,2087,2304,2517,2613,2712,2826"
                    },
                    "to": {
                        "startLines": "29,30,31,32,33,34,35,36,38,39,40,41,42,43,44,45,46",
                        "startColumns": "4,4,4,4,4,4,4,4,4,4,4,4,4,4,4,4,4",
                        "startOffsets": "2872,2981,3177,3313,3426,3632,3766,3919,4271,4506,4614,4815,4960,5177,5394,5494,5597",
                        "endColumns": "108,195,135,112,205,133,152,138,234,107,200,144,216,216,99,102,117",
                        "endOffsets": "2976,3172,3308,3421,3627,3761,3914,4053,4501,4609,4810,4955,5172,5389,5489,5592,5710"
                    }
                },
                {
                    "source": "C:\\Users\\Mudassar\\.gradle\\caches\\transforms-2\\files-2.1\\4bb36207c20871865b7b6196a54ae023\\jetified-play-services-basement-17.0.0\\res\\values-my\\values.xml",
                    "from": {
                        "startLines": "4",
                        "startColumns": "0",
                        "startOffsets": "247",
                        "endColumns": "212",
                        "endOffsets": "459"
                    },
                    "to": {
                        "startLines": "37",
                        "startColumns": "4",
                        "startOffsets": "4058",
                        "endColumns": "212",
                        "endOffsets": "4266"
                    }
                },
                {
                    "source": "C:\\Users\\Mudassar\\.gradle\\caches\\transforms-2\\files-2.1\\d7e0c950707e021378551cecb6624e83\\core-1.1.0\\res\\values-my\\values-my.xml",
                    "from": {
                        "startLines": "2",
                        "startColumns": "4",
                        "startOffsets": "55",
                        "endColumns": "100",
                        "endOffsets": "151"
                    },
                    "to": {
                        "startLines": "61",
                        "startColumns": "4",
                        "startOffsets": "6931",
                        "endColumns": "100",
                        "endOffsets": "7027"
                    }
                },
                {
                    "source": "C:\\Users\\Mudassar\\.gradle\\caches\\transforms-2\\files-2.1\\78e7d3f5487dbf3c8bd1a75d0d68a2a0\\appcompat-1.1.0\\res\\values-my\\values-my.xml",
                    "from": {
                        "startLines": "2,3,4,5,6,7,8,9,10,11,12,13,14,15,16,17,18,19,20,21,22,23,24,25,26,27,28,29",
                        "startColumns": "4,4,4,4,4,4,4,4,4,4,4,4,4,4,4,4,4,4,4,4,4,4,4,4,4,4,4,4",
                        "startOffsets": "105,218,325,441,528,637,760,842,924,1015,1107,1202,1296,1397,1490,1585,1679,1770,1861,1945,2060,2169,2268,2394,2501,2609,2769,2872",
                        "endColumns": "112,106,115,86,108,122,81,81,90,91,94,93,100,92,94,93,90,90,83,114,108,98,125,106,107,159,102,84",
                        "endOffsets": "213,320,436,523,632,755,837,919,1010,1102,1197,1291,1392,1485,1580,1674,1765,1856,1940,2055,2164,2263,2389,2496,2604,2764,2867,2952"
                    },
                    "to": {
                        "startLines": "2,3,4,5,6,7,8,9,10,11,12,13,14,15,16,17,18,19,20,21,22,23,24,25,26,27,28,60",
                        "startColumns": "4,4,4,4,4,4,4,4,4,4,4,4,4,4,4,4,4,4,4,4,4,4,4,4,4,4,4,4",
                        "startOffsets": "105,218,325,441,528,637,760,842,924,1015,1107,1202,1296,1397,1490,1585,1679,1770,1861,1945,2060,2169,2268,2394,2501,2609,2769,6846",
                        "endColumns": "112,106,115,86,108,122,81,81,90,91,94,93,100,92,94,93,90,90,83,114,108,98,125,106,107,159,102,84",
                        "endOffsets": "213,320,436,523,632,755,837,919,1010,1102,1197,1291,1392,1485,1580,1674,1765,1856,1940,2055,2164,2263,2389,2496,2604,2764,2867,6926"
                    }
                }
            ]
        }
    ]
}