{
    "logs": [
        {
            "outputFile": "D:\\1 BSCS 8TH\\CarController\\app\\build\\intermediates\\incremental\\mergeDebugResources\\merged.dir\\values-es-rUS\\values-es-rUS.xml",
            "map": [
                {
                    "source": "C:\\Users\\Mudassar\\.gradle\\caches\\transforms-2\\files-2.1\\d7e0c950707e021378551cecb6624e83\\core-1.1.0\\res\\values-es-rUS\\values-es-rUS.xml",
                    "from": {
                        "startLines": "2",
                        "startColumns": "4",
                        "startOffsets": "55",
                        "endColumns": "100",
                        "endOffsets": "151"
                    },
                    "to": {
                        "startLines": "61",
                        "startColumns": "4",
                        "startOffsets": "6881",
                        "endColumns": "100",
                        "endOffsets": "6977"
                    }
                },
                {
                    "source": "C:\\Users\\Mudassar\\.gradle\\caches\\transforms-2\\files-2.1\\9350583047d9d28e7a4708239acec4f1\\jetified-firebase-messaging-20.0.0\\res\\values-es-rUS\\values.xml",
                    "from": {
                        "startLines": "4",
                        "startColumns": "0",
                        "startOffsets": "209",
                        "endColumns": "100",
                        "endOffsets": "309"
                    },
                    "to": {
                        "startLines": "47",
                        "startColumns": "4",
                        "startOffsets": "5639",
                        "endColumns": "104",
                        "endOffsets": "5739"
                    }
                },
                {
                    "source": "C:\\Users\\Mudassar\\.gradle\\caches\\transforms-2\\files-2.1\\d835d2effcd8e97c306f6a50688d9a8a\\jetified-places-compat-1.0.0\\res\\values-es-rUS\\values.xml",
                    "from": {
                        "startLines": "4,5,6,7,8,9,10,11",
                        "startColumns": "0,0,0,0,0,0,0,0",
                        "startOffsets": "188,261,326,430,493,540,617,712",
                        "endColumns": "72,64,103,62,46,76,94,51",
                        "endOffsets": "260,325,429,492,539,616,711,763"
                    },
                    "to": {
                        "startLines": "52,53,54,55,56,57,58,59",
                        "startColumns": "4,4,4,4,4,4,4,4",
                        "startOffsets": "6191,6268,6337,6445,6512,6563,6644,6743",
                        "endColumns": "76,68,107,66,50,80,98,55",
                        "endOffsets": "6263,6332,6440,6507,6558,6639,6738,6794"
                    }
                },
                {
                    "source": "C:\\Users\\Mudassar\\.gradle\\caches\\transforms-2\\files-2.1\\222cdc43ab70d3d702638d878ca1cedb\\jetified-navigation-ui-2.1.0\\res\\values-es-rUS\\values-es-rUS.xml",
                    "from": {
                        "startLines": "2,3",
                        "startColumns": "4,4",
                        "startOffsets": "55,170",
                        "endColumns": "114,127",
                        "endOffsets": "165,293"
                    },
                    "to": {
                        "startLines": "48,49",
                        "startColumns": "4,4",
                        "startOffsets": "5744,5859",
                        "endColumns": "114,127",
                        "endOffsets": "5854,5982"
                    }
                },
                {
                    "source": "C:\\Users\\Mudassar\\.gradle\\caches\\transforms-2\\files-2.1\\4d90089bba98735a4773fb5da4aac47c\\jetified-play-services-places-16.0.0\\res\\values-es-rUS\\values.xml",
                    "from": {
                        "startLines": "4,5",
                        "startColumns": "0,0",
                        "startOffsets": "197,299",
                        "endColumns": "101,93",
                        "endOffsets": "298,392"
                    },
                    "to": {
                        "startLines": "50,51",
                        "startColumns": "4,4",
                        "startOffsets": "5987,6093",
                        "endColumns": "105,97",
                        "endOffsets": "6088,6186"
                    }
                },
                {
                    "source": "C:\\Users\\Mudassar\\.gradle\\caches\\transforms-2\\files-2.1\\fc1a205467b5c433350d5b0560a1781f\\play-services-base-17.1.0\\res\\values-es-rUS\\values.xml",
                    "from": {
                        "startLines": "4,5,6,7,8,9,10,11,12,13,14,15,16,17,18,19,20",
                        "startColumns": "0,0,0,0,0,0,0,0,0,0,0,0,0,0,0,0,0",
                        "startOffsets": "249,355,553,683,789,1009,1138,1287,1418,1648,1755,1956,2087,2323,2527,2623,2711",
                        "endColumns": "105,197,129,105,219,128,148,130,229,106,200,130,235,203,95,87,102",
                        "endOffsets": "354,552,682,788,1008,1137,1286,1417,1647,1754,1955,2086,2322,2526,2622,2710,2813"
                    },
                    "to": {
                        "startLines": "29,30,31,32,33,34,35,36,38,39,40,41,42,43,44,45,46",
                        "startColumns": "4,4,4,4,4,4,4,4,4,4,4,4,4,4,4,4,4",
                        "startOffsets": "2821,2931,3129,3263,3373,3593,3726,3879,4219,4449,4560,4761,4896,5132,5340,5440,5532",
                        "endColumns": "109,197,133,109,219,132,152,134,229,110,200,134,235,207,99,91,106",
                        "endOffsets": "2926,3124,3258,3368,3588,3721,3874,4009,4444,4555,4756,4891,5127,5335,5435,5527,5634"
                    }
                },
                {
                    "source": "C:\\Users\\Mudassar\\.gradle\\caches\\transforms-2\\files-2.1\\78e7d3f5487dbf3c8bd1a75d0d68a2a0\\appcompat-1.1.0\\res\\values-es-rUS\\values-es-rUS.xml",
                    "from": {
                        "startLines": "2,3,4,5,6,7,8,9,10,11,12,13,14,15,16,17,18,19,20,21,22,23,24,25,26,27,28,29",
                        "startColumns": "4,4,4,4,4,4,4,4,4,4,4,4,4,4,4,4,4,4,4,4,4,4,4,4,4,4,4,4",
                        "startOffsets": "105,225,334,442,527,629,745,830,911,1002,1094,1189,1283,1383,1476,1575,1671,1762,1853,1934,2041,2140,2239,2347,2455,2562,2721,2821",
                        "endColumns": "119,108,107,84,101,115,84,80,90,91,94,93,99,92,98,95,90,90,80,106,98,98,107,107,106,158,99,81",
                        "endOffsets": "220,329,437,522,624,740,825,906,997,1089,1184,1278,1378,1471,1570,1666,1757,1848,1929,2036,2135,2234,2342,2450,2557,2716,2816,2898"
                    },
                    "to": {
                        "startLines": "2,3,4,5,6,7,8,9,10,11,12,13,14,15,16,17,18,19,20,21,22,23,24,25,26,27,28,60",
                        "startColumns": "4,4,4,4,4,4,4,4,4,4,4,4,4,4,4,4,4,4,4,4,4,4,4,4,4,4,4,4",
                        "startOffsets": "105,225,334,442,527,629,745,830,911,1002,1094,1189,1283,1383,1476,1575,1671,1762,1853,1934,2041,2140,2239,2347,2455,2562,2721,6799",
                        "endColumns": "119,108,107,84,101,115,84,80,90,91,94,93,99,92,98,95,90,90,80,106,98,98,107,107,106,158,99,81",
                        "endOffsets": "220,329,437,522,624,740,825,906,997,1089,1184,1278,1378,1471,1570,1666,1757,1848,1929,2036,2135,2234,2342,2450,2557,2716,2816,6876"
                    }
                },
                {
                    "source": "C:\\Users\\Mudassar\\.gradle\\caches\\transforms-2\\files-2.1\\4bb36207c20871865b7b6196a54ae023\\jetified-play-services-basement-17.0.0\\res\\values-es-rUS\\values.xml",
                    "from": {
                        "startLines": "4",
                        "startColumns": "0",
                        "startOffsets": "251",
                        "endColumns": "204",
                        "endOffsets": "455"
                    },
                    "to": {
                        "startLines": "37",
                        "startColumns": "4",
                        "startOffsets": "4014",
                        "endColumns": "204",
                        "endOffsets": "4214"
                    }
                }
            ]
        }
    ]
}