{
    "logs": [
        {
            "outputFile": "D:\\1 BSCS 8TH\\CarController\\app\\build\\intermediates\\incremental\\mergeDebugResources\\merged.dir\\values-vi\\values-vi.xml",
            "map": [
                {
                    "source": "C:\\Users\\Mudassar\\.gradle\\caches\\transforms-2\\files-2.1\\4bb36207c20871865b7b6196a54ae023\\jetified-play-services-basement-17.0.0\\res\\values-vi\\values.xml",
                    "from": {
                        "startLines": "4",
                        "startColumns": "0",
                        "startOffsets": "247",
                        "endColumns": "194",
                        "endOffsets": "441"
                    },
                    "to": {
                        "startLines": "39",
                        "startColumns": "4",
                        "startOffsets": "4096",
                        "endColumns": "194",
                        "endOffsets": "4286"
                    }
                },
                {
                    "source": "C:\\Users\\Mudassar\\.gradle\\caches\\transforms-2\\files-2.1\\9350583047d9d28e7a4708239acec4f1\\jetified-firebase-messaging-20.0.0\\res\\values-vi\\values.xml",
                    "from": {
                        "startLines": "4",
                        "startColumns": "0",
                        "startOffsets": "205",
                        "endColumns": "98",
                        "endOffsets": "303"
                    },
                    "to": {
                        "startLines": "49",
                        "startColumns": "4",
                        "startOffsets": "5663",
                        "endColumns": "102",
                        "endOffsets": "5761"
                    }
                },
                {
                    "source": "C:\\Users\\Mudassar\\.gradle\\caches\\transforms-2\\files-2.1\\222cdc43ab70d3d702638d878ca1cedb\\jetified-navigation-ui-2.1.0\\res\\values-vi\\values-vi.xml",
                    "from": {
                        "startLines": "2,3",
                        "startColumns": "4,4",
                        "startOffsets": "55,163",
                        "endColumns": "107,112",
                        "endOffsets": "158,271"
                    },
                    "to": {
                        "startLines": "50,51",
                        "startColumns": "4,4",
                        "startOffsets": "5766,5874",
                        "endColumns": "107,112",
                        "endOffsets": "5869,5982"
                    }
                },
                {
                    "source": "C:\\Users\\Mudassar\\.gradle\\caches\\transforms-2\\files-2.1\\d7e0c950707e021378551cecb6624e83\\core-1.1.0\\res\\values-vi\\values-vi.xml",
                    "from": {
                        "startLines": "2",
                        "startColumns": "4",
                        "startOffsets": "55",
                        "endColumns": "100",
                        "endOffsets": "151"
                    },
                    "to": {
                        "startLines": "63",
                        "startColumns": "4",
                        "startOffsets": "6848",
                        "endColumns": "100",
                        "endOffsets": "6944"
                    }
                },
                {
                    "source": "C:\\Users\\Mudassar\\.gradle\\caches\\transforms-2\\files-2.1\\78e7d3f5487dbf3c8bd1a75d0d68a2a0\\appcompat-1.1.0\\res\\values-vi\\values-vi.xml",
                    "from": {
                        "startLines": "2,3,4,5,6,7,8,9,10,11,12,13,14,15,16,17,18,19,20,21,22,23,24,25,26,27,28,29",
                        "startColumns": "4,4,4,4,4,4,4,4,4,4,4,4,4,4,4,4,4,4,4,4,4,4,4,4,4,4,4,4",
                        "startOffsets": "105,212,314,423,507,610,729,807,884,975,1067,1162,1256,1357,1450,1545,1639,1730,1821,1904,2008,2116,2217,2322,2437,2542,2699,2798",
                        "endColumns": "106,101,108,83,102,118,77,76,90,91,94,93,100,92,94,93,90,90,82,103,107,100,104,114,104,156,98,83",
                        "endOffsets": "207,309,418,502,605,724,802,879,970,1062,1157,1251,1352,1445,1540,1634,1725,1816,1899,2003,2111,2212,2317,2432,2537,2694,2793,2877"
                    },
                    "to": {
                        "startLines": "2,3,4,5,6,7,8,9,10,11,12,13,14,15,16,17,18,19,20,21,22,23,24,25,26,27,28,62",
                        "startColumns": "4,4,4,4,4,4,4,4,4,4,4,4,4,4,4,4,4,4,4,4,4,4,4,4,4,4,4,4",
                        "startOffsets": "105,212,314,423,507,610,729,807,884,975,1067,1162,1256,1357,1450,1545,1639,1730,1821,1904,2008,2116,2217,2322,2437,2542,2699,6764",
                        "endColumns": "106,101,108,83,102,118,77,76,90,91,94,93,100,92,94,93,90,90,82,103,107,100,104,114,104,156,98,83",
                        "endOffsets": "207,309,418,502,605,724,802,879,970,1062,1157,1251,1352,1445,1540,1634,1725,1816,1899,2003,2111,2212,2317,2432,2537,2694,2793,6843"
                    }
                },
                {
                    "source": "C:\\Users\\Mudassar\\.gradle\\caches\\transforms-2\\files-2.1\\d835d2effcd8e97c306f6a50688d9a8a\\jetified-places-compat-1.0.0\\res\\values-vi\\values.xml",
                    "from": {
                        "startLines": "4,5,6,7,8,9,10,11",
                        "startColumns": "0,0,0,0,0,0,0,0",
                        "startOffsets": "184,263,331,426,491,533,603,679",
                        "endColumns": "78,67,94,64,41,69,75,48",
                        "endOffsets": "262,330,425,490,532,602,678,727"
                    },
                    "to": {
                        "startLines": "54,55,56,57,58,59,60,61",
                        "startColumns": "4,4,4,4,4,4,4,4",
                        "startOffsets": "6188,6271,6343,6442,6511,6557,6631,6711",
                        "endColumns": "82,71,98,68,45,73,79,52",
                        "endOffsets": "6266,6338,6437,6506,6552,6626,6706,6759"
                    }
                },
                {
                    "source": "C:\\Users\\Mudassar\\.gradle\\caches\\transforms-2\\files-2.1\\2c829cd8480f9c4cc065b3508607ae1b\\AppIntro-5.1.0\\res\\values-vi\\values-vi.xml",
                    "from": {
                        "startLines": "2,3",
                        "startColumns": "4,4",
                        "startOffsets": "55,116",
                        "endColumns": "60,56",
                        "endOffsets": "111,168"
                    },
                    "to": {
                        "startLines": "29,30",
                        "startColumns": "4,4",
                        "startOffsets": "2798,2859",
                        "endColumns": "60,56",
                        "endOffsets": "2854,2911"
                    }
                },
                {
                    "source": "C:\\Users\\Mudassar\\.gradle\\caches\\transforms-2\\files-2.1\\4d90089bba98735a4773fb5da4aac47c\\jetified-play-services-places-16.0.0\\res\\values-vi\\values.xml",
                    "from": {
                        "startLines": "4,5",
                        "startColumns": "0,0",
                        "startOffsets": "193,292",
                        "endColumns": "98,93",
                        "endOffsets": "291,385"
                    },
                    "to": {
                        "startLines": "52,53",
                        "startColumns": "4,4",
                        "startOffsets": "5987,6090",
                        "endColumns": "102,97",
                        "endOffsets": "6085,6183"
                    }
                },
                {
                    "source": "C:\\Users\\Mudassar\\.gradle\\caches\\transforms-2\\files-2.1\\fc1a205467b5c433350d5b0560a1781f\\play-services-base-17.1.0\\res\\values-vi\\values.xml",
                    "from": {
                        "startLines": "4,5,6,7,8,9,10,11,12,13,14,15,16,17,18,19,20",
                        "startColumns": "0,0,0,0,0,0,0,0,0,0,0,0,0,0,0,0,0",
                        "startOffsets": "245,345,539,662,767,991,1119,1272,1401,1641,1746,1938,2066,2284,2459,2553,2643",
                        "endColumns": "99,193,122,104,223,127,152,128,239,104,191,127,217,174,93,89,105",
                        "endOffsets": "344,538,661,766,990,1118,1271,1400,1640,1745,1937,2065,2283,2458,2552,2642,2748"
                    },
                    "to": {
                        "startLines": "31,32,33,34,35,36,37,38,40,41,42,43,44,45,46,47,48",
                        "startColumns": "4,4,4,4,4,4,4,4,4,4,4,4,4,4,4,4,4",
                        "startOffsets": "2916,3020,3214,3341,3450,3674,3806,3963,4291,4531,4640,4832,4964,5182,5361,5459,5553",
                        "endColumns": "103,193,126,108,223,131,156,132,239,108,191,131,217,178,97,93,109",
                        "endOffsets": "3015,3209,3336,3445,3669,3801,3958,4091,4526,4635,4827,4959,5177,5356,5454,5548,5658"
                    }
                }
            ]
        }
    ]
}