{
    "logs": [
        {
            "outputFile": "D:\\1 BSCS 8TH\\CarController\\app\\build\\intermediates\\incremental\\mergeDebugResources\\merged.dir\\values-night-v8\\values-night-v8.xml",
            "map": [
                {
                    "source": "C:\\Users\\Mudassar\\.gradle\\caches\\transforms-2\\files-2.1\\d002a626b16cb07b5e35213d375ca581\\material-1.1.0-alpha04\\res\\values-night-v8\\values-night-v8.xml",
                    "from": {
                        "startLines": "2,3,4,5,6,7,8",
                        "startColumns": "4,4,4,4,4,4,4",
                        "startOffsets": "55,143,245,347,461,581,701",
                        "endColumns": "87,101,101,113,119,119,111",
                        "endOffsets": "138,240,342,456,576,696,808"
                    },
                    "to": {
                        "startLines": "9,10,11,12,13,14,15",
                        "startColumns": "4,4,4,4,4,4,4",
                        "startOffsets": "687,775,877,979,1093,1213,1333",
                        "endColumns": "87,101,101,113,119,119,111",
                        "endOffsets": "770,872,974,1088,1208,1328,1440"
                    }
                },
                {
                    "source": "C:\\Users\\Mudassar\\.gradle\\caches\\transforms-2\\files-2.1\\78e7d3f5487dbf3c8bd1a75d0d68a2a0\\appcompat-1.1.0\\res\\values-night-v8\\values-night-v8.xml",
                    "from": {
                        "startLines": "2,3,4,5,6,7,8,9",
                        "startColumns": "4,4,4,4,4,4,4,4",
                        "startOffsets": "55,125,209,293,389,491,593,687",
                        "endColumns": "69,83,83,95,101,101,93,88",
                        "endOffsets": "120,204,288,384,486,588,682,771"
                    },
                    "to": {
                        "startLines": "2,3,4,5,6,7,8,16",
                        "startColumns": "4,4,4,4,4,4,4,4",
                        "startOffsets": "55,125,209,293,389,491,593,1445",
                        "endColumns": "69,83,83,95,101,101,93,88",
                        "endOffsets": "120,204,288,384,486,588,682,1529"
                    }
                }
            ]
        }
    ]
}