{
    "logs": [
        {
            "outputFile": "D:\\1 BSCS 8TH\\CarController\\app\\build\\intermediates\\incremental\\mergeDebugResources\\merged.dir\\values-bg\\values-bg.xml",
            "map": [
                {
                    "source": "C:\\Users\\Mudassar\\.gradle\\caches\\transforms-2\\files-2.1\\d835d2effcd8e97c306f6a50688d9a8a\\jetified-places-compat-1.0.0\\res\\values-bg\\values.xml",
                    "from": {
                        "startLines": "4,5,6,7,8,9,10,11",
                        "startColumns": "0,0,0,0,0,0,0,0",
                        "startOffsets": "184,265,330,420,484,528,600,693",
                        "endColumns": "80,64,89,63,43,71,92,49",
                        "endOffsets": "264,329,419,483,527,599,692,742"
                    },
                    "to": {
                        "startLines": "52,53,54,55,56,57,58,59",
                        "startColumns": "4,4,4,4,4,4,4,4",
                        "startOffsets": "6202,6287,6356,6450,6518,6566,6642,6739",
                        "endColumns": "84,68,93,67,47,75,96,53",
                        "endOffsets": "6282,6351,6445,6513,6561,6637,6734,6788"
                    }
                },
                {
                    "source": "C:\\Users\\Mudassar\\.gradle\\caches\\transforms-2\\files-2.1\\4bb36207c20871865b7b6196a54ae023\\jetified-play-services-basement-17.0.0\\res\\values-bg\\values.xml",
                    "from": {
                        "startLines": "4",
                        "startColumns": "0",
                        "startOffsets": "247",
                        "endColumns": "196",
                        "endOffsets": "443"
                    },
                    "to": {
                        "startLines": "37",
                        "startColumns": "4",
                        "startOffsets": "4062",
                        "endColumns": "196",
                        "endOffsets": "4254"
                    }
                },
                {
                    "source": "C:\\Users\\Mudassar\\.gradle\\caches\\transforms-2\\files-2.1\\d7e0c950707e021378551cecb6624e83\\core-1.1.0\\res\\values-bg\\values-bg.xml",
                    "from": {
                        "startLines": "2",
                        "startColumns": "4",
                        "startOffsets": "55",
                        "endColumns": "100",
                        "endOffsets": "151"
                    },
                    "to": {
                        "startLines": "61",
                        "startColumns": "4",
                        "startOffsets": "6876",
                        "endColumns": "100",
                        "endOffsets": "6972"
                    }
                },
                {
                    "source": "C:\\Users\\Mudassar\\.gradle\\caches\\transforms-2\\files-2.1\\222cdc43ab70d3d702638d878ca1cedb\\jetified-navigation-ui-2.1.0\\res\\values-bg\\values-bg.xml",
                    "from": {
                        "startLines": "2,3",
                        "startColumns": "4,4",
                        "startOffsets": "55,168",
                        "endColumns": "112,123",
                        "endOffsets": "163,287"
                    },
                    "to": {
                        "startLines": "48,49",
                        "startColumns": "4,4",
                        "startOffsets": "5754,5867",
                        "endColumns": "112,123",
                        "endOffsets": "5862,5986"
                    }
                },
                {
                    "source": "C:\\Users\\Mudassar\\.gradle\\caches\\transforms-2\\files-2.1\\fc1a205467b5c433350d5b0560a1781f\\play-services-base-17.1.0\\res\\values-bg\\values.xml",
                    "from": {
                        "startLines": "4,5,6,7,8,9,10,11,12,13,14,15,16,17,18,19,20",
                        "startColumns": "0,0,0,0,0,0,0,0,0,0,0,0,0,0,0,0,0",
                        "startOffsets": "245,352,549,682,791,1017,1150,1295,1429,1657,1767,1973,2109,2325,2517,2613,2698",
                        "endColumns": "106,196,132,108,225,132,144,133,227,109,205,135,215,191,95,84,97",
                        "endOffsets": "351,548,681,790,1016,1149,1294,1428,1656,1766,1972,2108,2324,2516,2612,2697,2795"
                    },
                    "to": {
                        "startLines": "29,30,31,32,33,34,35,36,38,39,40,41,42,43,44,45,46",
                        "startColumns": "4,4,4,4,4,4,4,4,4,4,4,4,4,4,4,4,4",
                        "startOffsets": "2854,2965,3162,3299,3412,3638,3775,3924,4259,4487,4601,4807,4947,5163,5359,5459,5548",
                        "endColumns": "110,196,136,112,225,136,148,137,227,113,205,139,215,195,99,88,101",
                        "endOffsets": "2960,3157,3294,3407,3633,3770,3919,4057,4482,4596,4802,4942,5158,5354,5454,5543,5645"
                    }
                },
                {
                    "source": "C:\\Users\\Mudassar\\.gradle\\caches\\transforms-2\\files-2.1\\4d90089bba98735a4773fb5da4aac47c\\jetified-play-services-places-16.0.0\\res\\values-bg\\values.xml",
                    "from": {
                        "startLines": "4,5",
                        "startColumns": "0,0",
                        "startOffsets": "193,303",
                        "endColumns": "109,92",
                        "endOffsets": "302,395"
                    },
                    "to": {
                        "startLines": "50,51",
                        "startColumns": "4,4",
                        "startOffsets": "5991,6105",
                        "endColumns": "113,96",
                        "endOffsets": "6100,6197"
                    }
                },
                {
                    "source": "C:\\Users\\Mudassar\\.gradle\\caches\\transforms-2\\files-2.1\\78e7d3f5487dbf3c8bd1a75d0d68a2a0\\appcompat-1.1.0\\res\\values-bg\\values-bg.xml",
                    "from": {
                        "startLines": "2,3,4,5,6,7,8,9,10,11,12,13,14,15,16,17,18,19,20,21,22,23,24,25,26,27,28,29",
                        "startColumns": "4,4,4,4,4,4,4,4,4,4,4,4,4,4,4,4,4,4,4,4,4,4,4,4,4,4,4,4",
                        "startOffsets": "105,225,331,436,522,632,753,833,911,1002,1094,1189,1283,1384,1477,1572,1680,1771,1862,1944,2058,2166,2266,2380,2487,2595,2755,2854",
                        "endColumns": "119,105,104,85,109,120,79,77,90,91,94,93,100,92,94,107,90,90,81,113,107,99,113,106,107,159,98,82",
                        "endOffsets": "220,326,431,517,627,748,828,906,997,1089,1184,1278,1379,1472,1567,1675,1766,1857,1939,2053,2161,2261,2375,2482,2590,2750,2849,2932"
                    },
                    "to": {
                        "startLines": "2,3,4,5,6,7,8,9,10,11,12,13,14,15,16,17,18,19,20,21,22,23,24,25,26,27,28,60",
                        "startColumns": "4,4,4,4,4,4,4,4,4,4,4,4,4,4,4,4,4,4,4,4,4,4,4,4,4,4,4,4",
                        "startOffsets": "105,225,331,436,522,632,753,833,911,1002,1094,1189,1283,1384,1477,1572,1680,1771,1862,1944,2058,2166,2266,2380,2487,2595,2755,6793",
                        "endColumns": "119,105,104,85,109,120,79,77,90,91,94,93,100,92,94,107,90,90,81,113,107,99,113,106,107,159,98,82",
                        "endOffsets": "220,326,431,517,627,748,828,906,997,1089,1184,1278,1379,1472,1567,1675,1766,1857,1939,2053,2161,2261,2375,2482,2590,2750,2849,6871"
                    }
                },
                {
                    "source": "C:\\Users\\Mudassar\\.gradle\\caches\\transforms-2\\files-2.1\\9350583047d9d28e7a4708239acec4f1\\jetified-firebase-messaging-20.0.0\\res\\values-bg\\values.xml",
                    "from": {
                        "startLines": "4",
                        "startColumns": "0",
                        "startOffsets": "205",
                        "endColumns": "99",
                        "endOffsets": "304"
                    },
                    "to": {
                        "startLines": "47",
                        "startColumns": "4",
                        "startOffsets": "5650",
                        "endColumns": "103",
                        "endOffsets": "5749"
                    }
                }
            ]
        }
    ]
}