{
    "logs": [
        {
            "outputFile": "D:\\1 BSCS 8TH\\CarController\\app\\build\\intermediates\\incremental\\mergeDebugResources\\merged.dir\\values-ml\\values-ml.xml",
            "map": [
                {
                    "source": "C:\\Users\\Mudassar\\.gradle\\caches\\transforms-2\\files-2.1\\4bb36207c20871865b7b6196a54ae023\\jetified-play-services-basement-17.0.0\\res\\values-ml\\values.xml",
                    "from": {
                        "startLines": "4",
                        "startColumns": "0",
                        "startOffsets": "247",
                        "endColumns": "218",
                        "endOffsets": "465"
                    },
                    "to": {
                        "startLines": "37",
                        "startColumns": "4",
                        "startOffsets": "4070",
                        "endColumns": "218",
                        "endOffsets": "4284"
                    }
                },
                {
                    "source": "C:\\Users\\Mudassar\\.gradle\\caches\\transforms-2\\files-2.1\\78e7d3f5487dbf3c8bd1a75d0d68a2a0\\appcompat-1.1.0\\res\\values-ml\\values-ml.xml",
                    "from": {
                        "startLines": "2,3,4,5,6,7,8,9,10,11,12,13,14,15,16,17,18,19,20,21,22,23,24,25,26,27,28,29",
                        "startColumns": "4,4,4,4,4,4,4,4,4,4,4,4,4,4,4,4,4,4,4,4,4,4,4,4,4,4,4,4",
                        "startOffsets": "105,212,318,429,520,625,747,825,901,992,1084,1185,1279,1380,1474,1569,1668,1759,1850,1931,2040,2144,2243,2355,2467,2588,2753,2854",
                        "endColumns": "106,105,110,90,104,121,77,75,90,91,100,93,100,93,94,98,90,90,80,108,103,98,111,111,120,164,100,81",
                        "endOffsets": "207,313,424,515,620,742,820,896,987,1079,1180,1274,1375,1469,1564,1663,1754,1845,1926,2035,2139,2238,2350,2462,2583,2748,2849,2931"
                    },
                    "to": {
                        "startLines": "2,3,4,5,6,7,8,9,10,11,12,13,14,15,16,17,18,19,20,21,22,23,24,25,26,27,28,60",
                        "startColumns": "4,4,4,4,4,4,4,4,4,4,4,4,4,4,4,4,4,4,4,4,4,4,4,4,4,4,4,4",
                        "startOffsets": "105,212,318,429,520,625,747,825,901,992,1084,1185,1279,1380,1474,1569,1668,1759,1850,1931,2040,2144,2243,2355,2467,2588,2753,6857",
                        "endColumns": "106,105,110,90,104,121,77,75,90,91,100,93,100,93,94,98,90,90,80,108,103,98,111,111,120,164,100,81",
                        "endOffsets": "207,313,424,515,620,742,820,896,987,1079,1180,1274,1375,1469,1564,1663,1754,1845,1926,2035,2139,2238,2350,2462,2583,2748,2849,6934"
                    }
                },
                {
                    "source": "C:\\Users\\Mudassar\\.gradle\\caches\\transforms-2\\files-2.1\\d7e0c950707e021378551cecb6624e83\\core-1.1.0\\res\\values-ml\\values-ml.xml",
                    "from": {
                        "startLines": "2",
                        "startColumns": "4",
                        "startOffsets": "55",
                        "endColumns": "100",
                        "endOffsets": "151"
                    },
                    "to": {
                        "startLines": "61",
                        "startColumns": "4",
                        "startOffsets": "6939",
                        "endColumns": "100",
                        "endOffsets": "7035"
                    }
                },
                {
                    "source": "C:\\Users\\Mudassar\\.gradle\\caches\\transforms-2\\files-2.1\\fc1a205467b5c433350d5b0560a1781f\\play-services-base-17.1.0\\res\\values-ml\\values.xml",
                    "from": {
                        "startLines": "4,5,6,7,8,9,10,11,12,13,14,15,16,17,18,19,20",
                        "startColumns": "0,0,0,0,0,0,0,0,0,0,0,0,0,0,0,0,0",
                        "startOffsets": "245,362,573,710,829,1052,1175,1306,1437,1678,1792,1997,2131,2339,2526,2616,2711",
                        "endColumns": "116,210,136,118,222,122,130,130,240,113,204,133,207,186,89,94,116",
                        "endOffsets": "361,572,709,828,1051,1174,1305,1436,1677,1791,1996,2130,2338,2525,2615,2710,2827"
                    },
                    "to": {
                        "startLines": "29,30,31,32,33,34,35,36,38,39,40,41,42,43,44,45,46",
                        "startColumns": "4,4,4,4,4,4,4,4,4,4,4,4,4,4,4,4,4",
                        "startOffsets": "2854,2975,3186,3327,3450,3673,3800,3935,4289,4530,4648,4853,4991,5199,5390,5484,5583",
                        "endColumns": "120,210,140,122,222,126,134,134,240,117,204,137,207,190,93,98,120",
                        "endOffsets": "2970,3181,3322,3445,3668,3795,3930,4065,4525,4643,4848,4986,5194,5385,5479,5578,5699"
                    }
                },
                {
                    "source": "C:\\Users\\Mudassar\\.gradle\\caches\\transforms-2\\files-2.1\\222cdc43ab70d3d702638d878ca1cedb\\jetified-navigation-ui-2.1.0\\res\\values-ml\\values-ml.xml",
                    "from": {
                        "startLines": "2,3",
                        "startColumns": "4,4",
                        "startOffsets": "55,180",
                        "endColumns": "124,118",
                        "endOffsets": "175,294"
                    },
                    "to": {
                        "startLines": "48,49",
                        "startColumns": "4,4",
                        "startOffsets": "5807,5932",
                        "endColumns": "124,118",
                        "endOffsets": "5927,6046"
                    }
                },
                {
                    "source": "C:\\Users\\Mudassar\\.gradle\\caches\\transforms-2\\files-2.1\\4d90089bba98735a4773fb5da4aac47c\\jetified-play-services-places-16.0.0\\res\\values-ml\\values.xml",
                    "from": {
                        "startLines": "4,5",
                        "startColumns": "0,0",
                        "startOffsets": "193,301",
                        "endColumns": "107,91",
                        "endOffsets": "300,392"
                    },
                    "to": {
                        "startLines": "50,51",
                        "startColumns": "4,4",
                        "startOffsets": "6051,6163",
                        "endColumns": "111,95",
                        "endOffsets": "6158,6254"
                    }
                },
                {
                    "source": "C:\\Users\\Mudassar\\.gradle\\caches\\transforms-2\\files-2.1\\d835d2effcd8e97c306f6a50688d9a8a\\jetified-places-compat-1.0.0\\res\\values-ml\\values.xml",
                    "from": {
                        "startLines": "4,5,6,7,8,9,10,11",
                        "startColumns": "0,0,0,0,0,0,0,0",
                        "startOffsets": "184,257,332,432,494,543,609,690",
                        "endColumns": "72,74,99,61,48,65,80,59",
                        "endOffsets": "256,331,431,493,542,608,689,749"
                    },
                    "to": {
                        "startLines": "52,53,54,55,56,57,58,59",
                        "startColumns": "4,4,4,4,4,4,4,4",
                        "startOffsets": "6259,6336,6415,6519,6585,6638,6708,6793",
                        "endColumns": "76,78,103,65,52,69,84,63",
                        "endOffsets": "6331,6410,6514,6580,6633,6703,6788,6852"
                    }
                },
                {
                    "source": "C:\\Users\\Mudassar\\.gradle\\caches\\transforms-2\\files-2.1\\9350583047d9d28e7a4708239acec4f1\\jetified-firebase-messaging-20.0.0\\res\\values-ml\\values.xml",
                    "from": {
                        "startLines": "4",
                        "startColumns": "0",
                        "startOffsets": "205",
                        "endColumns": "98",
                        "endOffsets": "303"
                    },
                    "to": {
                        "startLines": "47",
                        "startColumns": "4",
                        "startOffsets": "5704",
                        "endColumns": "102",
                        "endOffsets": "5802"
                    }
                }
            ]
        }
    ]
}