{
    "logs": [
        {
            "outputFile": "D:\\1 BSCS 8TH\\CarController\\app\\build\\intermediates\\incremental\\mergeDebugResources\\merged.dir\\values-land\\values-land.xml",
            "map": [
                {
                    "source": "C:\\Users\\Mudassar\\.gradle\\caches\\transforms-2\\files-2.1\\d002a626b16cb07b5e35213d375ca581\\material-1.1.0-alpha04\\res\\values-land\\values-land.xml",
                    "from": {
                        "startLines": "2",
                        "startColumns": "4",
                        "startOffsets": "55",
                        "endLines": "5",
                        "endColumns": "10",
                        "endOffsets": "222"
                    },
                    "to": {
                        "startLines": "7",
                        "startColumns": "4",
                        "startOffsets": "412",
                        "endLines": "10",
                        "endColumns": "10",
                        "endOffsets": "579"
                    }
                },
                {
                    "source": "C:\\Users\\Mudassar\\.gradle\\caches\\transforms-2\\files-2.1\\1f4caf66e248e3688098eaaf0acf1fa0\\jetified-firebase-inappmessaging-display-17.0.4\\res\\values-land\\values-land.xml",
                    "from": {
                        "startLines": "2,3",
                        "startColumns": "4,4",
                        "startOffsets": "55,131",
                        "endColumns": "75,71",
                        "endOffsets": "126,198"
                    },
                    "to": {
                        "startLines": "5,6",
                        "startColumns": "4,4",
                        "startOffsets": "264,340",
                        "endColumns": "75,71",
                        "endOffsets": "335,407"
                    }
                },
                {
                    "source": "C:\\Users\\Mudassar\\.gradle\\caches\\transforms-2\\files-2.1\\78e7d3f5487dbf3c8bd1a75d0d68a2a0\\appcompat-1.1.0\\res\\values-land\\values-land.xml",
                    "from": {
                        "startLines": "2,3,4",
                        "startColumns": "4,4,4",
                        "startOffsets": "55,125,196",
                        "endColumns": "69,70,67",
                        "endOffsets": "120,191,259"
                    }
                }
            ]
        }
    ]
}