{
    "logs": [
        {
            "outputFile": "D:\\1 BSCS 8TH\\CarController\\app\\build\\intermediates\\incremental\\mergeDebugResources\\merged.dir\\values-as\\values-as.xml",
            "map": [
                {
                    "source": "C:\\Users\\Mudassar\\.gradle\\caches\\transforms-2\\files-2.1\\78e7d3f5487dbf3c8bd1a75d0d68a2a0\\appcompat-1.1.0\\res\\values-as\\values-as.xml",
                    "from": {
                        "startLines": "2,3,4,5,6,7,8,9,10,11,12,13,14,15,16,17,18,19,20,21,22,23,24,25,26,27,28,29",
                        "startColumns": "4,4,4,4,4,4,4,4,4,4,4,4,4,4,4,4,4,4,4,4,4,4,4,4,4,4,4,4",
                        "startOffsets": "105,213,312,419,510,612,732,809,885,976,1068,1163,1257,1358,1451,1546,1640,1731,1822,1907,2020,2128,2227,2336,2452,2572,2739,2841",
                        "endColumns": "107,98,106,90,101,119,76,75,90,91,94,93,100,92,94,93,90,90,84,112,107,98,108,115,119,166,101,81",
                        "endOffsets": "208,307,414,505,607,727,804,880,971,1063,1158,1252,1353,1446,1541,1635,1726,1817,1902,2015,2123,2222,2331,2447,2567,2734,2836,2918"
                    },
                    "to": {
                        "startLines": "2,3,4,5,6,7,8,9,10,11,12,13,14,15,16,17,18,19,20,21,22,23,24,25,26,27,28,58",
                        "startColumns": "4,4,4,4,4,4,4,4,4,4,4,4,4,4,4,4,4,4,4,4,4,4,4,4,4,4,4,4",
                        "startOffsets": "105,213,312,419,510,612,732,809,885,976,1068,1163,1257,1358,1451,1546,1640,1731,1822,1907,2020,2128,2227,2336,2452,2572,2739,6363",
                        "endColumns": "107,98,106,90,101,119,76,75,90,91,94,93,100,92,94,93,90,90,84,112,107,98,108,115,119,166,101,81",
                        "endOffsets": "208,307,414,505,607,727,804,880,971,1063,1158,1252,1353,1446,1541,1635,1726,1817,1902,2015,2123,2222,2331,2447,2567,2734,2836,6440"
                    }
                },
                {
                    "source": "C:\\Users\\Mudassar\\.gradle\\caches\\transforms-2\\files-2.1\\4bb36207c20871865b7b6196a54ae023\\jetified-play-services-basement-17.0.0\\res\\values-as\\values.xml",
                    "from": {
                        "startLines": "4",
                        "startColumns": "0",
                        "startOffsets": "247",
                        "endColumns": "184",
                        "endOffsets": "431"
                    },
                    "to": {
                        "startLines": "37",
                        "startColumns": "4",
                        "startOffsets": "3971",
                        "endColumns": "184",
                        "endOffsets": "4151"
                    }
                },
                {
                    "source": "C:\\Users\\Mudassar\\.gradle\\caches\\transforms-2\\files-2.1\\fc1a205467b5c433350d5b0560a1781f\\play-services-base-17.1.0\\res\\values-as\\values.xml",
                    "from": {
                        "startLines": "4,5,6,7,8,9,10,11,12,13,14,15,16,17,18,19,20",
                        "startColumns": "0,0,0,0,0,0,0,0,0,0,0,0,0,0,0,0,0",
                        "startOffsets": "245,351,536,657,765,954,1074,1213,1351,1553,1660,1841,1964,2156,2336,2422,2514",
                        "endColumns": "105,184,120,107,188,119,138,137,201,106,180,122,191,179,85,91,111",
                        "endOffsets": "350,535,656,764,953,1073,1212,1350,1552,1659,1840,1963,2155,2335,2421,2513,2625"
                    },
                    "to": {
                        "startLines": "29,30,31,32,33,34,35,36,38,39,40,41,42,43,44,45,46",
                        "startColumns": "4,4,4,4,4,4,4,4,4,4,4,4,4,4,4,4,4",
                        "startOffsets": "2841,2951,3136,3261,3373,3562,3686,3829,4156,4358,4469,4650,4777,4969,5153,5243,5339",
                        "endColumns": "109,184,124,111,188,123,142,141,201,110,180,126,191,183,89,95,115",
                        "endOffsets": "2946,3131,3256,3368,3557,3681,3824,3966,4353,4464,4645,4772,4964,5148,5238,5334,5450"
                    }
                },
                {
                    "source": "C:\\Users\\Mudassar\\.gradle\\caches\\transforms-2\\files-2.1\\d835d2effcd8e97c306f6a50688d9a8a\\jetified-places-compat-1.0.0\\res\\values-as\\values.xml",
                    "from": {
                        "startLines": "4,5,6,7,8,9,10,11",
                        "startColumns": "0,0,0,0,0,0,0,0",
                        "startOffsets": "184,261,329,415,482,530,603,678",
                        "endColumns": "76,67,85,66,47,72,74,55",
                        "endOffsets": "260,328,414,481,529,602,677,733"
                    },
                    "to": {
                        "startLines": "50,51,52,53,54,55,56,57",
                        "startColumns": "4,4,4,4,4,4,4,4",
                        "startOffsets": "5781,5862,5934,6024,6095,6147,6224,6303",
                        "endColumns": "80,71,89,70,51,76,78,59",
                        "endOffsets": "5857,5929,6019,6090,6142,6219,6298,6358"
                    }
                },
                {
                    "source": "C:\\Users\\Mudassar\\.gradle\\caches\\transforms-2\\files-2.1\\d7e0c950707e021378551cecb6624e83\\core-1.1.0\\res\\values-as\\values-as.xml",
                    "from": {
                        "startLines": "2",
                        "startColumns": "4",
                        "startOffsets": "55",
                        "endColumns": "100",
                        "endOffsets": "151"
                    },
                    "to": {
                        "startLines": "59",
                        "startColumns": "4",
                        "startOffsets": "6445",
                        "endColumns": "100",
                        "endOffsets": "6541"
                    }
                },
                {
                    "source": "C:\\Users\\Mudassar\\.gradle\\caches\\transforms-2\\files-2.1\\222cdc43ab70d3d702638d878ca1cedb\\jetified-navigation-ui-2.1.0\\res\\values-as\\values-as.xml",
                    "from": {
                        "startLines": "2,3",
                        "startColumns": "4,4",
                        "startOffsets": "55,160",
                        "endColumns": "104,116",
                        "endOffsets": "155,272"
                    },
                    "to": {
                        "startLines": "48,49",
                        "startColumns": "4,4",
                        "startOffsets": "5559,5664",
                        "endColumns": "104,116",
                        "endOffsets": "5659,5776"
                    }
                },
                {
                    "source": "C:\\Users\\Mudassar\\.gradle\\caches\\transforms-2\\files-2.1\\9350583047d9d28e7a4708239acec4f1\\jetified-firebase-messaging-20.0.0\\res\\values-as\\values.xml",
                    "from": {
                        "startLines": "4",
                        "startColumns": "0",
                        "startOffsets": "205",
                        "endColumns": "99",
                        "endOffsets": "304"
                    },
                    "to": {
                        "startLines": "47",
                        "startColumns": "4",
                        "startOffsets": "5455",
                        "endColumns": "103",
                        "endOffsets": "5554"
                    }
                }
            ]
        }
    ]
}