{
    "logs": [
        {
            "outputFile": "D:\\1 BSCS 8TH\\CarController\\app\\build\\intermediates\\incremental\\mergeDebugResources\\merged.dir\\values-te\\values-te.xml",
            "map": [
                {
                    "source": "C:\\Users\\Mudassar\\.gradle\\caches\\transforms-2\\files-2.1\\9350583047d9d28e7a4708239acec4f1\\jetified-firebase-messaging-20.0.0\\res\\values-te\\values.xml",
                    "from": {
                        "startLines": "4",
                        "startColumns": "0",
                        "startOffsets": "205",
                        "endColumns": "100",
                        "endOffsets": "305"
                    },
                    "to": {
                        "startLines": "47",
                        "startColumns": "4",
                        "startOffsets": "5522",
                        "endColumns": "104",
                        "endOffsets": "5622"
                    }
                },
                {
                    "source": "C:\\Users\\Mudassar\\.gradle\\caches\\transforms-2\\files-2.1\\4d90089bba98735a4773fb5da4aac47c\\jetified-play-services-places-16.0.0\\res\\values-te\\values.xml",
                    "from": {
                        "startLines": "4,5",
                        "startColumns": "0,0",
                        "startOffsets": "193,300",
                        "endColumns": "106,94",
                        "endOffsets": "299,394"
                    },
                    "to": {
                        "startLines": "50,51",
                        "startColumns": "4,4",
                        "startOffsets": "5863,5974",
                        "endColumns": "110,98",
                        "endOffsets": "5969,6068"
                    }
                },
                {
                    "source": "C:\\Users\\Mudassar\\.gradle\\caches\\transforms-2\\files-2.1\\222cdc43ab70d3d702638d878ca1cedb\\jetified-navigation-ui-2.1.0\\res\\values-te\\values-te.xml",
                    "from": {
                        "startLines": "2,3",
                        "startColumns": "4,4",
                        "startOffsets": "55,168",
                        "endColumns": "112,122",
                        "endOffsets": "163,286"
                    },
                    "to": {
                        "startLines": "48,49",
                        "startColumns": "4,4",
                        "startOffsets": "5627,5740",
                        "endColumns": "112,122",
                        "endOffsets": "5735,5858"
                    }
                },
                {
                    "source": "C:\\Users\\Mudassar\\.gradle\\caches\\transforms-2\\files-2.1\\fc1a205467b5c433350d5b0560a1781f\\play-services-base-17.1.0\\res\\values-te\\values.xml",
                    "from": {
                        "startLines": "4,5,6,7,8,9,10,11,12,13,14,15,16,17,18,19,20",
                        "startColumns": "0,0,0,0,0,0,0,0,0,0,0,0,0,0,0,0,0",
                        "startOffsets": "245,353,539,667,780,976,1099,1230,1355,1563,1673,1857,1983,2193,2382,2472,2568",
                        "endColumns": "107,185,127,112,195,122,130,124,207,109,183,125,209,188,89,95,106",
                        "endOffsets": "352,538,666,779,975,1098,1229,1354,1562,1672,1856,1982,2192,2381,2471,2567,2674"
                    },
                    "to": {
                        "startLines": "29,30,31,32,33,34,35,36,38,39,40,41,42,43,44,45,46",
                        "startColumns": "4,4,4,4,4,4,4,4,4,4,4,4,4,4,4,4,4",
                        "startOffsets": "2845,2957,3143,3275,3392,3588,3715,3850,4178,4386,4500,4684,4814,5024,5217,5311,5411",
                        "endColumns": "111,185,131,116,195,126,134,128,207,113,183,129,209,192,93,99,110",
                        "endOffsets": "2952,3138,3270,3387,3583,3710,3845,3974,4381,4495,4679,4809,5019,5212,5306,5406,5517"
                    }
                },
                {
                    "source": "C:\\Users\\Mudassar\\.gradle\\caches\\transforms-2\\files-2.1\\d7e0c950707e021378551cecb6624e83\\core-1.1.0\\res\\values-te\\values-te.xml",
                    "from": {
                        "startLines": "2",
                        "startColumns": "4",
                        "startOffsets": "55",
                        "endColumns": "100",
                        "endOffsets": "151"
                    },
                    "to": {
                        "startLines": "61",
                        "startColumns": "4",
                        "startOffsets": "6744",
                        "endColumns": "100",
                        "endOffsets": "6840"
                    }
                },
                {
                    "source": "C:\\Users\\Mudassar\\.gradle\\caches\\transforms-2\\files-2.1\\4bb36207c20871865b7b6196a54ae023\\jetified-play-services-basement-17.0.0\\res\\values-te\\values.xml",
                    "from": {
                        "startLines": "4",
                        "startColumns": "0",
                        "startOffsets": "247",
                        "endColumns": "198",
                        "endOffsets": "445"
                    },
                    "to": {
                        "startLines": "37",
                        "startColumns": "4",
                        "startOffsets": "3979",
                        "endColumns": "198",
                        "endOffsets": "4173"
                    }
                },
                {
                    "source": "C:\\Users\\Mudassar\\.gradle\\caches\\transforms-2\\files-2.1\\78e7d3f5487dbf3c8bd1a75d0d68a2a0\\appcompat-1.1.0\\res\\values-te\\values-te.xml",
                    "from": {
                        "startLines": "2,3,4,5,6,7,8,9,10,11,12,13,14,15,16,17,18,19,20,21,22,23,24,25,26,27,28,29",
                        "startColumns": "4,4,4,4,4,4,4,4,4,4,4,4,4,4,4,4,4,4,4,4,4,4,4,4,4,4,4,4",
                        "startOffsets": "105,222,334,445,535,640,759,837,914,1005,1097,1192,1286,1387,1480,1575,1670,1761,1852,1934,2048,2150,2247,2362,2465,2580,2742,2845",
                        "endColumns": "116,111,110,89,104,118,77,76,90,91,94,93,100,92,94,94,90,90,81,113,101,96,114,102,114,161,102,79",
                        "endOffsets": "217,329,440,530,635,754,832,909,1000,1092,1187,1281,1382,1475,1570,1665,1756,1847,1929,2043,2145,2242,2357,2460,2575,2737,2840,2920"
                    },
                    "to": {
                        "startLines": "2,3,4,5,6,7,8,9,10,11,12,13,14,15,16,17,18,19,20,21,22,23,24,25,26,27,28,60",
                        "startColumns": "4,4,4,4,4,4,4,4,4,4,4,4,4,4,4,4,4,4,4,4,4,4,4,4,4,4,4,4",
                        "startOffsets": "105,222,334,445,535,640,759,837,914,1005,1097,1192,1286,1387,1480,1575,1670,1761,1852,1934,2048,2150,2247,2362,2465,2580,2742,6664",
                        "endColumns": "116,111,110,89,104,118,77,76,90,91,94,93,100,92,94,94,90,90,81,113,101,96,114,102,114,161,102,79",
                        "endOffsets": "217,329,440,530,635,754,832,909,1000,1092,1187,1281,1382,1475,1570,1665,1756,1847,1929,2043,2145,2242,2357,2460,2575,2737,2840,6739"
                    }
                },
                {
                    "source": "C:\\Users\\Mudassar\\.gradle\\caches\\transforms-2\\files-2.1\\d835d2effcd8e97c306f6a50688d9a8a\\jetified-places-compat-1.0.0\\res\\values-te\\values.xml",
                    "from": {
                        "startLines": "4,5,6,7,8,9,10,11",
                        "startColumns": "0,0,0,0,0,0,0,0",
                        "startOffsets": "184,257,330,425,489,538,604,684",
                        "endColumns": "72,72,94,63,48,65,79,58",
                        "endOffsets": "256,329,424,488,537,603,683,742"
                    },
                    "to": {
                        "startLines": "52,53,54,55,56,57,58,59",
                        "startColumns": "4,4,4,4,4,4,4,4",
                        "startOffsets": "6073,6150,6227,6326,6394,6447,6517,6601",
                        "endColumns": "76,76,98,67,52,69,83,62",
                        "endOffsets": "6145,6222,6321,6389,6442,6512,6596,6659"
                    }
                }
            ]
        }
    ]
}