{
    "logs": [
        {
            "outputFile": "D:\\1 BSCS 8TH\\CarController\\app\\build\\intermediates\\incremental\\mergeDebugResources\\merged.dir\\values-is\\values-is.xml",
            "map": [
                {
                    "source": "C:\\Users\\Mudassar\\.gradle\\caches\\transforms-2\\files-2.1\\d835d2effcd8e97c306f6a50688d9a8a\\jetified-places-compat-1.0.0\\res\\values-is\\values.xml",
                    "from": {
                        "startLines": "4,5,6,7,8,9,10,11",
                        "startColumns": "0,0,0,0,0,0,0,0",
                        "startOffsets": "184,254,315,409,470,518,583,668",
                        "endColumns": "69,60,93,60,47,64,84,52",
                        "endOffsets": "253,314,408,469,517,582,667,720"
                    },
                    "to": {
                        "startLines": "52,53,54,55,56,57,58,59",
                        "startColumns": "4,4,4,4,4,4,4,4",
                        "startOffsets": "5938,6012,6077,6175,6240,6292,6361,6450",
                        "endColumns": "73,64,97,64,51,68,88,56",
                        "endOffsets": "6007,6072,6170,6235,6287,6356,6445,6502"
                    }
                },
                {
                    "source": "C:\\Users\\Mudassar\\.gradle\\caches\\transforms-2\\files-2.1\\fc1a205467b5c433350d5b0560a1781f\\play-services-base-17.1.0\\res\\values-is\\values.xml",
                    "from": {
                        "startLines": "4,5,6,7,8,9,10,11,12,13,14,15,16,17,18,19,20",
                        "startColumns": "0,0,0,0,0,0,0,0,0,0,0,0,0,0,0,0,0",
                        "startOffsets": "245,349,535,658,765,965,1088,1223,1353,1566,1670,1858,1982,2183,2363,2453,2542",
                        "endColumns": "103,185,122,106,199,122,134,129,212,103,187,123,200,179,89,88,103",
                        "endOffsets": "348,534,657,764,964,1087,1222,1352,1565,1669,1857,1981,2182,2362,2452,2541,2645"
                    },
                    "to": {
                        "startLines": "29,30,31,32,33,34,35,36,38,39,40,41,42,43,44,45,46",
                        "startColumns": "4,4,4,4,4,4,4,4,4,4,4,4,4,4,4,4,4",
                        "startOffsets": "2779,2887,3073,3200,3311,3511,3638,3777,4099,4312,4420,4608,4736,4937,5121,5215,5308",
                        "endColumns": "107,185,126,110,199,126,138,133,212,107,187,127,200,183,93,92,107",
                        "endOffsets": "2882,3068,3195,3306,3506,3633,3772,3906,4307,4415,4603,4731,4932,5116,5210,5303,5411"
                    }
                },
                {
                    "source": "C:\\Users\\Mudassar\\.gradle\\caches\\transforms-2\\files-2.1\\78e7d3f5487dbf3c8bd1a75d0d68a2a0\\appcompat-1.1.0\\res\\values-is\\values-is.xml",
                    "from": {
                        "startLines": "2,3,4,5,6,7,8,9,10,11,12,13,14,15,16,17,18,19,20,21,22,23,24,25,26,27,28,29",
                        "startColumns": "4,4,4,4,4,4,4,4,4,4,4,4,4,4,4,4,4,4,4,4,4,4,4,4,4,4,4,4",
                        "startOffsets": "105,205,302,414,499,600,714,795,875,966,1058,1151,1245,1352,1445,1540,1635,1726,1820,1900,2010,2117,2214,2323,2423,2526,2681,2779",
                        "endColumns": "99,96,111,84,100,113,80,79,90,91,92,93,106,92,94,94,90,93,79,109,106,96,108,99,102,154,97,79",
                        "endOffsets": "200,297,409,494,595,709,790,870,961,1053,1146,1240,1347,1440,1535,1630,1721,1815,1895,2005,2112,2209,2318,2418,2521,2676,2774,2854"
                    },
                    "to": {
                        "startLines": "2,3,4,5,6,7,8,9,10,11,12,13,14,15,16,17,18,19,20,21,22,23,24,25,26,27,28,60",
                        "startColumns": "4,4,4,4,4,4,4,4,4,4,4,4,4,4,4,4,4,4,4,4,4,4,4,4,4,4,4,4",
                        "startOffsets": "105,205,302,414,499,600,714,795,875,966,1058,1151,1245,1352,1445,1540,1635,1726,1820,1900,2010,2117,2214,2323,2423,2526,2681,6507",
                        "endColumns": "99,96,111,84,100,113,80,79,90,91,92,93,106,92,94,94,90,93,79,109,106,96,108,99,102,154,97,79",
                        "endOffsets": "200,297,409,494,595,709,790,870,961,1053,1146,1240,1347,1440,1535,1630,1721,1815,1895,2005,2112,2209,2318,2418,2521,2676,2774,6582"
                    }
                },
                {
                    "source": "C:\\Users\\Mudassar\\.gradle\\caches\\transforms-2\\files-2.1\\4d90089bba98735a4773fb5da4aac47c\\jetified-play-services-places-16.0.0\\res\\values-is\\values.xml",
                    "from": {
                        "startLines": "4,5",
                        "startColumns": "0,0",
                        "startOffsets": "193,292",
                        "endColumns": "98,90",
                        "endOffsets": "291,382"
                    },
                    "to": {
                        "startLines": "50,51",
                        "startColumns": "4,4",
                        "startOffsets": "5740,5843",
                        "endColumns": "102,94",
                        "endOffsets": "5838,5933"
                    }
                },
                {
                    "source": "C:\\Users\\Mudassar\\.gradle\\caches\\transforms-2\\files-2.1\\9350583047d9d28e7a4708239acec4f1\\jetified-firebase-messaging-20.0.0\\res\\values-is\\values.xml",
                    "from": {
                        "startLines": "4",
                        "startColumns": "0",
                        "startOffsets": "205",
                        "endColumns": "102",
                        "endOffsets": "307"
                    },
                    "to": {
                        "startLines": "47",
                        "startColumns": "4",
                        "startOffsets": "5416",
                        "endColumns": "106",
                        "endOffsets": "5518"
                    }
                },
                {
                    "source": "C:\\Users\\Mudassar\\.gradle\\caches\\transforms-2\\files-2.1\\d7e0c950707e021378551cecb6624e83\\core-1.1.0\\res\\values-is\\values-is.xml",
                    "from": {
                        "startLines": "2",
                        "startColumns": "4",
                        "startOffsets": "55",
                        "endColumns": "100",
                        "endOffsets": "151"
                    },
                    "to": {
                        "startLines": "61",
                        "startColumns": "4",
                        "startOffsets": "6587",
                        "endColumns": "100",
                        "endOffsets": "6683"
                    }
                },
                {
                    "source": "C:\\Users\\Mudassar\\.gradle\\caches\\transforms-2\\files-2.1\\222cdc43ab70d3d702638d878ca1cedb\\jetified-navigation-ui-2.1.0\\res\\values-is\\values-is.xml",
                    "from": {
                        "startLines": "2,3",
                        "startColumns": "4,4",
                        "startOffsets": "55,158",
                        "endColumns": "102,113",
                        "endOffsets": "153,267"
                    },
                    "to": {
                        "startLines": "48,49",
                        "startColumns": "4,4",
                        "startOffsets": "5523,5626",
                        "endColumns": "102,113",
                        "endOffsets": "5621,5735"
                    }
                },
                {
                    "source": "C:\\Users\\Mudassar\\.gradle\\caches\\transforms-2\\files-2.1\\4bb36207c20871865b7b6196a54ae023\\jetified-play-services-basement-17.0.0\\res\\values-is\\values.xml",
                    "from": {
                        "startLines": "4",
                        "startColumns": "0",
                        "startOffsets": "247",
                        "endColumns": "187",
                        "endOffsets": "434"
                    },
                    "to": {
                        "startLines": "37",
                        "startColumns": "4",
                        "startOffsets": "3911",
                        "endColumns": "187",
                        "endOffsets": "4094"
                    }
                }
            ]
        }
    ]
}