{
    "logs": [
        {
            "outputFile": "D:\\1 BSCS 8TH\\CarController\\app\\build\\intermediates\\incremental\\mergeDebugResources\\merged.dir\\values-si\\values-si.xml",
            "map": [
                {
                    "source": "C:\\Users\\Mudassar\\.gradle\\caches\\transforms-2\\files-2.1\\d835d2effcd8e97c306f6a50688d9a8a\\jetified-places-compat-1.0.0\\res\\values-si\\values.xml",
                    "from": {
                        "startLines": "4,5,6,7,8,9,10,11",
                        "startColumns": "0,0,0,0,0,0,0,0",
                        "startOffsets": "184,258,324,412,474,525,598,673",
                        "endColumns": "73,65,87,61,50,72,74,58",
                        "endOffsets": "257,323,411,473,524,597,672,731"
                    },
                    "to": {
                        "startLines": "52,53,54,55,56,57,58,59",
                        "startColumns": "4,4,4,4,4,4,4,4",
                        "startOffsets": "6034,6112,6182,6274,6340,6395,6472,6551",
                        "endColumns": "77,69,91,65,54,76,78,62",
                        "endOffsets": "6107,6177,6269,6335,6390,6467,6546,6609"
                    }
                },
                {
                    "source": "C:\\Users\\Mudassar\\.gradle\\caches\\transforms-2\\files-2.1\\222cdc43ab70d3d702638d878ca1cedb\\jetified-navigation-ui-2.1.0\\res\\values-si\\values-si.xml",
                    "from": {
                        "startLines": "2,3",
                        "startColumns": "4,4",
                        "startOffsets": "55,166",
                        "endColumns": "110,116",
                        "endOffsets": "161,278"
                    },
                    "to": {
                        "startLines": "48,49",
                        "startColumns": "4,4",
                        "startOffsets": "5604,5715",
                        "endColumns": "110,116",
                        "endOffsets": "5710,5827"
                    }
                },
                {
                    "source": "C:\\Users\\Mudassar\\.gradle\\caches\\transforms-2\\files-2.1\\fc1a205467b5c433350d5b0560a1781f\\play-services-base-17.1.0\\res\\values-si\\values.xml",
                    "from": {
                        "startLines": "4,5,6,7,8,9,10,11,12,13,14,15,16,17,18,19,20",
                        "startColumns": "0,0,0,0,0,0,0,0,0,0,0,0,0,0,0,0,0",
                        "startOffsets": "245,351,537,659,770,971,1093,1235,1358,1568,1681,1868,1997,2200,2387,2486,2573",
                        "endColumns": "105,185,121,110,200,121,141,122,209,112,186,128,202,186,98,86,104",
                        "endOffsets": "350,536,658,769,970,1092,1234,1357,1567,1680,1867,1996,2199,2386,2485,2572,2677"
                    },
                    "to": {
                        "startLines": "29,30,31,32,33,34,35,36,38,39,40,41,42,43,44,45,46",
                        "startColumns": "4,4,4,4,4,4,4,4,4,4,4,4,4,4,4,4,4",
                        "startOffsets": "2821,2931,3117,3243,3358,3559,3685,3831,4156,4366,4483,4670,4803,5006,5197,5300,5391",
                        "endColumns": "109,185,125,114,200,125,145,126,209,116,186,132,202,190,102,90,108",
                        "endOffsets": "2926,3112,3238,3353,3554,3680,3826,3953,4361,4478,4665,4798,5001,5192,5295,5386,5495"
                    }
                },
                {
                    "source": "C:\\Users\\Mudassar\\.gradle\\caches\\transforms-2\\files-2.1\\4bb36207c20871865b7b6196a54ae023\\jetified-play-services-basement-17.0.0\\res\\values-si\\values.xml",
                    "from": {
                        "startLines": "4",
                        "startColumns": "0",
                        "startOffsets": "247",
                        "endColumns": "197",
                        "endOffsets": "444"
                    },
                    "to": {
                        "startLines": "37",
                        "startColumns": "4",
                        "startOffsets": "3958",
                        "endColumns": "197",
                        "endOffsets": "4151"
                    }
                },
                {
                    "source": "C:\\Users\\Mudassar\\.gradle\\caches\\transforms-2\\files-2.1\\78e7d3f5487dbf3c8bd1a75d0d68a2a0\\appcompat-1.1.0\\res\\values-si\\values-si.xml",
                    "from": {
                        "startLines": "2,3,4,5,6,7,8,9,10,11,12,13,14,15,16,17,18,19,20,21,22,23,24,25,26,27,28,29",
                        "startColumns": "4,4,4,4,4,4,4,4,4,4,4,4,4,4,4,4,4,4,4,4,4,4,4,4,4,4,4,4",
                        "startOffsets": "105,221,328,435,518,623,739,829,916,1007,1099,1193,1287,1388,1481,1576,1670,1761,1852,1935,2044,2148,2246,2356,2456,2563,2722,2821",
                        "endColumns": "115,106,106,82,104,115,89,86,90,91,93,93,100,92,94,93,90,90,82,108,103,97,109,99,106,158,98,80",
                        "endOffsets": "216,323,430,513,618,734,824,911,1002,1094,1188,1282,1383,1476,1571,1665,1756,1847,1930,2039,2143,2241,2351,2451,2558,2717,2816,2897"
                    },
                    "to": {
                        "startLines": "2,3,4,5,6,7,8,9,10,11,12,13,14,15,16,17,18,19,20,21,22,23,24,25,26,27,28,60",
                        "startColumns": "4,4,4,4,4,4,4,4,4,4,4,4,4,4,4,4,4,4,4,4,4,4,4,4,4,4,4,4",
                        "startOffsets": "105,221,328,435,518,623,739,829,916,1007,1099,1193,1287,1388,1481,1576,1670,1761,1852,1935,2044,2148,2246,2356,2456,2563,2722,6614",
                        "endColumns": "115,106,106,82,104,115,89,86,90,91,93,93,100,92,94,93,90,90,82,108,103,97,109,99,106,158,98,80",
                        "endOffsets": "216,323,430,513,618,734,824,911,1002,1094,1188,1282,1383,1476,1571,1665,1756,1847,1930,2039,2143,2241,2351,2451,2558,2717,2816,6690"
                    }
                },
                {
                    "source": "C:\\Users\\Mudassar\\.gradle\\caches\\transforms-2\\files-2.1\\4d90089bba98735a4773fb5da4aac47c\\jetified-play-services-places-16.0.0\\res\\values-si\\values.xml",
                    "from": {
                        "startLines": "4,5",
                        "startColumns": "0,0",
                        "startOffsets": "193,296",
                        "endColumns": "102,90",
                        "endOffsets": "295,386"
                    },
                    "to": {
                        "startLines": "50,51",
                        "startColumns": "4,4",
                        "startOffsets": "5832,5939",
                        "endColumns": "106,94",
                        "endOffsets": "5934,6029"
                    }
                },
                {
                    "source": "C:\\Users\\Mudassar\\.gradle\\caches\\transforms-2\\files-2.1\\d7e0c950707e021378551cecb6624e83\\core-1.1.0\\res\\values-si\\values-si.xml",
                    "from": {
                        "startLines": "2",
                        "startColumns": "4",
                        "startOffsets": "55",
                        "endColumns": "100",
                        "endOffsets": "151"
                    },
                    "to": {
                        "startLines": "61",
                        "startColumns": "4",
                        "startOffsets": "6695",
                        "endColumns": "100",
                        "endOffsets": "6791"
                    }
                },
                {
                    "source": "C:\\Users\\Mudassar\\.gradle\\caches\\transforms-2\\files-2.1\\9350583047d9d28e7a4708239acec4f1\\jetified-firebase-messaging-20.0.0\\res\\values-si\\values.xml",
                    "from": {
                        "startLines": "4",
                        "startColumns": "0",
                        "startOffsets": "205",
                        "endColumns": "99",
                        "endOffsets": "304"
                    },
                    "to": {
                        "startLines": "47",
                        "startColumns": "4",
                        "startOffsets": "5500",
                        "endColumns": "103",
                        "endOffsets": "5599"
                    }
                }
            ]
        }
    ]
}