{
    "logs": [
        {
            "outputFile": "D:\\1 BSCS 8TH\\CarController\\app\\build\\intermediates\\incremental\\mergeDebugResources\\merged.dir\\values-nb\\values-nb.xml",
            "map": [
                {
                    "source": "C:\\Users\\Mudassar\\.gradle\\caches\\transforms-2\\files-2.1\\4d90089bba98735a4773fb5da4aac47c\\jetified-play-services-places-16.0.0\\res\\values-nb\\values.xml",
                    "from": {
                        "startLines": "4,5",
                        "startColumns": "0,0",
                        "startOffsets": "193,291",
                        "endColumns": "97,88",
                        "endOffsets": "290,379"
                    },
                    "to": {
                        "startLines": "50,51",
                        "startColumns": "4,4",
                        "startOffsets": "5765,5867",
                        "endColumns": "101,92",
                        "endOffsets": "5862,5955"
                    }
                },
                {
                    "source": "C:\\Users\\Mudassar\\.gradle\\caches\\transforms-2\\files-2.1\\9350583047d9d28e7a4708239acec4f1\\jetified-firebase-messaging-20.0.0\\res\\values-nb\\values.xml",
                    "from": {
                        "startLines": "4",
                        "startColumns": "0",
                        "startOffsets": "205",
                        "endColumns": "101",
                        "endOffsets": "306"
                    },
                    "to": {
                        "startLines": "47",
                        "startColumns": "4",
                        "startOffsets": "5439",
                        "endColumns": "105",
                        "endOffsets": "5540"
                    }
                },
                {
                    "source": "C:\\Users\\Mudassar\\.gradle\\caches\\transforms-2\\files-2.1\\78e7d3f5487dbf3c8bd1a75d0d68a2a0\\appcompat-1.1.0\\res\\values-nb\\values-nb.xml",
                    "from": {
                        "startLines": "2,3,4,5,6,7,8,9,10,11,12,13,14,15,16,17,18,19,20,21,22,23,24,25,26,27,28,29",
                        "startColumns": "4,4,4,4,4,4,4,4,4,4,4,4,4,4,4,4,4,4,4,4,4,4,4,4,4,4,4,4",
                        "startOffsets": "105,208,303,417,503,603,716,793,869,960,1052,1146,1240,1341,1434,1529,1627,1718,1809,1886,1989,2087,2183,2287,2386,2487,2640,2737",
                        "endColumns": "102,94,113,85,99,112,76,75,90,91,93,93,100,92,94,97,90,90,76,102,97,95,103,98,100,152,96,78",
                        "endOffsets": "203,298,412,498,598,711,788,864,955,1047,1141,1235,1336,1429,1524,1622,1713,1804,1881,1984,2082,2178,2282,2381,2482,2635,2732,2811"
                    },
                    "to": {
                        "startLines": "2,3,4,5,6,7,8,9,10,11,12,13,14,15,16,17,18,19,20,21,22,23,24,25,26,27,28,60",
                        "startColumns": "4,4,4,4,4,4,4,4,4,4,4,4,4,4,4,4,4,4,4,4,4,4,4,4,4,4,4,4",
                        "startOffsets": "105,208,303,417,503,603,716,793,869,960,1052,1146,1240,1341,1434,1529,1627,1718,1809,1886,1989,2087,2183,2287,2386,2487,2640,6518",
                        "endColumns": "102,94,113,85,99,112,76,75,90,91,93,93,100,92,94,97,90,90,76,102,97,95,103,98,100,152,96,78",
                        "endOffsets": "203,298,412,498,598,711,788,864,955,1047,1141,1235,1336,1429,1524,1622,1713,1804,1881,1984,2082,2178,2282,2381,2482,2635,2732,6592"
                    }
                },
                {
                    "source": "C:\\Users\\Mudassar\\.gradle\\caches\\transforms-2\\files-2.1\\222cdc43ab70d3d702638d878ca1cedb\\jetified-navigation-ui-2.1.0\\res\\values-nb\\values-nb.xml",
                    "from": {
                        "startLines": "2,3",
                        "startColumns": "4,4",
                        "startOffsets": "55,161",
                        "endColumns": "105,113",
                        "endOffsets": "156,270"
                    },
                    "to": {
                        "startLines": "48,49",
                        "startColumns": "4,4",
                        "startOffsets": "5545,5651",
                        "endColumns": "105,113",
                        "endOffsets": "5646,5760"
                    }
                },
                {
                    "source": "C:\\Users\\Mudassar\\.gradle\\caches\\transforms-2\\files-2.1\\d7e0c950707e021378551cecb6624e83\\core-1.1.0\\res\\values-nb\\values-nb.xml",
                    "from": {
                        "startLines": "2",
                        "startColumns": "4",
                        "startOffsets": "55",
                        "endColumns": "100",
                        "endOffsets": "151"
                    },
                    "to": {
                        "startLines": "61",
                        "startColumns": "4",
                        "startOffsets": "6597",
                        "endColumns": "100",
                        "endOffsets": "6693"
                    }
                },
                {
                    "source": "C:\\Users\\Mudassar\\.gradle\\caches\\transforms-2\\files-2.1\\d835d2effcd8e97c306f6a50688d9a8a\\jetified-places-compat-1.0.0\\res\\values-nb\\values.xml",
                    "from": {
                        "startLines": "4,5,6,7,8,9,10,11",
                        "startColumns": "0,0,0,0,0,0,0,0",
                        "startOffsets": "184,251,314,405,465,510,576,656",
                        "endColumns": "66,62,90,59,44,65,79,53",
                        "endOffsets": "250,313,404,464,509,575,655,709"
                    },
                    "to": {
                        "startLines": "52,53,54,55,56,57,58,59",
                        "startColumns": "4,4,4,4,4,4,4,4",
                        "startOffsets": "5960,6031,6098,6193,6257,6306,6376,6460",
                        "endColumns": "70,66,94,63,48,69,83,57",
                        "endOffsets": "6026,6093,6188,6252,6301,6371,6455,6513"
                    }
                },
                {
                    "source": "C:\\Users\\Mudassar\\.gradle\\caches\\transforms-2\\files-2.1\\fc1a205467b5c433350d5b0560a1781f\\play-services-base-17.1.0\\res\\values-nb\\values.xml",
                    "from": {
                        "startLines": "4,5,6,7,8,9,10,11,12,13,14,15,16,17,18,19,20",
                        "startColumns": "0,0,0,0,0,0,0,0,0,0,0,0,0,0,0,0,0",
                        "startOffsets": "245,348,539,663,770,985,1113,1259,1387,1600,1705,1897,2023,2224,2426,2519,2607",
                        "endColumns": "102,190,123,106,214,127,145,127,212,104,191,125,200,201,92,87,102",
                        "endOffsets": "347,538,662,769,984,1112,1258,1386,1599,1704,1896,2022,2223,2425,2518,2606,2709"
                    },
                    "to": {
                        "startLines": "29,30,31,32,33,34,35,36,38,39,40,41,42,43,44,45,46",
                        "startColumns": "4,4,4,4,4,4,4,4,4,4,4,4,4,4,4,4,4",
                        "startOffsets": "2737,2844,3035,3163,3274,3489,3621,3771,4092,4305,4414,4606,4736,4937,5143,5240,5332",
                        "endColumns": "106,190,127,110,214,131,149,131,212,108,191,129,200,205,96,91,106",
                        "endOffsets": "2839,3030,3158,3269,3484,3616,3766,3898,4300,4409,4601,4731,4932,5138,5235,5327,5434"
                    }
                },
                {
                    "source": "C:\\Users\\Mudassar\\.gradle\\caches\\transforms-2\\files-2.1\\4bb36207c20871865b7b6196a54ae023\\jetified-play-services-basement-17.0.0\\res\\values-nb\\values.xml",
                    "from": {
                        "startLines": "4",
                        "startColumns": "0",
                        "startOffsets": "247",
                        "endColumns": "188",
                        "endOffsets": "435"
                    },
                    "to": {
                        "startLines": "37",
                        "startColumns": "4",
                        "startOffsets": "3903",
                        "endColumns": "188",
                        "endOffsets": "4087"
                    }
                }
            ]
        }
    ]
}