{
    "logs": [
        {
            "outputFile": "D:\\1 BSCS 8TH\\CarController\\app\\build\\intermediates\\incremental\\mergeDebugResources\\merged.dir\\values-kn\\values-kn.xml",
            "map": [
                {
                    "source": "C:\\Users\\Mudassar\\.gradle\\caches\\transforms-2\\files-2.1\\4d90089bba98735a4773fb5da4aac47c\\jetified-play-services-places-16.0.0\\res\\values-kn\\values.xml",
                    "from": {
                        "startLines": "4,5",
                        "startColumns": "0,0",
                        "startOffsets": "193,299",
                        "endColumns": "105,91",
                        "endOffsets": "298,390"
                    },
                    "to": {
                        "startLines": "50,51",
                        "startColumns": "4,4",
                        "startOffsets": "5929,6039",
                        "endColumns": "109,95",
                        "endOffsets": "6034,6130"
                    }
                },
                {
                    "source": "C:\\Users\\Mudassar\\.gradle\\caches\\transforms-2\\files-2.1\\222cdc43ab70d3d702638d878ca1cedb\\jetified-navigation-ui-2.1.0\\res\\values-kn\\values-kn.xml",
                    "from": {
                        "startLines": "2,3",
                        "startColumns": "4,4",
                        "startOffsets": "55,173",
                        "endColumns": "117,128",
                        "endOffsets": "168,297"
                    },
                    "to": {
                        "startLines": "48,49",
                        "startColumns": "4,4",
                        "startOffsets": "5682,5800",
                        "endColumns": "117,128",
                        "endOffsets": "5795,5924"
                    }
                },
                {
                    "source": "C:\\Users\\Mudassar\\.gradle\\caches\\transforms-2\\files-2.1\\fc1a205467b5c433350d5b0560a1781f\\play-services-base-17.1.0\\res\\values-kn\\values.xml",
                    "from": {
                        "startLines": "4,5,6,7,8,9,10,11,12,13,14,15,16,17,18,19,20",
                        "startColumns": "0,0,0,0,0,0,0,0,0,0,0,0,0,0,0,0,0",
                        "startOffsets": "245,354,556,687,800,1002,1129,1263,1387,1596,1707,1898,2031,2235,2418,2513,2602",
                        "endColumns": "108,201,130,112,201,126,133,123,208,110,190,132,203,182,94,88,109",
                        "endOffsets": "353,555,686,799,1001,1128,1262,1386,1595,1706,1897,2030,2234,2417,2512,2601,2711"
                    },
                    "to": {
                        "startLines": "29,30,31,32,33,34,35,36,38,39,40,41,42,43,44,45,46",
                        "startColumns": "4,4,4,4,4,4,4,4,4,4,4,4,4,4,4,4,4",
                        "startOffsets": "2859,2972,3174,3309,3426,3628,3759,3897,4230,4439,4554,4745,4882,5086,5273,5372,5465",
                        "endColumns": "112,201,134,116,201,130,137,127,208,114,190,136,203,186,98,92,113",
                        "endOffsets": "2967,3169,3304,3421,3623,3754,3892,4020,4434,4549,4740,4877,5081,5268,5367,5460,5574"
                    }
                },
                {
                    "source": "C:\\Users\\Mudassar\\.gradle\\caches\\transforms-2\\files-2.1\\78e7d3f5487dbf3c8bd1a75d0d68a2a0\\appcompat-1.1.0\\res\\values-kn\\values-kn.xml",
                    "from": {
                        "startLines": "2,3,4,5,6,7,8,9,10,11,12,13,14,15,16,17,18,19,20,21,22,23,24,25,26,27,28,29",
                        "startColumns": "4,4,4,4,4,4,4,4,4,4,4,4,4,4,4,4,4,4,4,4,4,4,4,4,4,4,4,4",
                        "startOffsets": "105,219,331,444,532,639,765,843,920,1011,1103,1198,1292,1393,1486,1581,1675,1766,1857,1938,2054,2164,2263,2376,2481,2595,2759,2859",
                        "endColumns": "113,111,112,87,106,125,77,76,90,91,94,93,100,92,94,93,90,90,80,115,109,98,112,104,113,163,99,81",
                        "endOffsets": "214,326,439,527,634,760,838,915,1006,1098,1193,1287,1388,1481,1576,1670,1761,1852,1933,2049,2159,2258,2371,2476,2590,2754,2854,2936"
                    },
                    "to": {
                        "startLines": "2,3,4,5,6,7,8,9,10,11,12,13,14,15,16,17,18,19,20,21,22,23,24,25,26,27,28,60",
                        "startColumns": "4,4,4,4,4,4,4,4,4,4,4,4,4,4,4,4,4,4,4,4,4,4,4,4,4,4,4,4",
                        "startOffsets": "105,219,331,444,532,639,765,843,920,1011,1103,1198,1292,1393,1486,1581,1675,1766,1857,1938,2054,2164,2263,2376,2481,2595,2759,6748",
                        "endColumns": "113,111,112,87,106,125,77,76,90,91,94,93,100,92,94,93,90,90,80,115,109,98,112,104,113,163,99,81",
                        "endOffsets": "214,326,439,527,634,760,838,915,1006,1098,1193,1287,1388,1481,1576,1670,1761,1852,1933,2049,2159,2258,2371,2476,2590,2754,2854,6825"
                    }
                },
                {
                    "source": "C:\\Users\\Mudassar\\.gradle\\caches\\transforms-2\\files-2.1\\4bb36207c20871865b7b6196a54ae023\\jetified-play-services-basement-17.0.0\\res\\values-kn\\values.xml",
                    "from": {
                        "startLines": "4",
                        "startColumns": "0",
                        "startOffsets": "247",
                        "endColumns": "204",
                        "endOffsets": "451"
                    },
                    "to": {
                        "startLines": "37",
                        "startColumns": "4",
                        "startOffsets": "4025",
                        "endColumns": "204",
                        "endOffsets": "4225"
                    }
                },
                {
                    "source": "C:\\Users\\Mudassar\\.gradle\\caches\\transforms-2\\files-2.1\\d7e0c950707e021378551cecb6624e83\\core-1.1.0\\res\\values-kn\\values-kn.xml",
                    "from": {
                        "startLines": "2",
                        "startColumns": "4",
                        "startOffsets": "55",
                        "endColumns": "100",
                        "endOffsets": "151"
                    },
                    "to": {
                        "startLines": "61",
                        "startColumns": "4",
                        "startOffsets": "6830",
                        "endColumns": "100",
                        "endOffsets": "6926"
                    }
                },
                {
                    "source": "C:\\Users\\Mudassar\\.gradle\\caches\\transforms-2\\files-2.1\\9350583047d9d28e7a4708239acec4f1\\jetified-firebase-messaging-20.0.0\\res\\values-kn\\values.xml",
                    "from": {
                        "startLines": "4",
                        "startColumns": "0",
                        "startOffsets": "205",
                        "endColumns": "98",
                        "endOffsets": "303"
                    },
                    "to": {
                        "startLines": "47",
                        "startColumns": "4",
                        "startOffsets": "5579",
                        "endColumns": "102",
                        "endOffsets": "5677"
                    }
                },
                {
                    "source": "C:\\Users\\Mudassar\\.gradle\\caches\\transforms-2\\files-2.1\\d835d2effcd8e97c306f6a50688d9a8a\\jetified-places-compat-1.0.0\\res\\values-kn\\values.xml",
                    "from": {
                        "startLines": "4,5,6,7,8,9,10,11",
                        "startColumns": "0,0,0,0,0,0,0,0",
                        "startOffsets": "184,261,331,432,495,543,618,708",
                        "endColumns": "76,69,100,62,47,74,89,56",
                        "endOffsets": "260,330,431,494,542,617,707,764"
                    },
                    "to": {
                        "startLines": "52,53,54,55,56,57,58,59",
                        "startColumns": "4,4,4,4,4,4,4,4",
                        "startOffsets": "6135,6216,6290,6395,6462,6514,6593,6687",
                        "endColumns": "80,73,104,66,51,78,93,60",
                        "endOffsets": "6211,6285,6390,6457,6509,6588,6682,6743"
                    }
                }
            ]
        }
    ]
}