{
    "logs": [
        {
            "outputFile": "D:\\1 BSCS 8TH\\CarController\\app\\build\\intermediates\\incremental\\mergeDebugResources\\merged.dir\\values-v11\\values-v11.xml",
            "map": [
                {
                    "source": "C:\\Users\\Mudassar\\.gradle\\caches\\transforms-2\\files-2.1\\3098ceae1b468590db3550cb3b278df4\\jetified-play-services-appinvite-16.0.4\\res\\values-v11\\values.xml",
                    "from": {
                        "startLines": "4",
                        "startColumns": "0",
                        "startOffsets": "170",
                        "endLines": "5",
                        "endColumns": "8",
                        "endOffsets": "291"
                    },
                    "to": {
                        "startLines": "2",
                        "startColumns": "4",
                        "startOffsets": "55",
                        "endLines": "3",
                        "endColumns": "8",
                        "endOffsets": "176"
                    }
                }
            ]
        }
    ]
}