{
    "logs": [
        {
            "outputFile": "D:\\1 BSCS 8TH\\CarController\\app\\build\\intermediates\\incremental\\mergeDebugResources\\merged.dir\\values-en-rGB\\values-en-rGB.xml",
            "map": [
                {
                    "source": "C:\\Users\\Mudassar\\.gradle\\caches\\transforms-2\\files-2.1\\d835d2effcd8e97c306f6a50688d9a8a\\jetified-places-compat-1.0.0\\res\\values-en-rGB\\values.xml",
                    "from": {
                        "startLines": "4,5,6,7,8,9,10,11",
                        "startColumns": "0,0,0,0,0,0,0,0",
                        "startOffsets": "188,258,321,406,469,514,581,653",
                        "endColumns": "69,62,84,62,44,66,71,50",
                        "endOffsets": "257,320,405,468,513,580,652,703"
                    },
                    "to": {
                        "startLines": "52,53,54,55,56,57,58,59",
                        "startColumns": "4,4,4,4,4,4,4,4",
                        "startOffsets": "5944,6018,6085,6174,6241,6290,6361,6437",
                        "endColumns": "73,66,88,66,48,70,75,54",
                        "endOffsets": "6013,6080,6169,6236,6285,6356,6432,6487"
                    }
                },
                {
                    "source": "C:\\Users\\Mudassar\\.gradle\\caches\\transforms-2\\files-2.1\\78e7d3f5487dbf3c8bd1a75d0d68a2a0\\appcompat-1.1.0\\res\\values-en-rGB\\values-en-rGB.xml",
                    "from": {
                        "startLines": "2,3,4,5,6,7,8,9,10,11,12,13,14,15,16,17,18,19,20,21,22,23,24,25,26,27,28,29",
                        "startColumns": "4,4,4,4,4,4,4,4,4,4,4,4,4,4,4,4,4,4,4,4,4,4,4,4,4,4,4,4",
                        "startOffsets": "105,209,309,417,501,601,716,794,870,961,1053,1148,1242,1343,1436,1531,1625,1716,1807,1888,1991,2094,2193,2298,2402,2506,2662,2762",
                        "endColumns": "103,99,107,83,99,114,77,75,90,91,94,93,100,92,94,93,90,90,80,102,102,98,104,103,103,155,99,81",
                        "endOffsets": "204,304,412,496,596,711,789,865,956,1048,1143,1237,1338,1431,1526,1620,1711,1802,1883,1986,2089,2188,2293,2397,2501,2657,2757,2839"
                    },
                    "to": {
                        "startLines": "2,3,4,5,6,7,8,9,10,11,12,13,14,15,16,17,18,19,20,21,22,23,24,25,26,27,28,60",
                        "startColumns": "4,4,4,4,4,4,4,4,4,4,4,4,4,4,4,4,4,4,4,4,4,4,4,4,4,4,4,4",
                        "startOffsets": "105,209,309,417,501,601,716,794,870,961,1053,1148,1242,1343,1436,1531,1625,1716,1807,1888,1991,2094,2193,2298,2402,2506,2662,6492",
                        "endColumns": "103,99,107,83,99,114,77,75,90,91,94,93,100,92,94,93,90,90,80,102,102,98,104,103,103,155,99,81",
                        "endOffsets": "204,304,412,496,596,711,789,865,956,1048,1143,1237,1338,1431,1526,1620,1711,1802,1883,1986,2089,2188,2293,2397,2501,2657,2757,6569"
                    }
                },
                {
                    "source": "C:\\Users\\Mudassar\\.gradle\\caches\\transforms-2\\files-2.1\\222cdc43ab70d3d702638d878ca1cedb\\jetified-navigation-ui-2.1.0\\res\\values-en-rGB\\values-en-rGB.xml",
                    "from": {
                        "startLines": "2,3",
                        "startColumns": "4,4",
                        "startOffsets": "55,161",
                        "endColumns": "105,116",
                        "endOffsets": "156,273"
                    },
                    "to": {
                        "startLines": "48,49",
                        "startColumns": "4,4",
                        "startOffsets": "5522,5628",
                        "endColumns": "105,116",
                        "endOffsets": "5623,5740"
                    }
                },
                {
                    "source": "C:\\Users\\Mudassar\\.gradle\\caches\\transforms-2\\files-2.1\\4d90089bba98735a4773fb5da4aac47c\\jetified-play-services-places-16.0.0\\res\\values-en-rGB\\values.xml",
                    "from": {
                        "startLines": "4,5",
                        "startColumns": "0,0",
                        "startOffsets": "197,296",
                        "endColumns": "98,91",
                        "endOffsets": "295,387"
                    },
                    "to": {
                        "startLines": "50,51",
                        "startColumns": "4,4",
                        "startOffsets": "5745,5848",
                        "endColumns": "102,95",
                        "endOffsets": "5843,5939"
                    }
                },
                {
                    "source": "C:\\Users\\Mudassar\\.gradle\\caches\\transforms-2\\files-2.1\\fc1a205467b5c433350d5b0560a1781f\\play-services-base-17.1.0\\res\\values-en-rGB\\values.xml",
                    "from": {
                        "startLines": "4,5,6,7,8,9,10,11,12,13,14,15,16,17,18,19,20",
                        "startColumns": "0,0,0,0,0,0,0,0,0,0,0,0,0,0,0,0,0",
                        "startOffsets": "249,352,536,659,764,974,1095,1237,1365,1583,1686,1869,1992,2197,2371,2460,2548",
                        "endColumns": "102,183,122,104,209,120,141,127,217,102,182,122,204,173,88,87,103",
                        "endOffsets": "351,535,658,763,973,1094,1236,1364,1582,1685,1868,1991,2196,2370,2459,2547,2651"
                    },
                    "to": {
                        "startLines": "29,30,31,32,33,34,35,36,38,39,40,41,42,43,44,45,46",
                        "startColumns": "4,4,4,4,4,4,4,4,4,4,4,4,4,4,4,4,4",
                        "startOffsets": "2762,2869,3053,3180,3289,3499,3624,3770,4099,4317,4424,4607,4734,4939,5117,5210,5302",
                        "endColumns": "106,183,126,108,209,124,145,131,217,106,182,126,204,177,92,91,107",
                        "endOffsets": "2864,3048,3175,3284,3494,3619,3765,3897,4312,4419,4602,4729,4934,5112,5205,5297,5405"
                    }
                },
                {
                    "source": "C:\\Users\\Mudassar\\.gradle\\caches\\transforms-2\\files-2.1\\9350583047d9d28e7a4708239acec4f1\\jetified-firebase-messaging-20.0.0\\res\\values-en-rGB\\values.xml",
                    "from": {
                        "startLines": "4",
                        "startColumns": "0",
                        "startOffsets": "209",
                        "endColumns": "107",
                        "endOffsets": "316"
                    },
                    "to": {
                        "startLines": "47",
                        "startColumns": "4",
                        "startOffsets": "5410",
                        "endColumns": "111",
                        "endOffsets": "5517"
                    }
                },
                {
                    "source": "C:\\Users\\Mudassar\\.gradle\\caches\\transforms-2\\files-2.1\\d7e0c950707e021378551cecb6624e83\\core-1.1.0\\res\\values-en-rGB\\values-en-rGB.xml",
                    "from": {
                        "startLines": "2",
                        "startColumns": "4",
                        "startOffsets": "55",
                        "endColumns": "100",
                        "endOffsets": "151"
                    },
                    "to": {
                        "startLines": "61",
                        "startColumns": "4",
                        "startOffsets": "6574",
                        "endColumns": "100",
                        "endOffsets": "6670"
                    }
                },
                {
                    "source": "C:\\Users\\Mudassar\\.gradle\\caches\\transforms-2\\files-2.1\\4bb36207c20871865b7b6196a54ae023\\jetified-play-services-basement-17.0.0\\res\\values-en-rGB\\values.xml",
                    "from": {
                        "startLines": "4",
                        "startColumns": "0",
                        "startOffsets": "251",
                        "endColumns": "196",
                        "endOffsets": "447"
                    },
                    "to": {
                        "startLines": "37",
                        "startColumns": "4",
                        "startOffsets": "3902",
                        "endColumns": "196",
                        "endOffsets": "4094"
                    }
                }
            ]
        }
    ]
}