{
    "logs": [
        {
            "outputFile": "D:\\1 BSCS 8TH\\CarController\\app\\build\\intermediates\\incremental\\mergeDebugResources\\merged.dir\\values-ru\\values-ru.xml",
            "map": [
                {
                    "source": "C:\\Users\\Mudassar\\.gradle\\caches\\transforms-2\\files-2.1\\331a29bf788a80d77947dedb12eb153f\\imagepicker-2.0.0\\res\\values-ru\\values-ru.xml",
                    "from": {
                        "startLines": "2,3,4,5,6,7,8,9,10,11,12,13,14,15,16,17",
                        "startColumns": "4,4,4,4,4,4,4,4,4,4,4,4,4,4,4,4",
                        "startOffsets": "55,100,143,222,287,361,433,504,577,693,825,862,985,1036,1105,1155",
                        "endColumns": "44,42,78,64,73,71,70,72,115,131,36,122,50,68,49,74",
                        "endOffsets": "95,138,217,282,356,428,499,572,688,820,857,980,1031,1100,1150,1225"
                    },
                    "to": {
                        "startLines": "49,50,51,52,53,54,55,56,57,58,59,60,61,62,63,64",
                        "startColumns": "4,4,4,4,4,4,4,4,4,4,4,4,4,4,4,4",
                        "startOffsets": "5702,5747,5790,5869,5934,6008,6080,6151,6224,6340,6472,6509,6632,6683,6752,6802",
                        "endColumns": "44,42,78,64,73,71,70,72,115,131,36,122,50,68,49,74",
                        "endOffsets": "5742,5785,5864,5929,6003,6075,6146,6219,6335,6467,6504,6627,6678,6747,6797,6872"
                    }
                },
                {
                    "source": "C:\\Users\\Mudassar\\.gradle\\caches\\transforms-2\\files-2.1\\4bb36207c20871865b7b6196a54ae023\\jetified-play-services-basement-17.0.0\\res\\values-ru\\values.xml",
                    "from": {
                        "startLines": "4",
                        "startColumns": "0",
                        "startOffsets": "247",
                        "endColumns": "215",
                        "endOffsets": "462"
                    },
                    "to": {
                        "startLines": "39",
                        "startColumns": "4",
                        "startOffsets": "4097",
                        "endColumns": "215",
                        "endOffsets": "4308"
                    }
                },
                {
                    "source": "C:\\Users\\Mudassar\\.gradle\\caches\\transforms-2\\files-2.1\\9350583047d9d28e7a4708239acec4f1\\jetified-firebase-messaging-20.0.0\\res\\values-ru\\values.xml",
                    "from": {
                        "startLines": "4",
                        "startColumns": "0",
                        "startOffsets": "205",
                        "endColumns": "100",
                        "endOffsets": "305"
                    },
                    "to": {
                        "startLines": "65",
                        "startColumns": "4",
                        "startOffsets": "6877",
                        "endColumns": "104",
                        "endOffsets": "6977"
                    }
                },
                {
                    "source": "C:\\Users\\Mudassar\\.gradle\\caches\\transforms-2\\files-2.1\\222cdc43ab70d3d702638d878ca1cedb\\jetified-navigation-ui-2.1.0\\res\\values-ru\\values-ru.xml",
                    "from": {
                        "startLines": "2,3",
                        "startColumns": "4,4",
                        "startOffsets": "55,163",
                        "endColumns": "107,118",
                        "endOffsets": "158,277"
                    },
                    "to": {
                        "startLines": "66,67",
                        "startColumns": "4,4",
                        "startOffsets": "6982,7090",
                        "endColumns": "107,118",
                        "endOffsets": "7085,7204"
                    }
                },
                {
                    "source": "C:\\Users\\Mudassar\\.gradle\\caches\\transforms-2\\files-2.1\\d7e0c950707e021378551cecb6624e83\\core-1.1.0\\res\\values-ru\\values-ru.xml",
                    "from": {
                        "startLines": "2",
                        "startColumns": "4",
                        "startOffsets": "55",
                        "endColumns": "100",
                        "endOffsets": "151"
                    },
                    "to": {
                        "startLines": "83",
                        "startColumns": "4",
                        "startOffsets": "8297",
                        "endColumns": "100",
                        "endOffsets": "8393"
                    }
                },
                {
                    "source": "C:\\Users\\Mudassar\\.gradle\\caches\\transforms-2\\files-2.1\\78e7d3f5487dbf3c8bd1a75d0d68a2a0\\appcompat-1.1.0\\res\\values-ru\\values-ru.xml",
                    "from": {
                        "startLines": "2,3,4,5,6,7,8,9,10,11,12,13,14,15,16,17,18,19,20,21,22,23,24,25,26,27,28,29",
                        "startColumns": "4,4,4,4,4,4,4,4,4,4,4,4,4,4,4,4,4,4,4,4,4,4,4,4,4,4,4,4",
                        "startOffsets": "105,220,322,421,507,612,733,812,889,981,1074,1169,1262,1358,1452,1548,1643,1735,1827,1915,2021,2128,2226,2335,2442,2556,2722,2822",
                        "endColumns": "114,101,98,85,104,120,78,76,91,92,94,92,95,93,95,94,91,91,87,105,106,97,108,106,113,165,99,80",
                        "endOffsets": "215,317,416,502,607,728,807,884,976,1069,1164,1257,1353,1447,1543,1638,1730,1822,1910,2016,2123,2221,2330,2437,2551,2717,2817,2898"
                    },
                    "to": {
                        "startLines": "2,3,4,5,6,7,8,9,10,11,12,13,14,15,16,17,18,19,20,21,22,23,24,25,26,27,28,78",
                        "startColumns": "4,4,4,4,4,4,4,4,4,4,4,4,4,4,4,4,4,4,4,4,4,4,4,4,4,4,4,4",
                        "startOffsets": "105,220,322,421,507,612,733,812,889,981,1074,1169,1262,1358,1452,1548,1643,1735,1827,1915,2021,2128,2226,2335,2442,2556,2722,8004",
                        "endColumns": "114,101,98,85,104,120,78,76,91,92,94,92,95,93,95,94,91,91,87,105,106,97,108,106,113,165,99,80",
                        "endOffsets": "215,317,416,502,607,728,807,884,976,1069,1164,1257,1353,1447,1543,1638,1730,1822,1910,2016,2123,2221,2330,2437,2551,2717,2817,8080"
                    }
                },
                {
                    "source": "C:\\Users\\Mudassar\\.gradle\\caches\\transforms-2\\files-2.1\\fc1a205467b5c433350d5b0560a1781f\\play-services-base-17.1.0\\res\\values-ru\\values.xml",
                    "from": {
                        "startLines": "4,5,6,7,8,9,10,11,12,13,14,15,16,17,18,19,20",
                        "startColumns": "0,0,0,0,0,0,0,0,0,0,0,0,0,0,0,0,0",
                        "startOffsets": "245,350,548,672,780,981,1108,1249,1378,1618,1723,1917,2041,2267,2451,2546,2632",
                        "endColumns": "104,197,123,107,200,126,140,128,239,104,193,123,225,183,94,85,110",
                        "endOffsets": "349,547,671,779,980,1107,1248,1377,1617,1722,1916,2040,2266,2450,2545,2631,2742"
                    },
                    "to": {
                        "startLines": "31,32,33,34,35,36,37,38,40,41,42,43,44,45,46,47,48",
                        "startColumns": "4,4,4,4,4,4,4,4,4,4,4,4,4,4,4,4,4",
                        "startOffsets": "2940,3049,3247,3375,3487,3688,3819,3964,4313,4553,4662,4856,4984,5210,5398,5497,5587",
                        "endColumns": "108,197,127,111,200,130,144,132,239,108,193,127,225,187,98,89,114",
                        "endOffsets": "3044,3242,3370,3482,3683,3814,3959,4092,4548,4657,4851,4979,5205,5393,5492,5582,5697"
                    }
                },
                {
                    "source": "C:\\Users\\Mudassar\\.gradle\\caches\\transforms-2\\files-2.1\\d835d2effcd8e97c306f6a50688d9a8a\\jetified-places-compat-1.0.0\\res\\values-ru\\values.xml",
                    "from": {
                        "startLines": "4,5,6,7,8,9,10,11",
                        "startColumns": "0,0,0,0,0,0,0,0",
                        "startOffsets": "184,262,324,428,490,535,602,686",
                        "endColumns": "77,61,103,61,44,66,83,50",
                        "endOffsets": "261,323,427,489,534,601,685,736"
                    },
                    "to": {
                        "startLines": "70,71,72,73,74,75,76,77",
                        "startColumns": "4,4,4,4,4,4,4,4",
                        "startOffsets": "7419,7501,7567,7675,7741,7790,7861,7949",
                        "endColumns": "81,65,107,65,48,70,87,54",
                        "endOffsets": "7496,7562,7670,7736,7785,7856,7944,7999"
                    }
                },
                {
                    "source": "C:\\Users\\Mudassar\\.gradle\\caches\\transforms-2\\files-2.1\\2c829cd8480f9c4cc065b3508607ae1b\\AppIntro-5.1.0\\res\\values-ru\\values-ru.xml",
                    "from": {
                        "startLines": "2,3",
                        "startColumns": "4,4",
                        "startOffsets": "55,112",
                        "endColumns": "56,60",
                        "endOffsets": "107,168"
                    },
                    "to": {
                        "startLines": "29,30",
                        "startColumns": "4,4",
                        "startOffsets": "2822,2879",
                        "endColumns": "56,60",
                        "endOffsets": "2874,2935"
                    }
                },
                {
                    "source": "C:\\Users\\Mudassar\\.gradle\\caches\\transforms-2\\files-2.1\\77571824e186a0bcb55e4e747368d369\\jetified-slycalendarview-0.0.9\\res\\values-ru\\values-ru.xml",
                    "from": {
                        "startLines": "2,3,4,5",
                        "startColumns": "4,4,4,4",
                        "startOffsets": "55,109,161,212",
                        "endColumns": "53,51,50,54",
                        "endOffsets": "104,156,207,262"
                    },
                    "to": {
                        "startLines": "79,80,81,82",
                        "startColumns": "4,4,4,4",
                        "startOffsets": "8085,8139,8191,8242",
                        "endColumns": "53,51,50,54",
                        "endOffsets": "8134,8186,8237,8292"
                    }
                },
                {
                    "source": "C:\\Users\\Mudassar\\.gradle\\caches\\transforms-2\\files-2.1\\4d90089bba98735a4773fb5da4aac47c\\jetified-play-services-places-16.0.0\\res\\values-ru\\values.xml",
                    "from": {
                        "startLines": "4,5",
                        "startColumns": "0,0",
                        "startOffsets": "193,304",
                        "endColumns": "110,90",
                        "endOffsets": "303,394"
                    },
                    "to": {
                        "startLines": "68,69",
                        "startColumns": "4,4",
                        "startOffsets": "7209,7324",
                        "endColumns": "114,94",
                        "endOffsets": "7319,7414"
                    }
                }
            ]
        }
    ]
}