{
    "logs": [
        {
            "outputFile": "D:\\1 BSCS 8TH\\CarController\\app\\build\\intermediates\\incremental\\mergeDebugResources\\merged.dir\\values-es\\values-es.xml",
            "map": [
                {
                    "source": "C:\\Users\\Mudassar\\.gradle\\caches\\transforms-2\\files-2.1\\2c829cd8480f9c4cc065b3508607ae1b\\AppIntro-5.1.0\\res\\values-es\\values-es.xml",
                    "from": {
                        "startLines": "2,3",
                        "startColumns": "4,4",
                        "startOffsets": "55,111",
                        "endColumns": "55,56",
                        "endOffsets": "106,163"
                    },
                    "to": {
                        "startLines": "81,82",
                        "startColumns": "4,4",
                        "startOffsets": "6834,6890",
                        "endColumns": "55,56",
                        "endOffsets": "6885,6942"
                    }
                },
                {
                    "source": "C:\\Users\\Mudassar\\.gradle\\caches\\transforms-2\\files-2.1\\9350583047d9d28e7a4708239acec4f1\\jetified-firebase-messaging-20.0.0\\res\\values-es\\values.xml",
                    "from": {
                        "startLines": "4",
                        "startColumns": "0",
                        "startOffsets": "205",
                        "endColumns": "100",
                        "endOffsets": "305"
                    },
                    "to": {
                        "startLines": "104",
                        "startColumns": "4",
                        "startOffsets": "9921",
                        "endColumns": "104",
                        "endOffsets": "10021"
                    }
                },
                {
                    "source": "C:\\Users\\Mudassar\\.gradle\\caches\\transforms-2\\files-2.1\\d7e0c950707e021378551cecb6624e83\\core-1.1.0\\res\\values-es\\values-es.xml",
                    "from": {
                        "startLines": "2",
                        "startColumns": "4",
                        "startOffsets": "55",
                        "endColumns": "100",
                        "endOffsets": "151"
                    },
                    "to": {
                        "startLines": "140",
                        "startColumns": "4",
                        "startOffsets": "12755",
                        "endColumns": "100",
                        "endOffsets": "12851"
                    }
                },
                {
                    "source": "C:\\Users\\Mudassar\\.gradle\\caches\\transforms-2\\files-2.1\\4d90089bba98735a4773fb5da4aac47c\\jetified-play-services-places-16.0.0\\res\\values-es\\values.xml",
                    "from": {
                        "startLines": "4,5",
                        "startColumns": "0,0",
                        "startOffsets": "193,297",
                        "endColumns": "103,91",
                        "endOffsets": "296,388"
                    },
                    "to": {
                        "startLines": "128,129",
                        "startColumns": "4,4",
                        "startOffsets": "11822,11930",
                        "endColumns": "107,95",
                        "endOffsets": "11925,12021"
                    }
                },
                {
                    "source": "C:\\Users\\Mudassar\\.gradle\\caches\\transforms-2\\files-2.1\\222cdc43ab70d3d702638d878ca1cedb\\jetified-navigation-ui-2.1.0\\res\\values-es\\values-es.xml",
                    "from": {
                        "startLines": "2,3",
                        "startColumns": "4,4",
                        "startOffsets": "55,174",
                        "endColumns": "118,119",
                        "endOffsets": "169,289"
                    },
                    "to": {
                        "startLines": "124,125",
                        "startColumns": "4,4",
                        "startOffsets": "11435,11554",
                        "endColumns": "118,119",
                        "endOffsets": "11549,11669"
                    }
                },
                {
                    "source": "C:\\Users\\Mudassar\\.gradle\\caches\\transforms-2\\files-2.1\\d835d2effcd8e97c306f6a50688d9a8a\\jetified-places-compat-1.0.0\\res\\values-es\\values.xml",
                    "from": {
                        "startLines": "4,5,6,7,8,9,10,11",
                        "startColumns": "0,0,0,0,0,0,0,0",
                        "startOffsets": "184,259,324,416,479,526,603,699",
                        "endColumns": "74,64,91,62,46,76,95,51",
                        "endOffsets": "258,323,415,478,525,602,698,750"
                    },
                    "to": {
                        "startLines": "130,131,132,133,134,135,136,137",
                        "startColumns": "4,4,4,4,4,4,4,4",
                        "startOffsets": "12026,12105,12174,12270,12337,12388,12469,12569",
                        "endColumns": "78,68,95,66,50,80,99,55",
                        "endOffsets": "12100,12169,12265,12332,12383,12464,12564,12620"
                    }
                },
                {
                    "source": "C:\\Users\\Mudassar\\.gradle\\caches\\transforms-2\\files-2.1\\4bb36207c20871865b7b6196a54ae023\\jetified-play-services-basement-17.0.0\\res\\values-es\\values.xml",
                    "from": {
                        "startLines": "4",
                        "startColumns": "0",
                        "startOffsets": "247",
                        "endColumns": "218",
                        "endOffsets": "465"
                    },
                    "to": {
                        "startLines": "91",
                        "startColumns": "4",
                        "startOffsets": "8141",
                        "endColumns": "218",
                        "endOffsets": "8355"
                    }
                },
                {
                    "source": "C:\\Users\\Mudassar\\.gradle\\caches\\transforms-2\\files-2.1\\78e7d3f5487dbf3c8bd1a75d0d68a2a0\\appcompat-1.1.0\\res\\values-es\\values-es.xml",
                    "from": {
                        "startLines": "2,3,4,5,6,7,8,9,10,11,12,13,14,15,16,17,18,19,20,21,22,23,24,25,26,27,28,29",
                        "startColumns": "4,4,4,4,4,4,4,4,4,4,4,4,4,4,4,4,4,4,4,4,4,4,4,4,4,4,4,4",
                        "startOffsets": "105,207,320,428,513,614,742,828,910,1002,1095,1192,1286,1387,1481,1577,1673,1765,1857,1938,2045,2156,2255,2363,2471,2578,2737,2836",
                        "endColumns": "101,112,107,84,100,127,85,81,91,92,96,93,100,93,95,95,91,91,80,106,110,98,107,107,106,158,98,81",
                        "endOffsets": "202,315,423,508,609,737,823,905,997,1090,1187,1281,1382,1476,1572,1668,1760,1852,1933,2040,2151,2250,2358,2466,2573,2732,2831,2913"
                    },
                    "to": {
                        "startLines": "2,3,4,5,6,7,8,9,10,11,12,13,14,15,16,17,18,19,20,21,22,23,24,25,26,27,28,139",
                        "startColumns": "4,4,4,4,4,4,4,4,4,4,4,4,4,4,4,4,4,4,4,4,4,4,4,4,4,4,4,4",
                        "startOffsets": "105,207,320,428,513,614,742,828,910,1002,1095,1192,1286,1387,1481,1577,1673,1765,1857,1938,2045,2156,2255,2363,2471,2578,2737,12673",
                        "endColumns": "101,112,107,84,100,127,85,81,91,92,96,93,100,93,95,95,91,91,80,106,110,98,107,107,106,158,98,81",
                        "endOffsets": "202,315,423,508,609,737,823,905,997,1090,1187,1281,1382,1476,1572,1668,1760,1852,1933,2040,2151,2250,2358,2466,2573,2732,2831,12750"
                    }
                },
                {
                    "source": "C:\\Users\\Mudassar\\.gradle\\caches\\transforms-2\\files-2.1\\fc1a205467b5c433350d5b0560a1781f\\play-services-base-17.1.0\\res\\values-es\\values.xml",
                    "from": {
                        "startLines": "4,5,6,7,8,9,10,11,12,13,14,15,16,17,18,19,20",
                        "startColumns": "0,0,0,0,0,0,0,0,0,0,0,0,0,0,0,0,0",
                        "startOffsets": "245,351,546,675,781,1001,1132,1280,1415,1666,1773,1969,2099,2323,2506,2599,2694",
                        "endColumns": "105,194,128,105,219,130,147,134,250,106,195,129,223,182,92,94,109",
                        "endOffsets": "350,545,674,780,1000,1131,1279,1414,1665,1772,1968,2098,2322,2505,2598,2693,2803"
                    },
                    "to": {
                        "startLines": "83,84,85,86,87,88,89,90,92,93,94,95,96,97,98,99,100",
                        "startColumns": "4,4,4,4,4,4,4,4,4,4,4,4,4,4,4,4,4",
                        "startOffsets": "6947,7057,7252,7385,7495,7715,7850,8002,8360,8611,8722,8918,9052,9276,9463,9560,9659",
                        "endColumns": "109,194,132,109,219,134,151,138,250,110,195,133,223,186,96,98,113",
                        "endOffsets": "7052,7247,7380,7490,7710,7845,7997,8136,8606,8717,8913,9047,9271,9458,9555,9654,9768"
                    }
                },
                {
                    "source": "C:\\Users\\Mudassar\\.gradle\\caches\\transforms-2\\files-2.1\\3245a9ff61e14dd5e3de0b55e9b64857\\jetified-stripe-android-8.5.0\\res\\values-es\\values-es.xml",
                    "from": {
                        "startLines": "2,3,4,5,6,7,8,9,10,11,12,13,14,15,16,17,18,19,20,21,22,23,24,25,26,27,28,29,30,31,32,33,34,35,36,37,38,39,40,41,42,43,44,45,46,47,48,49,50,51,52,53,54,55,56,57,58,59,60,61,62,63,64,65,66,67,68,69",
                        "startColumns": "4,4,4,4,4,4,4,4,4,4,4,4,4,4,4,4,4,4,4,4,4,4,4,4,4,4,4,4,4,4,4,4,4,4,4,4,4,4,4,4,4,4,4,4,4,4,4,4,4,4,4,4,4,4,4,4,4,4,4,4,4,4,4,4,4,4,4,4",
                        "startOffsets": "55,123,200,271,342,422,478,530,656,742,828,888,963,1057,1131,1225,1306,1360,1432,1489,1566,1621,1678,1755,1809,1883,1957,2051,2119,2207,2272,2357,2418,2499,2584,2688,2743,2818,2883,2968,3040,3132,3202,3292,3378,3461,3551,3665,3733,3805,3889,3968,4053,4097,4148,4201,4284,4375,4474,4572,4658,4724,4794,4872,4920,4984,5053,5117",
                        "endColumns": "67,76,70,70,79,55,51,125,85,85,59,74,93,73,93,80,53,71,56,76,54,56,76,53,73,73,93,67,87,64,84,60,80,84,103,54,74,64,84,71,91,69,89,85,82,89,113,67,71,83,78,84,43,50,52,82,90,98,97,85,65,69,77,47,63,68,63,86",
                        "endOffsets": "118,195,266,337,417,473,525,651,737,823,883,958,1052,1126,1220,1301,1355,1427,1484,1561,1616,1673,1750,1804,1878,1952,2046,2114,2202,2267,2352,2413,2494,2579,2683,2738,2813,2878,2963,3035,3127,3197,3287,3373,3456,3546,3660,3728,3800,3884,3963,4048,4092,4143,4196,4279,4370,4469,4567,4653,4719,4789,4867,4915,4979,5048,5112,5199"
                    },
                    "to": {
                        "startLines": "29,30,31,32,33,34,35,36,37,38,39,40,41,42,43,44,45,46,47,48,49,50,51,52,53,54,55,56,57,58,59,60,61,62,63,64,65,66,67,68,69,70,71,72,73,74,75,76,77,78,79,80,101,102,103,105,106,107,108,109,110,126,127,138,141,142,143,144",
                        "startColumns": "4,4,4,4,4,4,4,4,4,4,4,4,4,4,4,4,4,4,4,4,4,4,4,4,4,4,4,4,4,4,4,4,4,4,4,4,4,4,4,4,4,4,4,4,4,4,4,4,4,4,4,4,4,4,4,4,4,4,4,4,4,4,4,4,4,4,4,4",
                        "startOffsets": "2836,2904,2981,3052,3123,3203,3259,3311,3437,3523,3609,3669,3744,3838,3912,4006,4087,4141,4213,4270,4347,4402,4459,4536,4590,4664,4738,4832,4900,4988,5053,5138,5199,5280,5365,5469,5524,5599,5664,5749,5821,5913,5983,6073,6159,6242,6332,6446,6514,6586,6670,6749,9773,9817,9868,10026,10109,10200,10299,10397,10483,11674,11744,12625,12856,12920,12989,13053",
                        "endColumns": "67,76,70,70,79,55,51,125,85,85,59,74,93,73,93,80,53,71,56,76,54,56,76,53,73,73,93,67,87,64,84,60,80,84,103,54,74,64,84,71,91,69,89,85,82,89,113,67,71,83,78,84,43,50,52,82,90,98,97,85,65,69,77,47,63,68,63,86",
                        "endOffsets": "2899,2976,3047,3118,3198,3254,3306,3432,3518,3604,3664,3739,3833,3907,4001,4082,4136,4208,4265,4342,4397,4454,4531,4585,4659,4733,4827,4895,4983,5048,5133,5194,5275,5360,5464,5519,5594,5659,5744,5816,5908,5978,6068,6154,6237,6327,6441,6509,6581,6665,6744,6829,9812,9863,9916,10104,10195,10294,10392,10478,10544,11739,11817,12668,12915,12984,13048,13135"
                    }
                },
                {
                    "source": "C:\\Users\\Mudassar\\.gradle\\caches\\transforms-2\\files-2.1\\d3115abdef381c8e7cd4331984007bfa\\leku-6.2.1\\res\\values-es\\values-es.xml",
                    "from": {
                        "startLines": "2,3,4,5,6,7,8,9,10,11,12,13,14",
                        "startColumns": "4,4,4,4,4,4,4,4,4,4,4,4,4",
                        "startOffsets": "55,112,162,262,314,372,450,536,588,668,732,804,871",
                        "endColumns": "56,49,99,51,57,77,85,51,79,63,71,66,69",
                        "endOffsets": "107,157,257,309,367,445,531,583,663,727,799,866,936"
                    },
                    "to": {
                        "startLines": "111,112,113,114,115,116,117,118,119,120,121,122,123",
                        "startColumns": "4,4,4,4,4,4,4,4,4,4,4,4,4",
                        "startOffsets": "10549,10606,10656,10756,10808,10866,10944,11030,11082,11162,11226,11298,11365",
                        "endColumns": "56,49,99,51,57,77,85,51,79,63,71,66,69",
                        "endOffsets": "10601,10651,10751,10803,10861,10939,11025,11077,11157,11221,11293,11360,11430"
                    }
                }
            ]
        }
    ]
}