{
    "logs": [
        {
            "outputFile": "D:\\1 BSCS 8TH\\CarController\\app\\build\\intermediates\\incremental\\mergeDebugResources\\merged.dir\\values-sw720dp-v13\\values-sw720dp-v13.xml",
            "map": [
                {
                    "source": "C:\\Users\\Mudassar\\.gradle\\caches\\transforms-2\\files-2.1\\2c829cd8480f9c4cc065b3508607ae1b\\AppIntro-5.1.0\\res\\values-sw720dp-v13\\values-sw720dp-v13.xml",
                    "from": {
                        "startLines": "2,3",
                        "startColumns": "4,4",
                        "startOffsets": "55,113",
                        "endColumns": "57,58",
                        "endOffsets": "108,167"
                    }
                }
            ]
        }
    ]
}