{
    "logs": [
        {
            "outputFile": "D:\\1 BSCS 8TH\\CarController\\app\\build\\intermediates\\incremental\\mergeDebugResources\\merged.dir\\values-eu\\values-eu.xml",
            "map": [
                {
                    "source": "C:\\Users\\Mudassar\\.gradle\\caches\\transforms-2\\files-2.1\\d7e0c950707e021378551cecb6624e83\\core-1.1.0\\res\\values-eu\\values-eu.xml",
                    "from": {
                        "startLines": "2",
                        "startColumns": "4",
                        "startOffsets": "55",
                        "endColumns": "100",
                        "endOffsets": "151"
                    },
                    "to": {
                        "startLines": "61",
                        "startColumns": "4",
                        "startOffsets": "6855",
                        "endColumns": "100",
                        "endOffsets": "6951"
                    }
                },
                {
                    "source": "C:\\Users\\Mudassar\\.gradle\\caches\\transforms-2\\files-2.1\\9350583047d9d28e7a4708239acec4f1\\jetified-firebase-messaging-20.0.0\\res\\values-eu\\values.xml",
                    "from": {
                        "startLines": "4",
                        "startColumns": "0",
                        "startOffsets": "205",
                        "endColumns": "106",
                        "endOffsets": "311"
                    },
                    "to": {
                        "startLines": "47",
                        "startColumns": "4",
                        "startOffsets": "5636",
                        "endColumns": "110",
                        "endOffsets": "5742"
                    }
                },
                {
                    "source": "C:\\Users\\Mudassar\\.gradle\\caches\\transforms-2\\files-2.1\\4d90089bba98735a4773fb5da4aac47c\\jetified-play-services-places-16.0.0\\res\\values-eu\\values.xml",
                    "from": {
                        "startLines": "4,5",
                        "startColumns": "0,0",
                        "startOffsets": "193,296",
                        "endColumns": "102,93",
                        "endOffsets": "295,389"
                    },
                    "to": {
                        "startLines": "50,51",
                        "startColumns": "4,4",
                        "startOffsets": "5978,6085",
                        "endColumns": "106,97",
                        "endOffsets": "6080,6178"
                    }
                },
                {
                    "source": "C:\\Users\\Mudassar\\.gradle\\caches\\transforms-2\\files-2.1\\4bb36207c20871865b7b6196a54ae023\\jetified-play-services-basement-17.0.0\\res\\values-eu\\values.xml",
                    "from": {
                        "startLines": "4",
                        "startColumns": "0",
                        "startOffsets": "247",
                        "endColumns": "200",
                        "endOffsets": "447"
                    },
                    "to": {
                        "startLines": "37",
                        "startColumns": "4",
                        "startOffsets": "4027",
                        "endColumns": "200",
                        "endOffsets": "4223"
                    }
                },
                {
                    "source": "C:\\Users\\Mudassar\\.gradle\\caches\\transforms-2\\files-2.1\\fc1a205467b5c433350d5b0560a1781f\\play-services-base-17.1.0\\res\\values-eu\\values.xml",
                    "from": {
                        "startLines": "4,5,6,7,8,9,10,11,12,13,14,15,16,17,18,19,20",
                        "startColumns": "0,0,0,0,0,0,0,0,0,0,0,0,0,0,0,0,0",
                        "startOffsets": "245,347,555,679,786,992,1117,1266,1398,1641,1747,1945,2073,2300,2485,2577,2668",
                        "endColumns": "101,207,123,106,205,124,148,131,242,105,197,127,226,184,91,90,113",
                        "endOffsets": "346,554,678,785,991,1116,1265,1397,1640,1746,1944,2072,2299,2484,2576,2667,2781"
                    },
                    "to": {
                        "startLines": "29,30,31,32,33,34,35,36,38,39,40,41,42,43,44,45,46",
                        "startColumns": "4,4,4,4,4,4,4,4,4,4,4,4,4,4,4,4,4",
                        "startOffsets": "2850,2956,3164,3292,3403,3609,3738,3891,4228,4471,4581,4779,4911,5138,5327,5423,5518",
                        "endColumns": "105,207,127,110,205,128,152,135,242,109,197,131,226,188,95,94,117",
                        "endOffsets": "2951,3159,3287,3398,3604,3733,3886,4022,4466,4576,4774,4906,5133,5322,5418,5513,5631"
                    }
                },
                {
                    "source": "C:\\Users\\Mudassar\\.gradle\\caches\\transforms-2\\files-2.1\\d835d2effcd8e97c306f6a50688d9a8a\\jetified-places-compat-1.0.0\\res\\values-eu\\values.xml",
                    "from": {
                        "startLines": "4,5,6,7,8,9,10,11",
                        "startColumns": "0,0,0,0,0,0,0,0",
                        "startOffsets": "184,258,322,423,486,529,605,686",
                        "endColumns": "73,63,100,62,42,75,80,55",
                        "endOffsets": "257,321,422,485,528,604,685,741"
                    },
                    "to": {
                        "startLines": "52,53,54,55,56,57,58,59",
                        "startColumns": "4,4,4,4,4,4,4,4",
                        "startOffsets": "6183,6261,6329,6434,6501,6548,6628,6713",
                        "endColumns": "77,67,104,66,46,79,84,59",
                        "endOffsets": "6256,6324,6429,6496,6543,6623,6708,6768"
                    }
                },
                {
                    "source": "C:\\Users\\Mudassar\\.gradle\\caches\\transforms-2\\files-2.1\\78e7d3f5487dbf3c8bd1a75d0d68a2a0\\appcompat-1.1.0\\res\\values-eu\\values-eu.xml",
                    "from": {
                        "startLines": "2,3,4,5,6,7,8,9,10,11,12,13,14,15,16,17,18,19,20,21,22,23,24,25,26,27,28,29",
                        "startColumns": "4,4,4,4,4,4,4,4,4,4,4,4,4,4,4,4,4,4,4,4,4,4,4,4,4,4,4,4",
                        "startOffsets": "105,214,312,422,508,614,738,824,906,998,1091,1187,1281,1383,1477,1573,1670,1762,1855,1936,2045,2154,2253,2362,2469,2580,2751,2850",
                        "endColumns": "108,97,109,85,105,123,85,81,91,92,95,93,101,93,95,96,91,92,80,108,108,98,108,106,110,170,98,81",
                        "endOffsets": "209,307,417,503,609,733,819,901,993,1086,1182,1276,1378,1472,1568,1665,1757,1850,1931,2040,2149,2248,2357,2464,2575,2746,2845,2927"
                    },
                    "to": {
                        "startLines": "2,3,4,5,6,7,8,9,10,11,12,13,14,15,16,17,18,19,20,21,22,23,24,25,26,27,28,60",
                        "startColumns": "4,4,4,4,4,4,4,4,4,4,4,4,4,4,4,4,4,4,4,4,4,4,4,4,4,4,4,4",
                        "startOffsets": "105,214,312,422,508,614,738,824,906,998,1091,1187,1281,1383,1477,1573,1670,1762,1855,1936,2045,2154,2253,2362,2469,2580,2751,6773",
                        "endColumns": "108,97,109,85,105,123,85,81,91,92,95,93,101,93,95,96,91,92,80,108,108,98,108,106,110,170,98,81",
                        "endOffsets": "209,307,417,503,609,733,819,901,993,1086,1182,1276,1378,1472,1568,1665,1757,1850,1931,2040,2149,2248,2357,2464,2575,2746,2845,6850"
                    }
                },
                {
                    "source": "C:\\Users\\Mudassar\\.gradle\\caches\\transforms-2\\files-2.1\\222cdc43ab70d3d702638d878ca1cedb\\jetified-navigation-ui-2.1.0\\res\\values-eu\\values-eu.xml",
                    "from": {
                        "startLines": "2,3",
                        "startColumns": "4,4",
                        "startOffsets": "55,159",
                        "endColumns": "103,126",
                        "endOffsets": "154,281"
                    },
                    "to": {
                        "startLines": "48,49",
                        "startColumns": "4,4",
                        "startOffsets": "5747,5851",
                        "endColumns": "103,126",
                        "endOffsets": "5846,5973"
                    }
                }
            ]
        }
    ]
}