{
    "logs": [
        {
            "outputFile": "D:\\1 BSCS 8TH\\CarController\\app\\build\\intermediates\\incremental\\mergeDebugResources\\merged.dir\\values-mk\\values-mk.xml",
            "map": [
                {
                    "source": "C:\\Users\\Mudassar\\.gradle\\caches\\transforms-2\\files-2.1\\4bb36207c20871865b7b6196a54ae023\\jetified-play-services-basement-17.0.0\\res\\values-mk\\values.xml",
                    "from": {
                        "startLines": "4",
                        "startColumns": "0",
                        "startOffsets": "247",
                        "endColumns": "195",
                        "endOffsets": "442"
                    },
                    "to": {
                        "startLines": "37",
                        "startColumns": "4",
                        "startOffsets": "3997",
                        "endColumns": "195",
                        "endOffsets": "4188"
                    }
                },
                {
                    "source": "C:\\Users\\Mudassar\\.gradle\\caches\\transforms-2\\files-2.1\\9350583047d9d28e7a4708239acec4f1\\jetified-firebase-messaging-20.0.0\\res\\values-mk\\values.xml",
                    "from": {
                        "startLines": "4",
                        "startColumns": "0",
                        "startOffsets": "205",
                        "endColumns": "99",
                        "endOffsets": "304"
                    },
                    "to": {
                        "startLines": "47",
                        "startColumns": "4",
                        "startOffsets": "5552",
                        "endColumns": "103",
                        "endOffsets": "5651"
                    }
                },
                {
                    "source": "C:\\Users\\Mudassar\\.gradle\\caches\\transforms-2\\files-2.1\\4d90089bba98735a4773fb5da4aac47c\\jetified-play-services-places-16.0.0\\res\\values-mk\\values.xml",
                    "from": {
                        "startLines": "4,5",
                        "startColumns": "0,0",
                        "startOffsets": "193,304",
                        "endColumns": "110,93",
                        "endOffsets": "303,397"
                    },
                    "to": {
                        "startLines": "50,51",
                        "startColumns": "4,4",
                        "startOffsets": "5889,6004",
                        "endColumns": "114,97",
                        "endOffsets": "5999,6097"
                    }
                },
                {
                    "source": "C:\\Users\\Mudassar\\.gradle\\caches\\transforms-2\\files-2.1\\fc1a205467b5c433350d5b0560a1781f\\play-services-base-17.1.0\\res\\values-mk\\values.xml",
                    "from": {
                        "startLines": "4,5,6,7,8,9,10,11,12,13,14,15,16,17,18,19,20",
                        "startColumns": "0,0,0,0,0,0,0,0,0,0,0,0,0,0,0,0,0",
                        "startOffsets": "245,350,543,674,782,986,1117,1263,1398,1614,1719,1916,2047,2259,2444,2539,2629",
                        "endColumns": "104,192,130,107,203,130,145,134,215,104,196,130,211,184,94,89,103",
                        "endOffsets": "349,542,673,781,985,1116,1262,1397,1613,1718,1915,2046,2258,2443,2538,2628,2732"
                    },
                    "to": {
                        "startLines": "29,30,31,32,33,34,35,36,38,39,40,41,42,43,44,45,46",
                        "startColumns": "4,4,4,4,4,4,4,4,4,4,4,4,4,4,4,4,4",
                        "startOffsets": "2820,2929,3122,3257,3369,3573,3708,3858,4193,4409,4518,4715,4850,5062,5251,5350,5444",
                        "endColumns": "108,192,134,111,203,134,149,138,215,108,196,134,211,188,98,93,107",
                        "endOffsets": "2924,3117,3252,3364,3568,3703,3853,3992,4404,4513,4710,4845,5057,5246,5345,5439,5547"
                    }
                },
                {
                    "source": "C:\\Users\\Mudassar\\.gradle\\caches\\transforms-2\\files-2.1\\d835d2effcd8e97c306f6a50688d9a8a\\jetified-places-compat-1.0.0\\res\\values-mk\\values.xml",
                    "from": {
                        "startLines": "4,5,6,7,8,9,10,11",
                        "startColumns": "0,0,0,0,0,0,0,0",
                        "startOffsets": "184,266,331,419,486,531,601,695",
                        "endColumns": "81,64,87,66,44,69,93,51",
                        "endOffsets": "265,330,418,485,530,600,694,746"
                    },
                    "to": {
                        "startLines": "52,53,54,55,56,57,58,59",
                        "startColumns": "4,4,4,4,4,4,4,4",
                        "startOffsets": "6102,6188,6257,6349,6420,6469,6543,6641",
                        "endColumns": "85,68,91,70,48,73,97,55",
                        "endOffsets": "6183,6252,6344,6415,6464,6538,6636,6692"
                    }
                },
                {
                    "source": "C:\\Users\\Mudassar\\.gradle\\caches\\transforms-2\\files-2.1\\78e7d3f5487dbf3c8bd1a75d0d68a2a0\\appcompat-1.1.0\\res\\values-mk\\values-mk.xml",
                    "from": {
                        "startLines": "2,3,4,5,6,7,8,9,10,11,12,13,14,15,16,17,18,19,20,21,22,23,24,25,26,27,28,29",
                        "startColumns": "4,4,4,4,4,4,4,4,4,4,4,4,4,4,4,4,4,4,4,4,4,4,4,4,4,4,4,4",
                        "startOffsets": "105,213,317,425,511,619,738,822,904,995,1087,1183,1277,1378,1471,1566,1662,1753,1844,1930,2036,2142,2243,2350,2462,2566,2722,2820",
                        "endColumns": "107,103,107,85,107,118,83,81,90,91,95,93,100,92,94,95,90,90,85,105,105,100,106,111,103,155,97,83",
                        "endOffsets": "208,312,420,506,614,733,817,899,990,1082,1178,1272,1373,1466,1561,1657,1748,1839,1925,2031,2137,2238,2345,2457,2561,2717,2815,2899"
                    },
                    "to": {
                        "startLines": "2,3,4,5,6,7,8,9,10,11,12,13,14,15,16,17,18,19,20,21,22,23,24,25,26,27,28,60",
                        "startColumns": "4,4,4,4,4,4,4,4,4,4,4,4,4,4,4,4,4,4,4,4,4,4,4,4,4,4,4,4",
                        "startOffsets": "105,213,317,425,511,619,738,822,904,995,1087,1183,1277,1378,1471,1566,1662,1753,1844,1930,2036,2142,2243,2350,2462,2566,2722,6697",
                        "endColumns": "107,103,107,85,107,118,83,81,90,91,95,93,100,92,94,95,90,90,85,105,105,100,106,111,103,155,97,83",
                        "endOffsets": "208,312,420,506,614,733,817,899,990,1082,1178,1272,1373,1466,1561,1657,1748,1839,1925,2031,2137,2238,2345,2457,2561,2717,2815,6776"
                    }
                },
                {
                    "source": "C:\\Users\\Mudassar\\.gradle\\caches\\transforms-2\\files-2.1\\222cdc43ab70d3d702638d878ca1cedb\\jetified-navigation-ui-2.1.0\\res\\values-mk\\values-mk.xml",
                    "from": {
                        "startLines": "2,3",
                        "startColumns": "4,4",
                        "startOffsets": "55,160",
                        "endColumns": "104,127",
                        "endOffsets": "155,283"
                    },
                    "to": {
                        "startLines": "48,49",
                        "startColumns": "4,4",
                        "startOffsets": "5656,5761",
                        "endColumns": "104,127",
                        "endOffsets": "5756,5884"
                    }
                },
                {
                    "source": "C:\\Users\\Mudassar\\.gradle\\caches\\transforms-2\\files-2.1\\d7e0c950707e021378551cecb6624e83\\core-1.1.0\\res\\values-mk\\values-mk.xml",
                    "from": {
                        "startLines": "2",
                        "startColumns": "4",
                        "startOffsets": "55",
                        "endColumns": "100",
                        "endOffsets": "151"
                    },
                    "to": {
                        "startLines": "61",
                        "startColumns": "4",
                        "startOffsets": "6781",
                        "endColumns": "100",
                        "endOffsets": "6877"
                    }
                }
            ]
        }
    ]
}