{
    "logs": [
        {
            "outputFile": "D:\\1 BSCS 8TH\\CarController\\app\\build\\intermediates\\incremental\\mergeDebugResources\\merged.dir\\values-sk\\values-sk.xml",
            "map": [
                {
                    "source": "C:\\Users\\Mudassar\\.gradle\\caches\\transforms-2\\files-2.1\\d7e0c950707e021378551cecb6624e83\\core-1.1.0\\res\\values-sk\\values-sk.xml",
                    "from": {
                        "startLines": "2",
                        "startColumns": "4",
                        "startOffsets": "55",
                        "endColumns": "100",
                        "endOffsets": "151"
                    },
                    "to": {
                        "startLines": "61",
                        "startColumns": "4",
                        "startOffsets": "6812",
                        "endColumns": "100",
                        "endOffsets": "6908"
                    }
                },
                {
                    "source": "C:\\Users\\Mudassar\\.gradle\\caches\\transforms-2\\files-2.1\\d835d2effcd8e97c306f6a50688d9a8a\\jetified-places-compat-1.0.0\\res\\values-sk\\values.xml",
                    "from": {
                        "startLines": "4,5,6,7,8,9,10,11",
                        "startColumns": "0,0,0,0,0,0,0,0",
                        "startOffsets": "184,262,325,432,501,546,622,707",
                        "endColumns": "77,62,106,68,44,75,84,53",
                        "endOffsets": "261,324,431,500,545,621,706,760"
                    },
                    "to": {
                        "startLines": "52,53,54,55,56,57,58,59",
                        "startColumns": "4,4,4,4,4,4,4,4",
                        "startOffsets": "6121,6203,6270,6381,6454,6503,6583,6672",
                        "endColumns": "81,66,110,72,48,79,88,57",
                        "endOffsets": "6198,6265,6376,6449,6498,6578,6667,6725"
                    }
                },
                {
                    "source": "C:\\Users\\Mudassar\\.gradle\\caches\\transforms-2\\files-2.1\\4d90089bba98735a4773fb5da4aac47c\\jetified-play-services-places-16.0.0\\res\\values-sk\\values.xml",
                    "from": {
                        "startLines": "4,5",
                        "startColumns": "0,0",
                        "startOffsets": "193,300",
                        "endColumns": "106,97",
                        "endOffsets": "299,397"
                    },
                    "to": {
                        "startLines": "50,51",
                        "startColumns": "4,4",
                        "startOffsets": "5908,6019",
                        "endColumns": "110,101",
                        "endOffsets": "6014,6116"
                    }
                },
                {
                    "source": "C:\\Users\\Mudassar\\.gradle\\caches\\transforms-2\\files-2.1\\9350583047d9d28e7a4708239acec4f1\\jetified-firebase-messaging-20.0.0\\res\\values-sk\\values.xml",
                    "from": {
                        "startLines": "4",
                        "startColumns": "0",
                        "startOffsets": "205",
                        "endColumns": "99",
                        "endOffsets": "304"
                    },
                    "to": {
                        "startLines": "47",
                        "startColumns": "4",
                        "startOffsets": "5571",
                        "endColumns": "103",
                        "endOffsets": "5670"
                    }
                },
                {
                    "source": "C:\\Users\\Mudassar\\.gradle\\caches\\transforms-2\\files-2.1\\78e7d3f5487dbf3c8bd1a75d0d68a2a0\\appcompat-1.1.0\\res\\values-sk\\values-sk.xml",
                    "from": {
                        "startLines": "2,3,4,5,6,7,8,9,10,11,12,13,14,15,16,17,18,19,20,21,22,23,24,25,26,27,28,29",
                        "startColumns": "4,4,4,4,4,4,4,4,4,4,4,4,4,4,4,4,4,4,4,4,4,4,4,4,4,4,4,4",
                        "startOffsets": "105,212,313,424,510,618,736,815,893,984,1076,1174,1268,1369,1462,1557,1655,1746,1837,1920,2025,2133,2232,2338,2450,2553,2719,2817",
                        "endColumns": "106,100,110,85,107,117,78,77,90,91,97,93,100,92,94,97,90,90,82,104,107,98,105,111,102,165,97,81",
                        "endOffsets": "207,308,419,505,613,731,810,888,979,1071,1169,1263,1364,1457,1552,1650,1741,1832,1915,2020,2128,2227,2333,2445,2548,2714,2812,2894"
                    },
                    "to": {
                        "startLines": "2,3,4,5,6,7,8,9,10,11,12,13,14,15,16,17,18,19,20,21,22,23,24,25,26,27,28,60",
                        "startColumns": "4,4,4,4,4,4,4,4,4,4,4,4,4,4,4,4,4,4,4,4,4,4,4,4,4,4,4,4",
                        "startOffsets": "105,212,313,424,510,618,736,815,893,984,1076,1174,1268,1369,1462,1557,1655,1746,1837,1920,2025,2133,2232,2338,2450,2553,2719,6730",
                        "endColumns": "106,100,110,85,107,117,78,77,90,91,97,93,100,92,94,97,90,90,82,104,107,98,105,111,102,165,97,81",
                        "endOffsets": "207,308,419,505,613,731,810,888,979,1071,1169,1263,1364,1457,1552,1650,1741,1832,1915,2020,2128,2227,2333,2445,2548,2714,2812,6807"
                    }
                },
                {
                    "source": "C:\\Users\\Mudassar\\.gradle\\caches\\transforms-2\\files-2.1\\222cdc43ab70d3d702638d878ca1cedb\\jetified-navigation-ui-2.1.0\\res\\values-sk\\values-sk.xml",
                    "from": {
                        "startLines": "2,3",
                        "startColumns": "4,4",
                        "startOffsets": "55,161",
                        "endColumns": "105,126",
                        "endOffsets": "156,283"
                    },
                    "to": {
                        "startLines": "48,49",
                        "startColumns": "4,4",
                        "startOffsets": "5675,5781",
                        "endColumns": "105,126",
                        "endOffsets": "5776,5903"
                    }
                },
                {
                    "source": "C:\\Users\\Mudassar\\.gradle\\caches\\transforms-2\\files-2.1\\fc1a205467b5c433350d5b0560a1781f\\play-services-base-17.1.0\\res\\values-sk\\values.xml",
                    "from": {
                        "startLines": "4,5,6,7,8,9,10,11,12,13,14,15,16,17,18,19,20",
                        "startColumns": "0,0,0,0,0,0,0,0,0,0,0,0,0,0,0,0,0",
                        "startOffsets": "245,349,541,663,771,986,1112,1251,1378,1606,1715,1916,2044,2266,2456,2550,2643",
                        "endColumns": "103,191,121,107,214,125,138,126,227,108,200,127,221,189,93,92,109",
                        "endOffsets": "348,540,662,770,985,1111,1250,1377,1605,1714,1915,2043,2265,2455,2549,2642,2752"
                    },
                    "to": {
                        "startLines": "29,30,31,32,33,34,35,36,38,39,40,41,42,43,44,45,46",
                        "startColumns": "4,4,4,4,4,4,4,4,4,4,4,4,4,4,4,4,4",
                        "startOffsets": "2817,2925,3117,3243,3355,3570,3700,3843,4172,4400,4513,4714,4846,5068,5262,5360,5457",
                        "endColumns": "107,191,125,111,214,129,142,130,227,112,200,131,221,193,97,96,113",
                        "endOffsets": "2920,3112,3238,3350,3565,3695,3838,3969,4395,4508,4709,4841,5063,5257,5355,5452,5566"
                    }
                },
                {
                    "source": "C:\\Users\\Mudassar\\.gradle\\caches\\transforms-2\\files-2.1\\4bb36207c20871865b7b6196a54ae023\\jetified-play-services-basement-17.0.0\\res\\values-sk\\values.xml",
                    "from": {
                        "startLines": "4",
                        "startColumns": "0",
                        "startOffsets": "247",
                        "endColumns": "197",
                        "endOffsets": "444"
                    },
                    "to": {
                        "startLines": "37",
                        "startColumns": "4",
                        "startOffsets": "3974",
                        "endColumns": "197",
                        "endOffsets": "4167"
                    }
                }
            ]
        }
    ]
}