{
    "logs": [
        {
            "outputFile": "D:\\1 BSCS 8TH\\CarController\\app\\build\\intermediates\\incremental\\mergeDebugResources\\merged.dir\\values-uk\\values-uk.xml",
            "map": [
                {
                    "source": "C:\\Users\\Mudassar\\.gradle\\caches\\transforms-2\\files-2.1\\fc1a205467b5c433350d5b0560a1781f\\play-services-base-17.1.0\\res\\values-uk\\values.xml",
                    "from": {
                        "startLines": "4,5,6,7,8,9,10,11,12,13,14,15,16,17,18,19,20",
                        "startColumns": "0,0,0,0,0,0,0,0,0,0,0,0,0,0,0,0,0",
                        "startOffsets": "245,351,546,671,779,992,1119,1260,1390,1617,1721,1914,2037,2243,2411,2507,2594",
                        "endColumns": "105,194,124,107,212,126,140,129,226,103,192,122,205,167,95,86,112",
                        "endOffsets": "350,545,670,778,991,1118,1259,1389,1616,1720,1913,2036,2242,2410,2506,2593,2706"
                    },
                    "to": {
                        "startLines": "29,30,31,32,33,34,35,36,38,39,40,41,42,43,44,45,46",
                        "startColumns": "4,4,4,4,4,4,4,4,4,4,4,4,4,4,4,4,4",
                        "startOffsets": "2829,2939,3134,3263,3375,3588,3719,3864,4203,4430,4538,4731,4858,5064,5236,5336,5427",
                        "endColumns": "109,194,128,111,212,130,144,133,226,107,192,126,205,171,99,90,116",
                        "endOffsets": "2934,3129,3258,3370,3583,3714,3859,3993,4425,4533,4726,4853,5059,5231,5331,5422,5539"
                    }
                },
                {
                    "source": "C:\\Users\\Mudassar\\.gradle\\caches\\transforms-2\\files-2.1\\222cdc43ab70d3d702638d878ca1cedb\\jetified-navigation-ui-2.1.0\\res\\values-uk\\values-uk.xml",
                    "from": {
                        "startLines": "2,3",
                        "startColumns": "4,4",
                        "startOffsets": "55,163",
                        "endColumns": "107,119",
                        "endOffsets": "158,278"
                    },
                    "to": {
                        "startLines": "64,65",
                        "startColumns": "4,4",
                        "startOffsets": "6805,6913",
                        "endColumns": "107,119",
                        "endOffsets": "6908,7028"
                    }
                },
                {
                    "source": "C:\\Users\\Mudassar\\.gradle\\caches\\transforms-2\\files-2.1\\d835d2effcd8e97c306f6a50688d9a8a\\jetified-places-compat-1.0.0\\res\\values-uk\\values.xml",
                    "from": {
                        "startLines": "4,5,6,7,8,9,10,11",
                        "startColumns": "0,0,0,0,0,0,0,0",
                        "startOffsets": "184,256,320,423,485,533,600,667",
                        "endColumns": "71,63,102,61,47,66,66,50",
                        "endOffsets": "255,319,422,484,532,599,666,717"
                    },
                    "to": {
                        "startLines": "68,69,70,71,72,73,74,75",
                        "startColumns": "4,4,4,4,4,4,4,4",
                        "startOffsets": "7239,7315,7383,7490,7556,7608,7679,7750",
                        "endColumns": "75,67,106,65,51,70,70,54",
                        "endOffsets": "7310,7378,7485,7551,7603,7674,7745,7800"
                    }
                },
                {
                    "source": "C:\\Users\\Mudassar\\.gradle\\caches\\transforms-2\\files-2.1\\4bb36207c20871865b7b6196a54ae023\\jetified-play-services-basement-17.0.0\\res\\values-uk\\values.xml",
                    "from": {
                        "startLines": "4",
                        "startColumns": "0",
                        "startOffsets": "247",
                        "endColumns": "204",
                        "endOffsets": "451"
                    },
                    "to": {
                        "startLines": "37",
                        "startColumns": "4",
                        "startOffsets": "3998",
                        "endColumns": "204",
                        "endOffsets": "4198"
                    }
                },
                {
                    "source": "C:\\Users\\Mudassar\\.gradle\\caches\\transforms-2\\files-2.1\\331a29bf788a80d77947dedb12eb153f\\imagepicker-2.0.0\\res\\values-uk\\values-uk.xml",
                    "from": {
                        "startLines": "2,3,4,5,6,7,8,9,10,11,12,13,14,15,16,17",
                        "startColumns": "4,4,4,4,4,4,4,4,4,4,4,4,4,4,4,4",
                        "startOffsets": "55,100,143,223,288,360,434,504,575,690,817,854,972,1022,1090,1140",
                        "endColumns": "44,42,79,64,71,73,69,70,114,126,36,117,49,67,49,72",
                        "endOffsets": "95,138,218,283,355,429,499,570,685,812,849,967,1017,1085,1135,1208"
                    },
                    "to": {
                        "startLines": "47,48,49,50,51,52,53,54,55,56,57,58,59,60,61,62",
                        "startColumns": "4,4,4,4,4,4,4,4,4,4,4,4,4,4,4,4",
                        "startOffsets": "5544,5589,5632,5712,5777,5849,5923,5993,6064,6179,6306,6343,6461,6511,6579,6629",
                        "endColumns": "44,42,79,64,71,73,69,70,114,126,36,117,49,67,49,72",
                        "endOffsets": "5584,5627,5707,5772,5844,5918,5988,6059,6174,6301,6338,6456,6506,6574,6624,6697"
                    }
                },
                {
                    "source": "C:\\Users\\Mudassar\\.gradle\\caches\\transforms-2\\files-2.1\\9350583047d9d28e7a4708239acec4f1\\jetified-firebase-messaging-20.0.0\\res\\values-uk\\values.xml",
                    "from": {
                        "startLines": "4",
                        "startColumns": "0",
                        "startOffsets": "205",
                        "endColumns": "98",
                        "endOffsets": "303"
                    },
                    "to": {
                        "startLines": "63",
                        "startColumns": "4",
                        "startOffsets": "6702",
                        "endColumns": "102",
                        "endOffsets": "6800"
                    }
                },
                {
                    "source": "C:\\Users\\Mudassar\\.gradle\\caches\\transforms-2\\files-2.1\\78e7d3f5487dbf3c8bd1a75d0d68a2a0\\appcompat-1.1.0\\res\\values-uk\\values-uk.xml",
                    "from": {
                        "startLines": "2,3,4,5,6,7,8,9,10,11,12,13,14,15,16,17,18,19,20,21,22,23,24,25,26,27,28,29",
                        "startColumns": "4,4,4,4,4,4,4,4,4,4,4,4,4,4,4,4,4,4,4,4,4,4,4,4,4,4,4,4",
                        "startOffsets": "105,214,316,424,510,615,733,814,894,985,1077,1172,1266,1367,1460,1555,1650,1741,1832,1930,2036,2142,2240,2347,2454,2559,2729,2829",
                        "endColumns": "108,101,107,85,104,117,80,79,90,91,94,93,100,92,94,94,90,90,97,105,105,97,106,106,104,169,99,80",
                        "endOffsets": "209,311,419,505,610,728,809,889,980,1072,1167,1261,1362,1455,1550,1645,1736,1827,1925,2031,2137,2235,2342,2449,2554,2724,2824,2905"
                    },
                    "to": {
                        "startLines": "2,3,4,5,6,7,8,9,10,11,12,13,14,15,16,17,18,19,20,21,22,23,24,25,26,27,28,76",
                        "startColumns": "4,4,4,4,4,4,4,4,4,4,4,4,4,4,4,4,4,4,4,4,4,4,4,4,4,4,4,4",
                        "startOffsets": "105,214,316,424,510,615,733,814,894,985,1077,1172,1266,1367,1460,1555,1650,1741,1832,1930,2036,2142,2240,2347,2454,2559,2729,7805",
                        "endColumns": "108,101,107,85,104,117,80,79,90,91,94,93,100,92,94,94,90,90,97,105,105,97,106,106,104,169,99,80",
                        "endOffsets": "209,311,419,505,610,728,809,889,980,1072,1167,1261,1362,1455,1550,1645,1736,1827,1925,2031,2137,2235,2342,2449,2554,2724,2824,7881"
                    }
                },
                {
                    "source": "C:\\Users\\Mudassar\\.gradle\\caches\\transforms-2\\files-2.1\\4d90089bba98735a4773fb5da4aac47c\\jetified-play-services-places-16.0.0\\res\\values-uk\\values.xml",
                    "from": {
                        "startLines": "4,5",
                        "startColumns": "0,0",
                        "startOffsets": "193,300",
                        "endColumns": "106,90",
                        "endOffsets": "299,390"
                    },
                    "to": {
                        "startLines": "66,67",
                        "startColumns": "4,4",
                        "startOffsets": "7033,7144",
                        "endColumns": "110,94",
                        "endOffsets": "7139,7234"
                    }
                },
                {
                    "source": "C:\\Users\\Mudassar\\.gradle\\caches\\transforms-2\\files-2.1\\d7e0c950707e021378551cecb6624e83\\core-1.1.0\\res\\values-uk\\values-uk.xml",
                    "from": {
                        "startLines": "2",
                        "startColumns": "4",
                        "startOffsets": "55",
                        "endColumns": "100",
                        "endOffsets": "151"
                    },
                    "to": {
                        "startLines": "77",
                        "startColumns": "4",
                        "startOffsets": "7886",
                        "endColumns": "100",
                        "endOffsets": "7982"
                    }
                }
            ]
        }
    ]
}