{
    "logs": [
        {
            "outputFile": "D:\\1 BSCS 8TH\\CarController\\app\\build\\intermediates\\incremental\\mergeDebugResources\\merged.dir\\values-ko\\values-ko.xml",
            "map": [
                {
                    "source": "C:\\Users\\Mudassar\\.gradle\\caches\\transforms-2\\files-2.1\\9350583047d9d28e7a4708239acec4f1\\jetified-firebase-messaging-20.0.0\\res\\values-ko\\values.xml",
                    "from": {
                        "startLines": "4",
                        "startColumns": "0",
                        "startOffsets": "205",
                        "endColumns": "96",
                        "endOffsets": "301"
                    },
                    "to": {
                        "startLines": "63",
                        "startColumns": "4",
                        "startOffsets": "6118",
                        "endColumns": "100",
                        "endOffsets": "6214"
                    }
                },
                {
                    "source": "C:\\Users\\Mudassar\\.gradle\\caches\\transforms-2\\files-2.1\\d7e0c950707e021378551cecb6624e83\\core-1.1.0\\res\\values-ko\\values-ko.xml",
                    "from": {
                        "startLines": "2",
                        "startColumns": "4",
                        "startOffsets": "55",
                        "endColumns": "100",
                        "endOffsets": "151"
                    },
                    "to": {
                        "startLines": "77",
                        "startColumns": "4",
                        "startOffsets": "7188",
                        "endColumns": "100",
                        "endOffsets": "7284"
                    }
                },
                {
                    "source": "C:\\Users\\Mudassar\\.gradle\\caches\\transforms-2\\files-2.1\\fc1a205467b5c433350d5b0560a1781f\\play-services-base-17.1.0\\res\\values-ko\\values.xml",
                    "from": {
                        "startLines": "4,5,6,7,8,9,10,11,12,13,14,15,16,17,18,19,20",
                        "startColumns": "0,0,0,0,0,0,0,0,0,0,0,0,0,0,0,0,0",
                        "startOffsets": "245,347,518,632,732,906,1021,1154,1274,1478,1579,1746,1862,2039,2184,2269,2353",
                        "endColumns": "101,170,113,99,173,114,132,119,203,100,166,115,176,144,84,83,99",
                        "endOffsets": "346,517,631,731,905,1020,1153,1273,1477,1578,1745,1861,2038,2183,2268,2352,2452"
                    },
                    "to": {
                        "startLines": "29,30,31,32,33,34,35,36,38,39,40,41,42,43,44,45,46",
                        "startColumns": "4,4,4,4,4,4,4,4,4,4,4,4,4,4,4,4,4",
                        "startOffsets": "2685,2791,2962,3080,3184,3358,3477,3614,3918,4122,4227,4394,4514,4691,4840,4929,5017",
                        "endColumns": "105,170,117,103,173,118,136,123,203,104,166,119,176,148,88,87,103",
                        "endOffsets": "2786,2957,3075,3179,3353,3472,3609,3733,4117,4222,4389,4509,4686,4835,4924,5012,5116"
                    }
                },
                {
                    "source": "C:\\Users\\Mudassar\\.gradle\\caches\\transforms-2\\files-2.1\\4bb36207c20871865b7b6196a54ae023\\jetified-play-services-basement-17.0.0\\res\\values-ko\\values.xml",
                    "from": {
                        "startLines": "4",
                        "startColumns": "0",
                        "startOffsets": "247",
                        "endColumns": "179",
                        "endOffsets": "426"
                    },
                    "to": {
                        "startLines": "37",
                        "startColumns": "4",
                        "startOffsets": "3738",
                        "endColumns": "179",
                        "endOffsets": "3913"
                    }
                },
                {
                    "source": "C:\\Users\\Mudassar\\.gradle\\caches\\transforms-2\\files-2.1\\331a29bf788a80d77947dedb12eb153f\\imagepicker-2.0.0\\res\\values-ko\\values-ko.xml",
                    "from": {
                        "startLines": "2,3,4,5,6,7,8,9,10,11,12,13,14,15,16,17",
                        "startColumns": "4,4,4,4,4,4,4,4,4,4,4,4,4,4,4,4",
                        "startOffsets": "55,97,136,208,271,340,403,461,522,602,695,732,831,878,943,991",
                        "endColumns": "41,38,71,62,68,62,57,60,79,92,36,98,46,64,47,60",
                        "endOffsets": "92,131,203,266,335,398,456,517,597,690,727,826,873,938,986,1047"
                    },
                    "to": {
                        "startLines": "47,48,49,50,51,52,53,54,55,56,57,58,59,60,61,62",
                        "startColumns": "4,4,4,4,4,4,4,4,4,4,4,4,4,4,4,4",
                        "startOffsets": "5121,5163,5202,5274,5337,5406,5469,5527,5588,5668,5761,5798,5897,5944,6009,6057",
                        "endColumns": "41,38,71,62,68,62,57,60,79,92,36,98,46,64,47,60",
                        "endOffsets": "5158,5197,5269,5332,5401,5464,5522,5583,5663,5756,5793,5892,5939,6004,6052,6113"
                    }
                },
                {
                    "source": "C:\\Users\\Mudassar\\.gradle\\caches\\transforms-2\\files-2.1\\d835d2effcd8e97c306f6a50688d9a8a\\jetified-places-compat-1.0.0\\res\\values-ko\\values.xml",
                    "from": {
                        "startLines": "4,5,6,7,8,9,10,11",
                        "startColumns": "0,0,0,0,0,0,0,0",
                        "startOffsets": "184,249,305,383,442,483,542,604",
                        "endColumns": "64,55,77,58,40,58,61,46",
                        "endOffsets": "248,304,382,441,482,541,603,650"
                    },
                    "to": {
                        "startLines": "68,69,70,71,72,73,74,75",
                        "startColumns": "4,4,4,4,4,4,4,4",
                        "startOffsets": "6611,6680,6740,6822,6885,6930,6993,7059",
                        "endColumns": "68,59,81,62,44,62,65,50",
                        "endOffsets": "6675,6735,6817,6880,6925,6988,7054,7105"
                    }
                },
                {
                    "source": "C:\\Users\\Mudassar\\.gradle\\caches\\transforms-2\\files-2.1\\78e7d3f5487dbf3c8bd1a75d0d68a2a0\\appcompat-1.1.0\\res\\values-ko\\values-ko.xml",
                    "from": {
                        "startLines": "2,3,4,5,6,7,8,9,10,11,12,13,14,15,16,17,18,19,20,21,22,23,24,25,26,27,28,29",
                        "startColumns": "4,4,4,4,4,4,4,4,4,4,4,4,4,4,4,4,4,4,4,4,4,4,4,4,4,4,4,4",
                        "startOffsets": "105,202,296,397,479,577,683,763,839,930,1022,1117,1211,1312,1405,1500,1594,1685,1776,1855,1953,2047,2142,2242,2339,2439,2591,2685",
                        "endColumns": "96,93,100,81,97,105,79,75,90,91,94,93,100,92,94,93,90,90,78,97,93,94,99,96,99,151,93,77",
                        "endOffsets": "197,291,392,474,572,678,758,834,925,1017,1112,1206,1307,1400,1495,1589,1680,1771,1850,1948,2042,2137,2237,2334,2434,2586,2680,2758"
                    },
                    "to": {
                        "startLines": "2,3,4,5,6,7,8,9,10,11,12,13,14,15,16,17,18,19,20,21,22,23,24,25,26,27,28,76",
                        "startColumns": "4,4,4,4,4,4,4,4,4,4,4,4,4,4,4,4,4,4,4,4,4,4,4,4,4,4,4,4",
                        "startOffsets": "105,202,296,397,479,577,683,763,839,930,1022,1117,1211,1312,1405,1500,1594,1685,1776,1855,1953,2047,2142,2242,2339,2439,2591,7110",
                        "endColumns": "96,93,100,81,97,105,79,75,90,91,94,93,100,92,94,93,90,90,78,97,93,94,99,96,99,151,93,77",
                        "endOffsets": "197,291,392,474,572,678,758,834,925,1017,1112,1206,1307,1400,1495,1589,1680,1771,1850,1948,2042,2137,2237,2334,2434,2586,2680,7183"
                    }
                },
                {
                    "source": "C:\\Users\\Mudassar\\.gradle\\caches\\transforms-2\\files-2.1\\222cdc43ab70d3d702638d878ca1cedb\\jetified-navigation-ui-2.1.0\\res\\values-ko\\values-ko.xml",
                    "from": {
                        "startLines": "2,3",
                        "startColumns": "4,4",
                        "startOffsets": "55,155",
                        "endColumns": "99,101",
                        "endOffsets": "150,252"
                    },
                    "to": {
                        "startLines": "64,65",
                        "startColumns": "4,4",
                        "startOffsets": "6219,6319",
                        "endColumns": "99,101",
                        "endOffsets": "6314,6416"
                    }
                },
                {
                    "source": "C:\\Users\\Mudassar\\.gradle\\caches\\transforms-2\\files-2.1\\4d90089bba98735a4773fb5da4aac47c\\jetified-play-services-places-16.0.0\\res\\values-ko\\values.xml",
                    "from": {
                        "startLines": "4,5",
                        "startColumns": "0,0",
                        "startOffsets": "193,287",
                        "endColumns": "93,87",
                        "endOffsets": "286,374"
                    },
                    "to": {
                        "startLines": "66,67",
                        "startColumns": "4,4",
                        "startOffsets": "6421,6519",
                        "endColumns": "97,91",
                        "endOffsets": "6514,6606"
                    }
                }
            ]
        }
    ]
}