{
    "logs": [
        {
            "outputFile": "D:\\1 BSCS 8TH\\CarController\\app\\build\\intermediates\\incremental\\mergeDebugResources\\merged.dir\\values-it\\values-it.xml",
            "map": [
                {
                    "source": "C:\\Users\\Mudassar\\.gradle\\caches\\transforms-2\\files-2.1\\fc1a205467b5c433350d5b0560a1781f\\play-services-base-17.1.0\\res\\values-it\\values.xml",
                    "from": {
                        "startLines": "4,5,6,7,8,9,10,11,12,13,14,15,16,17,18,19,20",
                        "startColumns": "0,0,0,0,0,0,0,0,0,0,0,0,0,0,0,0,0",
                        "startOffsets": "245,348,531,654,760,977,1103,1249,1378,1594,1699,1884,2009,2224,2431,2524,2611",
                        "endColumns": "102,182,122,105,216,125,145,128,215,104,184,124,214,206,92,86,101",
                        "endOffsets": "347,530,653,759,976,1102,1248,1377,1593,1698,1883,2008,2223,2430,2523,2610,2712"
                    },
                    "to": {
                        "startLines": "85,86,87,88,89,90,91,92,94,95,96,97,98,99,100,101,102",
                        "startColumns": "4,4,4,4,4,4,4,4,4,4,4,4,4,4,4,4,4",
                        "startOffsets": "6990,7097,7280,7407,7517,7734,7864,8014,8342,8558,8667,8852,8981,9196,9407,9504,9595",
                        "endColumns": "106,182,126,109,216,129,149,132,215,108,184,128,214,210,96,90,105",
                        "endOffsets": "7092,7275,7402,7512,7729,7859,8009,8142,8553,8662,8847,8976,9191,9402,9499,9590,9696"
                    }
                },
                {
                    "source": "C:\\Users\\Mudassar\\.gradle\\caches\\transforms-2\\files-2.1\\d7e0c950707e021378551cecb6624e83\\core-1.1.0\\res\\values-it\\values-it.xml",
                    "from": {
                        "startLines": "2",
                        "startColumns": "4",
                        "startOffsets": "55",
                        "endColumns": "100",
                        "endOffsets": "151"
                    },
                    "to": {
                        "startLines": "145",
                        "startColumns": "4",
                        "startOffsets": "13033",
                        "endColumns": "100",
                        "endOffsets": "13129"
                    }
                },
                {
                    "source": "C:\\Users\\Mudassar\\.gradle\\caches\\transforms-2\\files-2.1\\2c829cd8480f9c4cc065b3508607ae1b\\AppIntro-5.1.0\\res\\values-it\\values-it.xml",
                    "from": {
                        "startLines": "2,3,4,5",
                        "startColumns": "4,4,4,4",
                        "startOffsets": "55,114,169,226",
                        "endColumns": "58,54,56,55",
                        "endOffsets": "109,164,221,277"
                    },
                    "to": {
                        "startLines": "81,82,83,84",
                        "startColumns": "4,4,4,4",
                        "startOffsets": "6763,6822,6877,6934",
                        "endColumns": "58,54,56,55",
                        "endOffsets": "6817,6872,6929,6985"
                    }
                },
                {
                    "source": "C:\\Users\\Mudassar\\.gradle\\caches\\transforms-2\\files-2.1\\4d90089bba98735a4773fb5da4aac47c\\jetified-play-services-places-16.0.0\\res\\values-it\\values.xml",
                    "from": {
                        "startLines": "4,5",
                        "startColumns": "0,0",
                        "startOffsets": "193,296",
                        "endColumns": "102,90",
                        "endOffsets": "295,386"
                    },
                    "to": {
                        "startLines": "133,134",
                        "startColumns": "4,4",
                        "startOffsets": "12126,12233",
                        "endColumns": "106,94",
                        "endOffsets": "12228,12323"
                    }
                },
                {
                    "source": "C:\\Users\\Mudassar\\.gradle\\caches\\transforms-2\\files-2.1\\331a29bf788a80d77947dedb12eb153f\\imagepicker-2.0.0\\res\\values-it\\values-it.xml",
                    "from": {
                        "startLines": "2,3,4,5,6,7,8,9,10,11,12,13,14,15,16,17",
                        "startColumns": "4,4,4,4,4,4,4,4,4,4,4,4,4,4,4,4",
                        "startOffsets": "55,100,142,256,330,411,483,556,649,749,863,900,1041,1096,1169,1222",
                        "endColumns": "44,41,113,73,80,71,72,92,99,113,36,140,54,72,52,83",
                        "endOffsets": "95,137,251,325,406,478,551,644,744,858,895,1036,1091,1164,1217,1301"
                    },
                    "to": {
                        "startLines": "103,104,105,106,107,108,109,110,111,112,113,114,115,116,117,118",
                        "startColumns": "4,4,4,4,4,4,4,4,4,4,4,4,4,4,4,4",
                        "startOffsets": "9701,9746,9788,9902,9976,10057,10129,10202,10295,10395,10509,10546,10687,10742,10815,10868",
                        "endColumns": "44,41,113,73,80,71,72,92,99,113,36,140,54,72,52,83",
                        "endOffsets": "9741,9783,9897,9971,10052,10124,10197,10290,10390,10504,10541,10682,10737,10810,10863,10947"
                    }
                },
                {
                    "source": "C:\\Users\\Mudassar\\.gradle\\caches\\transforms-2\\files-2.1\\3245a9ff61e14dd5e3de0b55e9b64857\\jetified-stripe-android-8.5.0\\res\\values-it\\values-it.xml",
                    "from": {
                        "startLines": "2,3,4,5,6,7,8,9,10,11,12,13,14,15,16,17,18,19,20,21,22,23,24,25,26,27,28,29,30,31,32,33,34,35,36,37,38,39,40,41,42,43,44,45,46,47,48,49,50,51,52,53,54,55,56,57,58,59,60,61,62,63,64,65,66,67,68,69",
                        "startColumns": "4,4,4,4,4,4,4,4,4,4,4,4,4,4,4,4,4,4,4,4,4,4,4,4,4,4,4,4,4,4,4,4,4,4,4,4,4,4,4,4,4,4,4,4,4,4,4,4,4,4,4,4,4,4,4,4,4,4,4,4,4,4,4,4,4,4,4,4",
                        "startOffsets": "55,124,202,257,324,400,457,509,627,696,768,828,901,997,1070,1166,1250,1304,1381,1434,1510,1566,1623,1703,1755,1830,1904,2001,2070,2162,2228,2317,2378,2462,2548,2656,2710,2787,2853,2942,3019,3119,3191,3285,3372,3456,3533,3630,3702,3779,3849,3929,4019,4063,4114,4167,4251,4340,4435,4529,4621,4697,4775,4857,4905,4969,5040,5109",
                        "endColumns": "68,77,54,66,75,56,51,117,68,71,59,72,95,72,95,83,53,76,52,75,55,56,79,51,74,73,96,68,91,65,88,60,83,85,107,53,76,65,88,76,99,71,93,86,83,76,96,71,76,69,79,89,43,50,52,83,88,94,93,91,75,77,81,47,63,70,68,87",
                        "endOffsets": "119,197,252,319,395,452,504,622,691,763,823,896,992,1065,1161,1245,1299,1376,1429,1505,1561,1618,1698,1750,1825,1899,1996,2065,2157,2223,2312,2373,2457,2543,2651,2705,2782,2848,2937,3014,3114,3186,3280,3367,3451,3528,3625,3697,3774,3844,3924,4014,4058,4109,4162,4246,4335,4430,4524,4616,4692,4770,4852,4900,4964,5035,5104,5192"
                    },
                    "to": {
                        "startLines": "29,30,31,32,33,34,35,36,37,38,39,40,41,42,43,44,45,46,47,48,49,50,51,52,53,54,55,56,57,58,59,60,61,62,63,64,65,66,67,68,69,70,71,72,73,74,75,76,77,78,79,80,119,120,121,123,124,125,126,127,128,131,132,143,146,147,148,149",
                        "startColumns": "4,4,4,4,4,4,4,4,4,4,4,4,4,4,4,4,4,4,4,4,4,4,4,4,4,4,4,4,4,4,4,4,4,4,4,4,4,4,4,4,4,4,4,4,4,4,4,4,4,4,4,4,4,4,4,4,4,4,4,4,4,4,4,4,4,4,4,4",
                        "startOffsets": "2799,2868,2946,3001,3068,3144,3201,3253,3371,3440,3512,3572,3645,3741,3814,3910,3994,4048,4125,4178,4254,4310,4367,4447,4499,4574,4648,4745,4814,4906,4972,5061,5122,5206,5292,5400,5454,5531,5597,5686,5763,5863,5935,6029,6116,6200,6277,6374,6446,6523,6593,6673,10952,10996,11047,11204,11288,11377,11472,11566,11658,11966,12044,12904,13134,13198,13269,13338",
                        "endColumns": "68,77,54,66,75,56,51,117,68,71,59,72,95,72,95,83,53,76,52,75,55,56,79,51,74,73,96,68,91,65,88,60,83,85,107,53,76,65,88,76,99,71,93,86,83,76,96,71,76,69,79,89,43,50,52,83,88,94,93,91,75,77,81,47,63,70,68,87",
                        "endOffsets": "2863,2941,2996,3063,3139,3196,3248,3366,3435,3507,3567,3640,3736,3809,3905,3989,4043,4120,4173,4249,4305,4362,4442,4494,4569,4643,4740,4809,4901,4967,5056,5117,5201,5287,5395,5449,5526,5592,5681,5758,5858,5930,6024,6111,6195,6272,6369,6441,6518,6588,6668,6758,10991,11042,11095,11283,11372,11467,11561,11653,11729,12039,12121,12947,13193,13264,13333,13421"
                    }
                },
                {
                    "source": "C:\\Users\\Mudassar\\.gradle\\caches\\transforms-2\\files-2.1\\4bb36207c20871865b7b6196a54ae023\\jetified-play-services-basement-17.0.0\\res\\values-it\\values.xml",
                    "from": {
                        "startLines": "4",
                        "startColumns": "0",
                        "startOffsets": "247",
                        "endColumns": "194",
                        "endOffsets": "441"
                    },
                    "to": {
                        "startLines": "93",
                        "startColumns": "4",
                        "startOffsets": "8147",
                        "endColumns": "194",
                        "endOffsets": "8337"
                    }
                },
                {
                    "source": "C:\\Users\\Mudassar\\.gradle\\caches\\transforms-2\\files-2.1\\9350583047d9d28e7a4708239acec4f1\\jetified-firebase-messaging-20.0.0\\res\\values-it\\values.xml",
                    "from": {
                        "startLines": "4",
                        "startColumns": "0",
                        "startOffsets": "205",
                        "endColumns": "99",
                        "endOffsets": "304"
                    },
                    "to": {
                        "startLines": "122",
                        "startColumns": "4",
                        "startOffsets": "11100",
                        "endColumns": "103",
                        "endOffsets": "11199"
                    }
                },
                {
                    "source": "C:\\Users\\Mudassar\\.gradle\\caches\\transforms-2\\files-2.1\\222cdc43ab70d3d702638d878ca1cedb\\jetified-navigation-ui-2.1.0\\res\\values-it\\values-it.xml",
                    "from": {
                        "startLines": "2,3",
                        "startColumns": "4,4",
                        "startOffsets": "55,164",
                        "endColumns": "108,122",
                        "endOffsets": "159,282"
                    },
                    "to": {
                        "startLines": "129,130",
                        "startColumns": "4,4",
                        "startOffsets": "11734,11843",
                        "endColumns": "108,122",
                        "endOffsets": "11838,11961"
                    }
                },
                {
                    "source": "C:\\Users\\Mudassar\\.gradle\\caches\\transforms-2\\files-2.1\\d835d2effcd8e97c306f6a50688d9a8a\\jetified-places-compat-1.0.0\\res\\values-it\\values.xml",
                    "from": {
                        "startLines": "4,5,6,7,8,9,10,11",
                        "startColumns": "0,0,0,0,0,0,0,0",
                        "startOffsets": "184,258,324,415,477,523,590,679",
                        "endColumns": "73,65,90,61,45,66,88,48",
                        "endOffsets": "257,323,414,476,522,589,678,727"
                    },
                    "to": {
                        "startLines": "135,136,137,138,139,140,141,142",
                        "startColumns": "4,4,4,4,4,4,4,4",
                        "startOffsets": "12328,12406,12476,12571,12637,12687,12758,12851",
                        "endColumns": "77,69,94,65,49,70,92,52",
                        "endOffsets": "12401,12471,12566,12632,12682,12753,12846,12899"
                    }
                },
                {
                    "source": "C:\\Users\\Mudassar\\.gradle\\caches\\transforms-2\\files-2.1\\78e7d3f5487dbf3c8bd1a75d0d68a2a0\\appcompat-1.1.0\\res\\values-it\\values-it.xml",
                    "from": {
                        "startLines": "2,3,4,5,6,7,8,9,10,11,12,13,14,15,16,17,18,19,20,21,22,23,24,25,26,27,28,29",
                        "startColumns": "4,4,4,4,4,4,4,4,4,4,4,4,4,4,4,4,4,4,4,4,4,4,4,4,4,4,4,4",
                        "startOffsets": "105,210,313,422,506,611,730,808,884,976,1069,1162,1256,1358,1452,1549,1644,1736,1828,1908,2014,2121,2219,2323,2429,2536,2699,2799",
                        "endColumns": "104,102,108,83,104,118,77,75,91,92,92,93,101,93,96,94,91,91,79,105,106,97,103,105,106,162,99,80",
                        "endOffsets": "205,308,417,501,606,725,803,879,971,1064,1157,1251,1353,1447,1544,1639,1731,1823,1903,2009,2116,2214,2318,2424,2531,2694,2794,2875"
                    },
                    "to": {
                        "startLines": "2,3,4,5,6,7,8,9,10,11,12,13,14,15,16,17,18,19,20,21,22,23,24,25,26,27,28,144",
                        "startColumns": "4,4,4,4,4,4,4,4,4,4,4,4,4,4,4,4,4,4,4,4,4,4,4,4,4,4,4,4",
                        "startOffsets": "105,210,313,422,506,611,730,808,884,976,1069,1162,1256,1358,1452,1549,1644,1736,1828,1908,2014,2121,2219,2323,2429,2536,2699,12952",
                        "endColumns": "104,102,108,83,104,118,77,75,91,92,92,93,101,93,96,94,91,91,79,105,106,97,103,105,106,162,99,80",
                        "endOffsets": "205,308,417,501,606,725,803,879,971,1064,1157,1251,1353,1447,1544,1639,1731,1823,1903,2009,2116,2214,2318,2424,2531,2694,2794,13028"
                    }
                }
            ]
        }
    ]
}