{
    "logs": [
        {
            "outputFile": "D:\\1 BSCS 8TH\\CarController\\app\\build\\intermediates\\incremental\\mergeDebugResources\\merged.dir\\values-ms\\values-ms.xml",
            "map": [
                {
                    "source": "C:\\Users\\Mudassar\\.gradle\\caches\\transforms-2\\files-2.1\\d7e0c950707e021378551cecb6624e83\\core-1.1.0\\res\\values-ms\\values-ms.xml",
                    "from": {
                        "startLines": "2",
                        "startColumns": "4",
                        "startOffsets": "55",
                        "endColumns": "100",
                        "endOffsets": "151"
                    },
                    "to": {
                        "startLines": "61",
                        "startColumns": "4",
                        "startOffsets": "6829",
                        "endColumns": "100",
                        "endOffsets": "6925"
                    }
                },
                {
                    "source": "C:\\Users\\Mudassar\\.gradle\\caches\\transforms-2\\files-2.1\\4bb36207c20871865b7b6196a54ae023\\jetified-play-services-basement-17.0.0\\res\\values-ms\\values.xml",
                    "from": {
                        "startLines": "4",
                        "startColumns": "0",
                        "startOffsets": "247",
                        "endColumns": "204",
                        "endOffsets": "451"
                    },
                    "to": {
                        "startLines": "37",
                        "startColumns": "4",
                        "startOffsets": "4004",
                        "endColumns": "204",
                        "endOffsets": "4204"
                    }
                },
                {
                    "source": "C:\\Users\\Mudassar\\.gradle\\caches\\transforms-2\\files-2.1\\222cdc43ab70d3d702638d878ca1cedb\\jetified-navigation-ui-2.1.0\\res\\values-ms\\values-ms.xml",
                    "from": {
                        "startLines": "2,3",
                        "startColumns": "4,4",
                        "startOffsets": "55,166",
                        "endColumns": "110,112",
                        "endOffsets": "161,274"
                    },
                    "to": {
                        "startLines": "48,49",
                        "startColumns": "4,4",
                        "startOffsets": "5752,5863",
                        "endColumns": "110,112",
                        "endOffsets": "5858,5971"
                    }
                },
                {
                    "source": "C:\\Users\\Mudassar\\.gradle\\caches\\transforms-2\\files-2.1\\4d90089bba98735a4773fb5da4aac47c\\jetified-play-services-places-16.0.0\\res\\values-ms\\values.xml",
                    "from": {
                        "startLines": "4,5",
                        "startColumns": "0,0",
                        "startOffsets": "193,296",
                        "endColumns": "102,89",
                        "endOffsets": "295,385"
                    },
                    "to": {
                        "startLines": "50,51",
                        "startColumns": "4,4",
                        "startOffsets": "5976,6083",
                        "endColumns": "106,93",
                        "endOffsets": "6078,6172"
                    }
                },
                {
                    "source": "C:\\Users\\Mudassar\\.gradle\\caches\\transforms-2\\files-2.1\\fc1a205467b5c433350d5b0560a1781f\\play-services-base-17.1.0\\res\\values-ms\\values.xml",
                    "from": {
                        "startLines": "4,5,6,7,8,9,10,11,12,13,14,15,16,17,18,19,20",
                        "startColumns": "0,0,0,0,0,0,0,0,0,0,0,0,0,0,0,0,0",
                        "startOffsets": "245,349,554,682,786,1017,1147,1293,1425,1669,1776,1982,2115,2345,2546,2639,2729",
                        "endColumns": "103,204,127,103,230,129,145,131,243,106,205,132,229,200,92,89,107",
                        "endOffsets": "348,553,681,785,1016,1146,1292,1424,1668,1775,1981,2114,2344,2545,2638,2728,2836"
                    },
                    "to": {
                        "startLines": "29,30,31,32,33,34,35,36,38,39,40,41,42,43,44,45,46",
                        "startColumns": "4,4,4,4,4,4,4,4,4,4,4,4,4,4,4,4,4",
                        "startOffsets": "2800,2908,3113,3245,3353,3584,3718,3868,4209,4453,4564,4770,4907,5137,5342,5439,5533",
                        "endColumns": "107,204,131,107,230,133,149,135,243,110,205,136,229,204,96,93,111",
                        "endOffsets": "2903,3108,3240,3348,3579,3713,3863,3999,4448,4559,4765,4902,5132,5337,5434,5528,5640"
                    }
                },
                {
                    "source": "C:\\Users\\Mudassar\\.gradle\\caches\\transforms-2\\files-2.1\\78e7d3f5487dbf3c8bd1a75d0d68a2a0\\appcompat-1.1.0\\res\\values-ms\\values-ms.xml",
                    "from": {
                        "startLines": "2,3,4,5,6,7,8,9,10,11,12,13,14,15,16,17,18,19,20,21,22,23,24,25,26,27,28,29",
                        "startColumns": "4,4,4,4,4,4,4,4,4,4,4,4,4,4,4,4,4,4,4,4,4,4,4,4,4,4,4,4",
                        "startOffsets": "105,216,321,429,516,620,731,810,889,980,1072,1167,1261,1360,1453,1548,1642,1733,1824,1903,2015,2123,2220,2329,2433,2540,2699,2800",
                        "endColumns": "110,104,107,86,103,110,78,78,90,91,94,93,98,92,94,93,90,90,78,111,107,96,108,103,106,158,100,79",
                        "endOffsets": "211,316,424,511,615,726,805,884,975,1067,1162,1256,1355,1448,1543,1637,1728,1819,1898,2010,2118,2215,2324,2428,2535,2694,2795,2875"
                    },
                    "to": {
                        "startLines": "2,3,4,5,6,7,8,9,10,11,12,13,14,15,16,17,18,19,20,21,22,23,24,25,26,27,28,60",
                        "startColumns": "4,4,4,4,4,4,4,4,4,4,4,4,4,4,4,4,4,4,4,4,4,4,4,4,4,4,4,4",
                        "startOffsets": "105,216,321,429,516,620,731,810,889,980,1072,1167,1261,1360,1453,1548,1642,1733,1824,1903,2015,2123,2220,2329,2433,2540,2699,6749",
                        "endColumns": "110,104,107,86,103,110,78,78,90,91,94,93,98,92,94,93,90,90,78,111,107,96,108,103,106,158,100,79",
                        "endOffsets": "211,316,424,511,615,726,805,884,975,1067,1162,1256,1355,1448,1543,1637,1728,1819,1898,2010,2118,2215,2324,2428,2535,2694,2795,6824"
                    }
                },
                {
                    "source": "C:\\Users\\Mudassar\\.gradle\\caches\\transforms-2\\files-2.1\\9350583047d9d28e7a4708239acec4f1\\jetified-firebase-messaging-20.0.0\\res\\values-ms\\values.xml",
                    "from": {
                        "startLines": "4",
                        "startColumns": "0",
                        "startOffsets": "205",
                        "endColumns": "102",
                        "endOffsets": "307"
                    },
                    "to": {
                        "startLines": "47",
                        "startColumns": "4",
                        "startOffsets": "5645",
                        "endColumns": "106",
                        "endOffsets": "5747"
                    }
                },
                {
                    "source": "C:\\Users\\Mudassar\\.gradle\\caches\\transforms-2\\files-2.1\\d835d2effcd8e97c306f6a50688d9a8a\\jetified-places-compat-1.0.0\\res\\values-ms\\values.xml",
                    "from": {
                        "startLines": "4,5,6,7,8,9,10,11",
                        "startColumns": "0,0,0,0,0,0,0,0",
                        "startOffsets": "184,258,321,416,477,521,593,673",
                        "endColumns": "73,62,94,60,43,71,79,50",
                        "endOffsets": "257,320,415,476,520,592,672,723"
                    },
                    "to": {
                        "startLines": "52,53,54,55,56,57,58,59",
                        "startColumns": "4,4,4,4,4,4,4,4",
                        "startOffsets": "6177,6255,6322,6421,6486,6534,6610,6694",
                        "endColumns": "77,66,98,64,47,75,83,54",
                        "endOffsets": "6250,6317,6416,6481,6529,6605,6689,6744"
                    }
                }
            ]
        }
    ]
}