{
    "logs": [
        {
            "outputFile": "D:\\1 BSCS 8TH\\CarController\\app\\build\\intermediates\\incremental\\mergeDebugResources\\merged.dir\\values-af\\values-af.xml",
            "map": [
                {
                    "source": "C:\\Users\\Mudassar\\.gradle\\caches\\transforms-2\\files-2.1\\78e7d3f5487dbf3c8bd1a75d0d68a2a0\\appcompat-1.1.0\\res\\values-af\\values-af.xml",
                    "from": {
                        "startLines": "2,3,4,5,6,7,8,9,10,11,12,13,14,15,16,17,18,19,20,21,22,23,24,25,26,27,28,29",
                        "startColumns": "4,4,4,4,4,4,4,4,4,4,4,4,4,4,4,4,4,4,4,4,4,4,4,4,4,4,4,4",
                        "startOffsets": "105,213,309,415,500,603,721,798,875,966,1058,1153,1247,1347,1440,1535,1634,1729,1823,1903,2010,2115,2212,2320,2423,2525,2679,2777",
                        "endColumns": "107,95,105,84,102,117,76,76,90,91,94,93,99,92,94,98,94,93,79,106,104,96,107,102,101,153,97,79",
                        "endOffsets": "208,304,410,495,598,716,793,870,961,1053,1148,1242,1342,1435,1530,1629,1724,1818,1898,2005,2110,2207,2315,2418,2520,2674,2772,2852"
                    },
                    "to": {
                        "startLines": "2,3,4,5,6,7,8,9,10,11,12,13,14,15,16,17,18,19,20,21,22,23,24,25,26,27,28,60",
                        "startColumns": "4,4,4,4,4,4,4,4,4,4,4,4,4,4,4,4,4,4,4,4,4,4,4,4,4,4,4,4",
                        "startOffsets": "105,213,309,415,500,603,721,798,875,966,1058,1153,1247,1347,1440,1535,1634,1729,1823,1903,2010,2115,2212,2320,2423,2525,2679,6563",
                        "endColumns": "107,95,105,84,102,117,76,76,90,91,94,93,99,92,94,98,94,93,79,106,104,96,107,102,101,153,97,79",
                        "endOffsets": "208,304,410,495,598,716,793,870,961,1053,1148,1242,1342,1435,1530,1629,1724,1818,1898,2005,2110,2207,2315,2418,2520,2674,2772,6638"
                    }
                },
                {
                    "source": "C:\\Users\\Mudassar\\.gradle\\caches\\transforms-2\\files-2.1\\4bb36207c20871865b7b6196a54ae023\\jetified-play-services-basement-17.0.0\\res\\values-af\\values.xml",
                    "from": {
                        "startLines": "4",
                        "startColumns": "0",
                        "startOffsets": "247",
                        "endColumns": "201",
                        "endOffsets": "448"
                    },
                    "to": {
                        "startLines": "37",
                        "startColumns": "4",
                        "startOffsets": "3929",
                        "endColumns": "201",
                        "endOffsets": "4126"
                    }
                },
                {
                    "source": "C:\\Users\\Mudassar\\.gradle\\caches\\transforms-2\\files-2.1\\fc1a205467b5c433350d5b0560a1781f\\play-services-base-17.1.0\\res\\values-af\\values.xml",
                    "from": {
                        "startLines": "4,5,6,7,8,9,10,11,12,13,14,15,16,17,18,19,20",
                        "startColumns": "0,0,0,0,0,0,0,0,0,0,0,0,0,0,0,0,0",
                        "startOffsets": "245,350,538,662,770,979,1099,1246,1373,1598,1704,1892,2017,2215,2395,2487,2576",
                        "endColumns": "104,187,123,107,208,119,146,126,224,105,187,124,197,179,91,88,103",
                        "endOffsets": "349,537,661,769,978,1098,1245,1372,1597,1703,1891,2016,2214,2394,2486,2575,2679"
                    },
                    "to": {
                        "startLines": "29,30,31,32,33,34,35,36,38,39,40,41,42,43,44,45,46",
                        "startColumns": "4,4,4,4,4,4,4,4,4,4,4,4,4,4,4,4,4",
                        "startOffsets": "2777,2886,3074,3202,3314,3523,3647,3798,4131,4356,4466,4654,4783,4981,5165,5261,5354",
                        "endColumns": "108,187,127,111,208,123,150,130,224,109,187,128,197,183,95,92,107",
                        "endOffsets": "2881,3069,3197,3309,3518,3642,3793,3924,4351,4461,4649,4778,4976,5160,5256,5349,5457"
                    }
                },
                {
                    "source": "C:\\Users\\Mudassar\\.gradle\\caches\\transforms-2\\files-2.1\\9350583047d9d28e7a4708239acec4f1\\jetified-firebase-messaging-20.0.0\\res\\values-af\\values.xml",
                    "from": {
                        "startLines": "4",
                        "startColumns": "0",
                        "startOffsets": "205",
                        "endColumns": "101",
                        "endOffsets": "306"
                    },
                    "to": {
                        "startLines": "47",
                        "startColumns": "4",
                        "startOffsets": "5462",
                        "endColumns": "105",
                        "endOffsets": "5563"
                    }
                },
                {
                    "source": "C:\\Users\\Mudassar\\.gradle\\caches\\transforms-2\\files-2.1\\4d90089bba98735a4773fb5da4aac47c\\jetified-play-services-places-16.0.0\\res\\values-af\\values.xml",
                    "from": {
                        "startLines": "4,5",
                        "startColumns": "0,0",
                        "startOffsets": "193,298",
                        "endColumns": "104,89",
                        "endOffsets": "297,387"
                    },
                    "to": {
                        "startLines": "50,51",
                        "startColumns": "4,4",
                        "startOffsets": "5787,5896",
                        "endColumns": "108,93",
                        "endOffsets": "5891,5985"
                    }
                },
                {
                    "source": "C:\\Users\\Mudassar\\.gradle\\caches\\transforms-2\\files-2.1\\d7e0c950707e021378551cecb6624e83\\core-1.1.0\\res\\values-af\\values-af.xml",
                    "from": {
                        "startLines": "2",
                        "startColumns": "4",
                        "startOffsets": "55",
                        "endColumns": "100",
                        "endOffsets": "151"
                    },
                    "to": {
                        "startLines": "61",
                        "startColumns": "4",
                        "startOffsets": "6643",
                        "endColumns": "100",
                        "endOffsets": "6739"
                    }
                },
                {
                    "source": "C:\\Users\\Mudassar\\.gradle\\caches\\transforms-2\\files-2.1\\222cdc43ab70d3d702638d878ca1cedb\\jetified-navigation-ui-2.1.0\\res\\values-af\\values-af.xml",
                    "from": {
                        "startLines": "2,3",
                        "startColumns": "4,4",
                        "startOffsets": "55,157",
                        "endColumns": "101,116",
                        "endOffsets": "152,269"
                    },
                    "to": {
                        "startLines": "48,49",
                        "startColumns": "4,4",
                        "startOffsets": "5568,5670",
                        "endColumns": "101,116",
                        "endOffsets": "5665,5782"
                    }
                },
                {
                    "source": "C:\\Users\\Mudassar\\.gradle\\caches\\transforms-2\\files-2.1\\d835d2effcd8e97c306f6a50688d9a8a\\jetified-places-compat-1.0.0\\res\\values-af\\values.xml",
                    "from": {
                        "startLines": "4,5,6,7,8,9,10,11",
                        "startColumns": "0,0,0,0,0,0,0,0",
                        "startOffsets": "184,257,321,414,475,524,595,671",
                        "endColumns": "72,63,92,60,48,70,75,53",
                        "endOffsets": "256,320,413,474,523,594,670,724"
                    },
                    "to": {
                        "startLines": "52,53,54,55,56,57,58,59",
                        "startColumns": "4,4,4,4,4,4,4,4",
                        "startOffsets": "5990,6067,6135,6232,6297,6350,6425,6505",
                        "endColumns": "76,67,96,64,52,74,79,57",
                        "endOffsets": "6062,6130,6227,6292,6345,6420,6500,6558"
                    }
                }
            ]
        }
    ]
}