{
    "logs": [
        {
            "outputFile": "D:\\1 BSCS 8TH\\CarController\\app\\build\\intermediates\\incremental\\mergeDebugResources\\merged.dir\\values-pt-rBR\\values-pt-rBR.xml",
            "map": [
                {
                    "source": "C:\\Users\\Mudassar\\.gradle\\caches\\transforms-2\\files-2.1\\4bb36207c20871865b7b6196a54ae023\\jetified-play-services-basement-17.0.0\\res\\values-pt-rBR\\values.xml",
                    "from": {
                        "startLines": "4",
                        "startColumns": "0",
                        "startOffsets": "251",
                        "endColumns": "203",
                        "endOffsets": "454"
                    },
                    "to": {
                        "startLines": "37",
                        "startColumns": "4",
                        "startOffsets": "4013",
                        "endColumns": "203",
                        "endOffsets": "4212"
                    }
                },
                {
                    "source": "C:\\Users\\Mudassar\\.gradle\\caches\\transforms-2\\files-2.1\\222cdc43ab70d3d702638d878ca1cedb\\jetified-navigation-ui-2.1.0\\res\\values-pt-rBR\\values-pt-rBR.xml",
                    "from": {
                        "startLines": "2,3",
                        "startColumns": "4,4",
                        "startOffsets": "55,167",
                        "endColumns": "111,119",
                        "endOffsets": "162,282"
                    },
                    "to": {
                        "startLines": "64,65",
                        "startColumns": "4,4",
                        "startOffsets": "6897,7009",
                        "endColumns": "111,119",
                        "endOffsets": "7004,7124"
                    }
                },
                {
                    "source": "C:\\Users\\Mudassar\\.gradle\\caches\\transforms-2\\files-2.1\\9350583047d9d28e7a4708239acec4f1\\jetified-firebase-messaging-20.0.0\\res\\values-pt-rBR\\values.xml",
                    "from": {
                        "startLines": "4",
                        "startColumns": "0",
                        "startOffsets": "209",
                        "endColumns": "102",
                        "endOffsets": "311"
                    },
                    "to": {
                        "startLines": "63",
                        "startColumns": "4",
                        "startOffsets": "6790",
                        "endColumns": "106",
                        "endOffsets": "6892"
                    }
                },
                {
                    "source": "C:\\Users\\Mudassar\\.gradle\\caches\\transforms-2\\files-2.1\\d7e0c950707e021378551cecb6624e83\\core-1.1.0\\res\\values-pt-rBR\\values-pt-rBR.xml",
                    "from": {
                        "startLines": "2",
                        "startColumns": "4",
                        "startOffsets": "55",
                        "endColumns": "100",
                        "endOffsets": "151"
                    },
                    "to": {
                        "startLines": "77",
                        "startColumns": "4",
                        "startOffsets": "7996",
                        "endColumns": "100",
                        "endOffsets": "8092"
                    }
                },
                {
                    "source": "C:\\Users\\Mudassar\\.gradle\\caches\\transforms-2\\files-2.1\\d835d2effcd8e97c306f6a50688d9a8a\\jetified-places-compat-1.0.0\\res\\values-pt-rBR\\values.xml",
                    "from": {
                        "startLines": "4,5,6,7,8,9,10,11",
                        "startColumns": "0,0,0,0,0,0,0,0",
                        "startOffsets": "188,261,326,416,482,529,599,675",
                        "endColumns": "72,64,89,65,46,69,75,57",
                        "endOffsets": "260,325,415,481,528,598,674,732"
                    },
                    "to": {
                        "startLines": "68,69,70,71,72,73,74,75",
                        "startColumns": "4,4,4,4,4,4,4,4",
                        "startOffsets": "7334,7411,7480,7574,7644,7695,7769,7849",
                        "endColumns": "76,68,93,69,50,73,79,61",
                        "endOffsets": "7406,7475,7569,7639,7690,7764,7844,7906"
                    }
                },
                {
                    "source": "C:\\Users\\Mudassar\\.gradle\\caches\\transforms-2\\files-2.1\\fc1a205467b5c433350d5b0560a1781f\\play-services-base-17.1.0\\res\\values-pt-rBR\\values.xml",
                    "from": {
                        "startLines": "4,5,6,7,8,9,10,11,12,13,14,15,16,17,18,19,20",
                        "startColumns": "0,0,0,0,0,0,0,0,0,0,0,0,0,0,0,0,0",
                        "startOffsets": "249,352,532,657,763,989,1117,1265,1395,1624,1730,1925,2053,2269,2452,2547,2639",
                        "endColumns": "102,179,124,105,225,127,147,129,228,105,194,127,215,182,94,91,108",
                        "endOffsets": "351,531,656,762,988,1116,1264,1394,1623,1729,1924,2052,2268,2451,2546,2638,2747"
                    },
                    "to": {
                        "startLines": "29,30,31,32,33,34,35,36,38,39,40,41,42,43,44,45,46",
                        "startColumns": "4,4,4,4,4,4,4,4,4,4,4,4,4,4,4,4,4",
                        "startOffsets": "2843,2950,3130,3259,3369,3595,3727,3879,4217,4446,4556,4751,4883,5099,5286,5385,5481",
                        "endColumns": "106,179,128,109,225,131,151,133,228,109,194,131,215,186,98,95,112",
                        "endOffsets": "2945,3125,3254,3364,3590,3722,3874,4008,4441,4551,4746,4878,5094,5281,5380,5476,5589"
                    }
                },
                {
                    "source": "C:\\Users\\Mudassar\\.gradle\\caches\\transforms-2\\files-2.1\\331a29bf788a80d77947dedb12eb153f\\imagepicker-2.0.0\\res\\values-pt-rBR\\values-pt-rBR.xml",
                    "from": {
                        "startLines": "2,3,4,5,6,7,8,9,10,11,12,13,14,15,16,17",
                        "startColumns": "4,4,4,4,4,4,4,4,4,4,4,4,4,4,4,4",
                        "startOffsets": "55,100,142,229,298,369,442,516,591,696,827,864,988,1044,1118,1168",
                        "endColumns": "44,41,86,68,70,72,73,74,104,130,36,123,55,73,49,82",
                        "endOffsets": "95,137,224,293,364,437,511,586,691,822,859,983,1039,1113,1163,1246"
                    },
                    "to": {
                        "startLines": "47,48,49,50,51,52,53,54,55,56,57,58,59,60,61,62",
                        "startColumns": "4,4,4,4,4,4,4,4,4,4,4,4,4,4,4,4",
                        "startOffsets": "5594,5639,5681,5768,5837,5908,5981,6055,6130,6235,6366,6403,6527,6583,6657,6707",
                        "endColumns": "44,41,86,68,70,72,73,74,104,130,36,123,55,73,49,82",
                        "endOffsets": "5634,5676,5763,5832,5903,5976,6050,6125,6230,6361,6398,6522,6578,6652,6702,6785"
                    }
                },
                {
                    "source": "C:\\Users\\Mudassar\\.gradle\\caches\\transforms-2\\files-2.1\\78e7d3f5487dbf3c8bd1a75d0d68a2a0\\appcompat-1.1.0\\res\\values-pt-rBR\\values-pt-rBR.xml",
                    "from": {
                        "startLines": "2,3,4,5,6,7,8,9,10,11,12,13,14,15,16,17,18,19,20,21,22,23,24,25,26,27,28,29",
                        "startColumns": "4,4,4,4,4,4,4,4,4,4,4,4,4,4,4,4,4,4,4,4,4,4,4,4,4,4,4,4",
                        "startOffsets": "105,225,331,438,527,628,747,832,913,1004,1096,1191,1285,1386,1479,1574,1669,1760,1851,1935,2042,2153,2255,2363,2471,2581,2743,2843",
                        "endColumns": "119,105,106,88,100,118,84,80,90,91,94,93,100,92,94,94,90,90,83,106,110,101,107,107,109,161,99,84",
                        "endOffsets": "220,326,433,522,623,742,827,908,999,1091,1186,1280,1381,1474,1569,1664,1755,1846,1930,2037,2148,2250,2358,2466,2576,2738,2838,2923"
                    },
                    "to": {
                        "startLines": "2,3,4,5,6,7,8,9,10,11,12,13,14,15,16,17,18,19,20,21,22,23,24,25,26,27,28,76",
                        "startColumns": "4,4,4,4,4,4,4,4,4,4,4,4,4,4,4,4,4,4,4,4,4,4,4,4,4,4,4,4",
                        "startOffsets": "105,225,331,438,527,628,747,832,913,1004,1096,1191,1285,1386,1479,1574,1669,1760,1851,1935,2042,2153,2255,2363,2471,2581,2743,7911",
                        "endColumns": "119,105,106,88,100,118,84,80,90,91,94,93,100,92,94,94,90,90,83,106,110,101,107,107,109,161,99,84",
                        "endOffsets": "220,326,433,522,623,742,827,908,999,1091,1186,1280,1381,1474,1569,1664,1755,1846,1930,2037,2148,2250,2358,2466,2576,2738,2838,7991"
                    }
                },
                {
                    "source": "C:\\Users\\Mudassar\\.gradle\\caches\\transforms-2\\files-2.1\\4d90089bba98735a4773fb5da4aac47c\\jetified-play-services-places-16.0.0\\res\\values-pt-rBR\\values.xml",
                    "from": {
                        "startLines": "4,5",
                        "startColumns": "0,0",
                        "startOffsets": "197,299",
                        "endColumns": "101,94",
                        "endOffsets": "298,393"
                    },
                    "to": {
                        "startLines": "66,67",
                        "startColumns": "4,4",
                        "startOffsets": "7129,7235",
                        "endColumns": "105,98",
                        "endOffsets": "7230,7329"
                    }
                }
            ]
        }
    ]
}