{
    "logs": [
        {
            "outputFile": "D:\\1 BSCS 8TH\\CarController\\app\\build\\intermediates\\incremental\\mergeDebugResources\\merged.dir\\values-lv\\values-lv.xml",
            "map": [
                {
                    "source": "C:\\Users\\Mudassar\\.gradle\\caches\\transforms-2\\files-2.1\\222cdc43ab70d3d702638d878ca1cedb\\jetified-navigation-ui-2.1.0\\res\\values-lv\\values-lv.xml",
                    "from": {
                        "startLines": "2,3",
                        "startColumns": "4,4",
                        "startOffsets": "55,169",
                        "endColumns": "113,122",
                        "endOffsets": "164,287"
                    },
                    "to": {
                        "startLines": "48,49",
                        "startColumns": "4,4",
                        "startOffsets": "5887,6001",
                        "endColumns": "113,122",
                        "endOffsets": "5996,6119"
                    }
                },
                {
                    "source": "C:\\Users\\Mudassar\\.gradle\\caches\\transforms-2\\files-2.1\\d835d2effcd8e97c306f6a50688d9a8a\\jetified-places-compat-1.0.0\\res\\values-lv\\values.xml",
                    "from": {
                        "startLines": "4,5,6,7,8,9,10,11",
                        "startColumns": "0,0,0,0,0,0,0,0",
                        "startOffsets": "184,270,334,431,494,539,613,694",
                        "endColumns": "85,63,96,62,44,73,80,56",
                        "endOffsets": "269,333,430,493,538,612,693,750"
                    },
                    "to": {
                        "startLines": "52,53,54,55,56,57,58,59",
                        "startColumns": "4,4,4,4,4,4,4,4",
                        "startOffsets": "6339,6429,6497,6598,6665,6714,6792,6877",
                        "endColumns": "89,67,100,66,48,77,84,60",
                        "endOffsets": "6424,6492,6593,6660,6709,6787,6872,6933"
                    }
                },
                {
                    "source": "C:\\Users\\Mudassar\\.gradle\\caches\\transforms-2\\files-2.1\\fc1a205467b5c433350d5b0560a1781f\\play-services-base-17.1.0\\res\\values-lv\\values.xml",
                    "from": {
                        "startLines": "4,5,6,7,8,9,10,11,12,13,14,15,16,17,18,19,20",
                        "startColumns": "0,0,0,0,0,0,0,0,0,0,0,0,0,0,0,0,0",
                        "startOffsets": "245,350,543,674,780,981,1110,1253,1384,1618,1725,1925,2058,2286,2467,2557,2651",
                        "endColumns": "104,192,130,105,200,128,142,130,233,106,199,132,227,180,89,93,113",
                        "endOffsets": "349,542,673,779,980,1109,1252,1383,1617,1724,1924,2057,2285,2466,2556,2650,2764"
                    },
                    "to": {
                        "startLines": "29,30,31,32,33,34,35,36,38,39,40,41,42,43,44,45,46",
                        "startColumns": "4,4,4,4,4,4,4,4,4,4,4,4,4,4,4,4,4",
                        "startOffsets": "2989,3098,3291,3426,3536,3737,3870,4017,4377,4611,4722,4922,5059,5287,5472,5566,5664",
                        "endColumns": "108,192,134,109,200,132,146,134,233,110,199,136,227,184,93,97,117",
                        "endOffsets": "3093,3286,3421,3531,3732,3865,4012,4147,4606,4717,4917,5054,5282,5467,5561,5659,5777"
                    }
                },
                {
                    "source": "C:\\Users\\Mudassar\\.gradle\\caches\\transforms-2\\files-2.1\\9350583047d9d28e7a4708239acec4f1\\jetified-firebase-messaging-20.0.0\\res\\values-lv\\values.xml",
                    "from": {
                        "startLines": "4",
                        "startColumns": "0",
                        "startOffsets": "205",
                        "endColumns": "100",
                        "endOffsets": "305"
                    },
                    "to": {
                        "startLines": "47",
                        "startColumns": "4",
                        "startOffsets": "5782",
                        "endColumns": "104",
                        "endOffsets": "5882"
                    }
                },
                {
                    "source": "C:\\Users\\Mudassar\\.gradle\\caches\\transforms-2\\files-2.1\\4d90089bba98735a4773fb5da4aac47c\\jetified-play-services-places-16.0.0\\res\\values-lv\\values.xml",
                    "from": {
                        "startLines": "4,5",
                        "startColumns": "0,0",
                        "startOffsets": "193,308",
                        "endColumns": "114,91",
                        "endOffsets": "307,399"
                    },
                    "to": {
                        "startLines": "50,51",
                        "startColumns": "4,4",
                        "startOffsets": "6124,6243",
                        "endColumns": "118,95",
                        "endOffsets": "6238,6334"
                    }
                },
                {
                    "source": "C:\\Users\\Mudassar\\.gradle\\caches\\transforms-2\\files-2.1\\4bb36207c20871865b7b6196a54ae023\\jetified-play-services-basement-17.0.0\\res\\values-lv\\values.xml",
                    "from": {
                        "startLines": "4",
                        "startColumns": "0",
                        "startOffsets": "247",
                        "endColumns": "224",
                        "endOffsets": "471"
                    },
                    "to": {
                        "startLines": "37",
                        "startColumns": "4",
                        "startOffsets": "4152",
                        "endColumns": "224",
                        "endOffsets": "4372"
                    }
                },
                {
                    "source": "C:\\Users\\Mudassar\\.gradle\\caches\\transforms-2\\files-2.1\\d7e0c950707e021378551cecb6624e83\\core-1.1.0\\res\\values-lv\\values-lv.xml",
                    "from": {
                        "startLines": "2",
                        "startColumns": "4",
                        "startOffsets": "55",
                        "endColumns": "100",
                        "endOffsets": "151"
                    },
                    "to": {
                        "startLines": "61",
                        "startColumns": "4",
                        "startOffsets": "7020",
                        "endColumns": "100",
                        "endOffsets": "7116"
                    }
                },
                {
                    "source": "C:\\Users\\Mudassar\\.gradle\\caches\\transforms-2\\files-2.1\\78e7d3f5487dbf3c8bd1a75d0d68a2a0\\appcompat-1.1.0\\res\\values-lv\\values-lv.xml",
                    "from": {
                        "startLines": "2,3,4,5,6,7,8,9,10,11,12,13,14,15,16,17,18,19,20,21,22,23,24,25,26,27,28,29",
                        "startColumns": "4,4,4,4,4,4,4,4,4,4,4,4,4,4,4,4,4,4,4,4,4,4,4,4,4,4,4,4",
                        "startOffsets": "105,225,335,444,530,634,756,838,919,1029,1136,1242,1351,1463,1566,1678,1785,1890,1990,2074,2183,2294,2393,2504,2611,2716,2890,2989",
                        "endColumns": "119,109,108,85,103,121,81,80,109,106,105,108,111,102,111,106,104,99,83,108,110,98,110,106,104,173,98,81",
                        "endOffsets": "220,330,439,525,629,751,833,914,1024,1131,1237,1346,1458,1561,1673,1780,1885,1985,2069,2178,2289,2388,2499,2606,2711,2885,2984,3066"
                    },
                    "to": {
                        "startLines": "2,3,4,5,6,7,8,9,10,11,12,13,14,15,16,17,18,19,20,21,22,23,24,25,26,27,28,60",
                        "startColumns": "4,4,4,4,4,4,4,4,4,4,4,4,4,4,4,4,4,4,4,4,4,4,4,4,4,4,4,4",
                        "startOffsets": "105,225,335,444,530,634,756,838,919,1029,1136,1242,1351,1463,1566,1678,1785,1890,1990,2074,2183,2294,2393,2504,2611,2716,2890,6938",
                        "endColumns": "119,109,108,85,103,121,81,80,109,106,105,108,111,102,111,106,104,99,83,108,110,98,110,106,104,173,98,81",
                        "endOffsets": "220,330,439,525,629,751,833,914,1024,1131,1237,1346,1458,1561,1673,1780,1885,1985,2069,2178,2289,2388,2499,2606,2711,2885,2984,7015"
                    }
                }
            ]
        }
    ]
}