{
    "logs": [
        {
            "outputFile": "D:\\1 BSCS 8TH\\CarController\\app\\build\\intermediates\\incremental\\mergeDebugResources\\merged.dir\\values-ur\\values-ur.xml",
            "map": [
                {
                    "source": "C:\\Users\\Mudassar\\.gradle\\caches\\transforms-2\\files-2.1\\4bb36207c20871865b7b6196a54ae023\\jetified-play-services-basement-17.0.0\\res\\values-ur\\values.xml",
                    "from": {
                        "startLines": "4",
                        "startColumns": "0",
                        "startOffsets": "247",
                        "endColumns": "210",
                        "endOffsets": "457"
                    },
                    "to": {
                        "startLines": "37",
                        "startColumns": "4",
                        "startOffsets": "3982",
                        "endColumns": "210",
                        "endOffsets": "4188"
                    }
                },
                {
                    "source": "C:\\Users\\Mudassar\\.gradle\\caches\\transforms-2\\files-2.1\\fc1a205467b5c433350d5b0560a1781f\\play-services-base-17.1.0\\res\\values-ur\\values.xml",
                    "from": {
                        "startLines": "4,5,6,7,8,9,10,11,12,13,14,15,16,17,18,19,20",
                        "startColumns": "0,0,0,0,0,0,0,0,0,0,0,0,0,0,0,0,0",
                        "startOffsets": "245,351,547,671,780,979,1104,1242,1371,1582,1690,1893,2019,2224,2419,2508,2601",
                        "endColumns": "105,195,123,108,198,124,137,128,210,107,202,125,204,194,88,92,112",
                        "endOffsets": "350,546,670,779,978,1103,1241,1370,1581,1689,1892,2018,2223,2418,2507,2600,2713"
                    },
                    "to": {
                        "startLines": "29,30,31,32,33,34,35,36,38,39,40,41,42,43,44,45,46",
                        "startColumns": "4,4,4,4,4,4,4,4,4,4,4,4,4,4,4,4,4",
                        "startOffsets": "2832,2942,3138,3266,3379,3578,3707,3849,4193,4404,4516,4719,4849,5054,5253,5346,5443",
                        "endColumns": "109,195,127,112,198,128,141,132,210,111,202,129,204,198,92,96,116",
                        "endOffsets": "2937,3133,3261,3374,3573,3702,3844,3977,4399,4511,4714,4844,5049,5248,5341,5438,5555"
                    }
                },
                {
                    "source": "C:\\Users\\Mudassar\\.gradle\\caches\\transforms-2\\files-2.1\\9350583047d9d28e7a4708239acec4f1\\jetified-firebase-messaging-20.0.0\\res\\values-ur\\values.xml",
                    "from": {
                        "startLines": "4",
                        "startColumns": "0",
                        "startOffsets": "205",
                        "endColumns": "101",
                        "endOffsets": "306"
                    },
                    "to": {
                        "startLines": "47",
                        "startColumns": "4",
                        "startOffsets": "5560",
                        "endColumns": "105",
                        "endOffsets": "5661"
                    }
                },
                {
                    "source": "C:\\Users\\Mudassar\\.gradle\\caches\\transforms-2\\files-2.1\\4d90089bba98735a4773fb5da4aac47c\\jetified-play-services-places-16.0.0\\res\\values-ur\\values.xml",
                    "from": {
                        "startLines": "4,5",
                        "startColumns": "0,0",
                        "startOffsets": "193,293",
                        "endColumns": "99,89",
                        "endOffsets": "292,382"
                    },
                    "to": {
                        "startLines": "50,51",
                        "startColumns": "4,4",
                        "startOffsets": "5893,5997",
                        "endColumns": "103,93",
                        "endOffsets": "5992,6086"
                    }
                },
                {
                    "source": "C:\\Users\\Mudassar\\.gradle\\caches\\transforms-2\\files-2.1\\222cdc43ab70d3d702638d878ca1cedb\\jetified-navigation-ui-2.1.0\\res\\values-ur\\values-ur.xml",
                    "from": {
                        "startLines": "2,3",
                        "startColumns": "4,4",
                        "startOffsets": "55,167",
                        "endColumns": "111,114",
                        "endOffsets": "162,277"
                    },
                    "to": {
                        "startLines": "48,49",
                        "startColumns": "4,4",
                        "startOffsets": "5666,5778",
                        "endColumns": "111,114",
                        "endOffsets": "5773,5888"
                    }
                },
                {
                    "source": "C:\\Users\\Mudassar\\.gradle\\caches\\transforms-2\\files-2.1\\d7e0c950707e021378551cecb6624e83\\core-1.1.0\\res\\values-ur\\values-ur.xml",
                    "from": {
                        "startLines": "2",
                        "startColumns": "4",
                        "startOffsets": "55",
                        "endColumns": "100",
                        "endOffsets": "151"
                    },
                    "to": {
                        "startLines": "61",
                        "startColumns": "4",
                        "startOffsets": "6761",
                        "endColumns": "100",
                        "endOffsets": "6857"
                    }
                },
                {
                    "source": "C:\\Users\\Mudassar\\.gradle\\caches\\transforms-2\\files-2.1\\78e7d3f5487dbf3c8bd1a75d0d68a2a0\\appcompat-1.1.0\\res\\values-ur\\values-ur.xml",
                    "from": {
                        "startLines": "2,3,4,5,6,7,8,9,10,11,12,13,14,15,16,17,18,19,20,21,22,23,24,25,26,27,28,29",
                        "startColumns": "4,4,4,4,4,4,4,4,4,4,4,4,4,4,4,4,4,4,4,4,4,4,4,4,4,4,4,4",
                        "startOffsets": "105,219,325,434,520,624,744,821,897,989,1082,1177,1271,1373,1467,1563,1657,1749,1841,1925,2033,2139,2241,2352,2453,2569,2734,2832",
                        "endColumns": "113,105,108,85,103,119,76,75,91,92,94,93,101,93,95,93,91,91,83,107,105,101,110,100,115,164,97,84",
                        "endOffsets": "214,320,429,515,619,739,816,892,984,1077,1172,1266,1368,1462,1558,1652,1744,1836,1920,2028,2134,2236,2347,2448,2564,2729,2827,2912"
                    },
                    "to": {
                        "startLines": "2,3,4,5,6,7,8,9,10,11,12,13,14,15,16,17,18,19,20,21,22,23,24,25,26,27,28,60",
                        "startColumns": "4,4,4,4,4,4,4,4,4,4,4,4,4,4,4,4,4,4,4,4,4,4,4,4,4,4,4,4",
                        "startOffsets": "105,219,325,434,520,624,744,821,897,989,1082,1177,1271,1373,1467,1563,1657,1749,1841,1925,2033,2139,2241,2352,2453,2569,2734,6676",
                        "endColumns": "113,105,108,85,103,119,76,75,91,92,94,93,101,93,95,93,91,91,83,107,105,101,110,100,115,164,97,84",
                        "endOffsets": "214,320,429,515,619,739,816,892,984,1077,1172,1266,1368,1462,1558,1652,1744,1836,1920,2028,2134,2236,2347,2448,2564,2729,2827,6756"
                    }
                },
                {
                    "source": "C:\\Users\\Mudassar\\.gradle\\caches\\transforms-2\\files-2.1\\d835d2effcd8e97c306f6a50688d9a8a\\jetified-places-compat-1.0.0\\res\\values-ur\\values.xml",
                    "from": {
                        "startLines": "4,5,6,7,8,9,10,11",
                        "startColumns": "0,0,0,0,0,0,0,0",
                        "startOffsets": "184,255,320,415,476,525,603,679",
                        "endColumns": "70,64,94,60,48,77,75,57",
                        "endOffsets": "254,319,414,475,524,602,678,736"
                    },
                    "to": {
                        "startLines": "52,53,54,55,56,57,58,59",
                        "startColumns": "4,4,4,4,4,4,4,4",
                        "startOffsets": "6091,6166,6235,6334,6399,6452,6534,6614",
                        "endColumns": "74,68,98,64,52,81,79,61",
                        "endOffsets": "6161,6230,6329,6394,6447,6529,6609,6671"
                    }
                }
            ]
        }
    ]
}