{
    "logs": [
        {
            "outputFile": "D:\\1 BSCS 8TH\\CarController\\app\\build\\intermediates\\incremental\\mergeDebugResources\\merged.dir\\values-hy\\values-hy.xml",
            "map": [
                {
                    "source": "C:\\Users\\Mudassar\\.gradle\\caches\\transforms-2\\files-2.1\\4bb36207c20871865b7b6196a54ae023\\jetified-play-services-basement-17.0.0\\res\\values-hy\\values.xml",
                    "from": {
                        "startLines": "4",
                        "startColumns": "0",
                        "startOffsets": "247",
                        "endColumns": "209",
                        "endOffsets": "456"
                    },
                    "to": {
                        "startLines": "37",
                        "startColumns": "4",
                        "startOffsets": "4015",
                        "endColumns": "209",
                        "endOffsets": "4220"
                    }
                },
                {
                    "source": "C:\\Users\\Mudassar\\.gradle\\caches\\transforms-2\\files-2.1\\d7e0c950707e021378551cecb6624e83\\core-1.1.0\\res\\values-hy\\values-hy.xml",
                    "from": {
                        "startLines": "2",
                        "startColumns": "4",
                        "startOffsets": "55",
                        "endColumns": "100",
                        "endOffsets": "151"
                    },
                    "to": {
                        "startLines": "61",
                        "startColumns": "4",
                        "startOffsets": "6781",
                        "endColumns": "100",
                        "endOffsets": "6877"
                    }
                },
                {
                    "source": "C:\\Users\\Mudassar\\.gradle\\caches\\transforms-2\\files-2.1\\d835d2effcd8e97c306f6a50688d9a8a\\jetified-places-compat-1.0.0\\res\\values-hy\\values.xml",
                    "from": {
                        "startLines": "4,5,6,7,8,9,10,11",
                        "startColumns": "0,0,0,0,0,0,0,0",
                        "startOffsets": "184,256,318,410,474,521,586,648",
                        "endColumns": "71,61,91,63,46,64,61,47",
                        "endOffsets": "255,317,409,473,520,585,647,695"
                    },
                    "to": {
                        "startLines": "52,53,54,55,56,57,58,59",
                        "startColumns": "4,4,4,4,4,4,4,4",
                        "startOffsets": "6155,6231,6297,6393,6461,6512,6581,6647",
                        "endColumns": "75,65,95,67,50,68,65,51",
                        "endOffsets": "6226,6292,6388,6456,6507,6576,6642,6694"
                    }
                },
                {
                    "source": "C:\\Users\\Mudassar\\.gradle\\caches\\transforms-2\\files-2.1\\222cdc43ab70d3d702638d878ca1cedb\\jetified-navigation-ui-2.1.0\\res\\values-hy\\values-hy.xml",
                    "from": {
                        "startLines": "2,3",
                        "startColumns": "4,4",
                        "startOffsets": "55,161",
                        "endColumns": "105,116",
                        "endOffsets": "156,273"
                    },
                    "to": {
                        "startLines": "48,49",
                        "startColumns": "4,4",
                        "startOffsets": "5724,5830",
                        "endColumns": "105,116",
                        "endOffsets": "5825,5942"
                    }
                },
                {
                    "source": "C:\\Users\\Mudassar\\.gradle\\caches\\transforms-2\\files-2.1\\78e7d3f5487dbf3c8bd1a75d0d68a2a0\\appcompat-1.1.0\\res\\values-hy\\values-hy.xml",
                    "from": {
                        "startLines": "2,3,4,5,6,7,8,9,10,11,12,13,14,15,16,17,18,19,20,21,22,23,24,25,26,27,28,29",
                        "startColumns": "4,4,4,4,4,4,4,4,4,4,4,4,4,4,4,4,4,4,4,4,4,4,4,4,4,4,4,4",
                        "startOffsets": "105,213,313,423,512,618,735,817,898,989,1081,1176,1270,1371,1464,1559,1653,1744,1835,1917,2023,2129,2228,2338,2446,2547,2717,2814",
                        "endColumns": "107,99,109,88,105,116,81,80,90,91,94,93,100,92,94,93,90,90,81,105,105,98,109,107,100,169,96,81",
                        "endOffsets": "208,308,418,507,613,730,812,893,984,1076,1171,1265,1366,1459,1554,1648,1739,1830,1912,2018,2124,2223,2333,2441,2542,2712,2809,2891"
                    },
                    "to": {
                        "startLines": "2,3,4,5,6,7,8,9,10,11,12,13,14,15,16,17,18,19,20,21,22,23,24,25,26,27,28,60",
                        "startColumns": "4,4,4,4,4,4,4,4,4,4,4,4,4,4,4,4,4,4,4,4,4,4,4,4,4,4,4,4",
                        "startOffsets": "105,213,313,423,512,618,735,817,898,989,1081,1176,1270,1371,1464,1559,1653,1744,1835,1917,2023,2129,2228,2338,2446,2547,2717,6699",
                        "endColumns": "107,99,109,88,105,116,81,80,90,91,94,93,100,92,94,93,90,90,81,105,105,98,109,107,100,169,96,81",
                        "endOffsets": "208,308,418,507,613,730,812,893,984,1076,1171,1265,1366,1459,1554,1648,1739,1830,1912,2018,2124,2223,2333,2441,2542,2712,2809,6776"
                    }
                },
                {
                    "source": "C:\\Users\\Mudassar\\.gradle\\caches\\transforms-2\\files-2.1\\4d90089bba98735a4773fb5da4aac47c\\jetified-play-services-places-16.0.0\\res\\values-hy\\values.xml",
                    "from": {
                        "startLines": "4,5",
                        "startColumns": "0,0",
                        "startOffsets": "193,300",
                        "endColumns": "106,92",
                        "endOffsets": "299,392"
                    },
                    "to": {
                        "startLines": "50,51",
                        "startColumns": "4,4",
                        "startOffsets": "5947,6058",
                        "endColumns": "110,96",
                        "endOffsets": "6053,6150"
                    }
                },
                {
                    "source": "C:\\Users\\Mudassar\\.gradle\\caches\\transforms-2\\files-2.1\\9350583047d9d28e7a4708239acec4f1\\jetified-firebase-messaging-20.0.0\\res\\values-hy\\values.xml",
                    "from": {
                        "startLines": "4",
                        "startColumns": "0",
                        "startOffsets": "205",
                        "endColumns": "101",
                        "endOffsets": "306"
                    },
                    "to": {
                        "startLines": "47",
                        "startColumns": "4",
                        "startOffsets": "5618",
                        "endColumns": "105",
                        "endOffsets": "5719"
                    }
                },
                {
                    "source": "C:\\Users\\Mudassar\\.gradle\\caches\\transforms-2\\files-2.1\\fc1a205467b5c433350d5b0560a1781f\\play-services-base-17.1.0\\res\\values-hy\\values.xml",
                    "from": {
                        "startLines": "4,5,6,7,8,9,10,11,12,13,14,15,16,17,18,19,20",
                        "startColumns": "0,0,0,0,0,0,0,0,0,0,0,0,0,0,0,0,0",
                        "startOffsets": "245,349,546,678,784,997,1131,1284,1422,1648,1754,1953,2087,2308,2500,2591,2684",
                        "endColumns": "103,196,131,105,212,133,152,137,225,105,198,133,220,191,90,92,106",
                        "endOffsets": "348,545,677,783,996,1130,1283,1421,1647,1753,1952,2086,2307,2499,2590,2683,2790"
                    },
                    "to": {
                        "startLines": "29,30,31,32,33,34,35,36,38,39,40,41,42,43,44,45,46",
                        "startColumns": "4,4,4,4,4,4,4,4,4,4,4,4,4,4,4,4,4",
                        "startOffsets": "2814,2922,3119,3255,3365,3578,3716,3873,4225,4451,4561,4760,4898,5119,5315,5410,5507",
                        "endColumns": "107,196,135,109,212,137,156,141,225,109,198,137,220,195,94,96,110",
                        "endOffsets": "2917,3114,3250,3360,3573,3711,3868,4010,4446,4556,4755,4893,5114,5310,5405,5502,5613"
                    }
                }
            ]
        }
    ]
}