{
    "logs": [
        {
            "outputFile": "D:\\1 BSCS 8TH\\CarController\\app\\build\\intermediates\\incremental\\mergeDebugResources\\merged.dir\\values-zh-rTW\\values-zh-rTW.xml",
            "map": [
                {
                    "source": "C:\\Users\\Mudassar\\.gradle\\caches\\transforms-2\\files-2.1\\78e7d3f5487dbf3c8bd1a75d0d68a2a0\\appcompat-1.1.0\\res\\values-zh-rTW\\values-zh-rTW.xml",
                    "from": {
                        "startLines": "2,3,4,5,6,7,8,9,10,11,12,13,14,15,16,17,18,19,20,21,22,23,24,25,26,27,28,29",
                        "startColumns": "4,4,4,4,4,4,4,4,4,4,4,4,4,4,4,4,4,4,4,4,4,4,4,4,4,4,4,4",
                        "startOffsets": "105,200,293,393,475,572,680,757,833,925,1018,1115,1211,1307,1401,1497,1589,1681,1773,1850,1946,2041,2136,2233,2329,2427,2577,2671",
                        "endColumns": "94,92,99,81,96,107,76,75,91,92,96,95,95,93,95,91,91,91,76,95,94,94,96,95,97,149,93,77",
                        "endOffsets": "195,288,388,470,567,675,752,828,920,1013,1110,1206,1302,1396,1492,1584,1676,1768,1845,1941,2036,2131,2228,2324,2422,2572,2666,2744"
                    },
                    "to": {
                        "startLines": "2,3,4,5,6,7,8,9,10,11,12,13,14,15,16,17,18,19,20,21,22,23,24,25,26,27,28,78",
                        "startColumns": "4,4,4,4,4,4,4,4,4,4,4,4,4,4,4,4,4,4,4,4,4,4,4,4,4,4,4,4",
                        "startOffsets": "105,200,293,393,475,572,680,757,833,925,1018,1115,1211,1307,1401,1497,1589,1681,1773,1850,1946,2041,2136,2233,2329,2427,2577,6973",
                        "endColumns": "94,92,99,81,96,107,76,75,91,92,96,95,95,93,95,91,91,91,76,95,94,94,96,95,97,149,93,77",
                        "endOffsets": "195,288,388,470,567,675,752,828,920,1013,1110,1206,1302,1396,1492,1584,1676,1768,1845,1941,2036,2131,2228,2324,2422,2572,2666,7046"
                    }
                },
                {
                    "source": "C:\\Users\\Mudassar\\.gradle\\caches\\transforms-2\\files-2.1\\fc1a205467b5c433350d5b0560a1781f\\play-services-base-17.1.0\\res\\values-zh-rTW\\values.xml",
                    "from": {
                        "startLines": "4,5,6,7,8,9,10,11,12,13,14,15,16,17,18,19,20",
                        "startColumns": "0,0,0,0,0,0,0,0,0,0,0,0,0,0,0,0,0",
                        "startOffsets": "249,348,508,621,721,887,1001,1127,1247,1416,1515,1675,1788,1949,2083,2165,2248",
                        "endColumns": "98,159,112,99,165,113,125,119,168,98,159,112,160,133,81,82,98",
                        "endOffsets": "347,507,620,720,886,1000,1126,1246,1415,1514,1674,1787,1948,2082,2164,2247,2346"
                    },
                    "to": {
                        "startLines": "31,32,33,34,35,36,37,38,40,41,42,43,44,45,46,47,48",
                        "startColumns": "4,4,4,4,4,4,4,4,4,4,4,4,4,4,4,4,4",
                        "startOffsets": "2777,2880,3040,3157,3261,3427,3545,3675,3961,4130,4233,4393,4510,4671,4809,4895,4982",
                        "endColumns": "102,159,116,103,165,117,129,123,168,102,159,116,160,137,85,86,102",
                        "endOffsets": "2875,3035,3152,3256,3422,3540,3670,3794,4125,4228,4388,4505,4666,4804,4890,4977,5080"
                    }
                },
                {
                    "source": "C:\\Users\\Mudassar\\.gradle\\caches\\transforms-2\\files-2.1\\d835d2effcd8e97c306f6a50688d9a8a\\jetified-places-compat-1.0.0\\res\\values-zh-rTW\\values.xml",
                    "from": {
                        "startLines": "4,5,6,7,8,9,10,11",
                        "startColumns": "0,0,0,0,0,0,0,0",
                        "startOffsets": "188,250,305,387,446,487,548,602",
                        "endColumns": "61,54,81,58,40,60,53,45",
                        "endOffsets": "249,304,386,445,486,547,601,647"
                    },
                    "to": {
                        "startLines": "70,71,72,73,74,75,76,77",
                        "startColumns": "4,4,4,4,4,4,4,4",
                        "startOffsets": "6481,6547,6606,6692,6755,6800,6865,6923",
                        "endColumns": "65,58,85,62,44,64,57,49",
                        "endOffsets": "6542,6601,6687,6750,6795,6860,6918,6968"
                    }
                },
                {
                    "source": "C:\\Users\\Mudassar\\.gradle\\caches\\transforms-2\\files-2.1\\4bb36207c20871865b7b6196a54ae023\\jetified-play-services-basement-17.0.0\\res\\values-zh-rTW\\values.xml",
                    "from": {
                        "startLines": "4",
                        "startColumns": "0",
                        "startOffsets": "251",
                        "endColumns": "161",
                        "endOffsets": "412"
                    },
                    "to": {
                        "startLines": "39",
                        "startColumns": "4",
                        "startOffsets": "3799",
                        "endColumns": "161",
                        "endOffsets": "3956"
                    }
                },
                {
                    "source": "C:\\Users\\Mudassar\\.gradle\\caches\\transforms-2\\files-2.1\\222cdc43ab70d3d702638d878ca1cedb\\jetified-navigation-ui-2.1.0\\res\\values-zh-rTW\\values-zh-rTW.xml",
                    "from": {
                        "startLines": "2,3",
                        "startColumns": "4,4",
                        "startOffsets": "55,154",
                        "endColumns": "98,99",
                        "endOffsets": "149,249"
                    },
                    "to": {
                        "startLines": "66,67",
                        "startColumns": "4,4",
                        "startOffsets": "6095,6194",
                        "endColumns": "98,99",
                        "endOffsets": "6189,6289"
                    }
                },
                {
                    "source": "C:\\Users\\Mudassar\\.gradle\\caches\\transforms-2\\files-2.1\\2c829cd8480f9c4cc065b3508607ae1b\\AppIntro-5.1.0\\res\\values-zh-rTW\\values-zh-rTW.xml",
                    "from": {
                        "startLines": "2,3",
                        "startColumns": "4,4",
                        "startOffsets": "55,108",
                        "endColumns": "52,52",
                        "endOffsets": "103,156"
                    },
                    "to": {
                        "startLines": "29,30",
                        "startColumns": "4,4",
                        "startOffsets": "2671,2724",
                        "endColumns": "52,52",
                        "endOffsets": "2719,2772"
                    }
                },
                {
                    "source": "C:\\Users\\Mudassar\\.gradle\\caches\\transforms-2\\files-2.1\\9350583047d9d28e7a4708239acec4f1\\jetified-firebase-messaging-20.0.0\\res\\values-zh-rTW\\values.xml",
                    "from": {
                        "startLines": "4",
                        "startColumns": "0",
                        "startOffsets": "209",
                        "endColumns": "96",
                        "endOffsets": "305"
                    },
                    "to": {
                        "startLines": "65",
                        "startColumns": "4",
                        "startOffsets": "5994",
                        "endColumns": "100",
                        "endOffsets": "6090"
                    }
                },
                {
                    "source": "C:\\Users\\Mudassar\\.gradle\\caches\\transforms-2\\files-2.1\\d7e0c950707e021378551cecb6624e83\\core-1.1.0\\res\\values-zh-rTW\\values-zh-rTW.xml",
                    "from": {
                        "startLines": "2",
                        "startColumns": "4",
                        "startOffsets": "55",
                        "endColumns": "100",
                        "endOffsets": "151"
                    },
                    "to": {
                        "startLines": "79",
                        "startColumns": "4",
                        "startOffsets": "7051",
                        "endColumns": "100",
                        "endOffsets": "7147"
                    }
                },
                {
                    "source": "C:\\Users\\Mudassar\\.gradle\\caches\\transforms-2\\files-2.1\\331a29bf788a80d77947dedb12eb153f\\imagepicker-2.0.0\\res\\values-zh-rTW\\values-zh-rTW.xml",
                    "from": {
                        "startLines": "2,3,4,5,6,7,8,9,10,11,12,13,14,15,16,17",
                        "startColumns": "4,4,4,4,4,4,4,4,4,4,4,4,4,4,4,4",
                        "startOffsets": "55,96,135,199,252,308,369,423,483,552,631,667,749,796,861,909",
                        "endColumns": "40,38,63,52,55,60,53,59,68,78,35,81,46,64,47,54",
                        "endOffsets": "91,130,194,247,303,364,418,478,547,626,662,744,791,856,904,959"
                    },
                    "to": {
                        "startLines": "49,50,51,52,53,54,55,56,57,58,59,60,61,62,63,64",
                        "startColumns": "4,4,4,4,4,4,4,4,4,4,4,4,4,4,4,4",
                        "startOffsets": "5085,5126,5165,5229,5282,5338,5399,5453,5513,5582,5661,5697,5779,5826,5891,5939",
                        "endColumns": "40,38,63,52,55,60,53,59,68,78,35,81,46,64,47,54",
                        "endOffsets": "5121,5160,5224,5277,5333,5394,5448,5508,5577,5656,5692,5774,5821,5886,5934,5989"
                    }
                },
                {
                    "source": "C:\\Users\\Mudassar\\.gradle\\caches\\transforms-2\\files-2.1\\4d90089bba98735a4773fb5da4aac47c\\jetified-play-services-places-16.0.0\\res\\values-zh-rTW\\values.xml",
                    "from": {
                        "startLines": "4,5",
                        "startColumns": "0,0",
                        "startOffsets": "197,288",
                        "endColumns": "90,87",
                        "endOffsets": "287,375"
                    },
                    "to": {
                        "startLines": "68,69",
                        "startColumns": "4,4",
                        "startOffsets": "6294,6389",
                        "endColumns": "94,91",
                        "endOffsets": "6384,6476"
                    }
                }
            ]
        }
    ]
}