{
    "logs": [
        {
            "outputFile": "D:\\1 BSCS 8TH\\CarController\\app\\build\\intermediates\\incremental\\mergeDebugResources\\merged.dir\\values-v21\\values-v21.xml",
            "map": [
                {
                    "source": "C:\\Users\\Mudassar\\.gradle\\caches\\transforms-2\\files-2.1\\d002a626b16cb07b5e35213d375ca581\\material-1.1.0-alpha04\\res\\values-v21\\values-v21.xml",
                    "from": {
                        "startLines": "2,3,15,21,27,33,39,43,46,49,52,55,59",
                        "startColumns": "4,4,4,4,4,4,4,4,4,4,4,4,4",
                        "startOffsets": "55,171,1201,1658,2002,2352,2702,3095,3313,3535,3761,3977,4228",
                        "endLines": "2,14,20,26,32,38,42,45,48,51,54,58,62",
                        "endColumns": "115,10,10,10,10,10,10,10,10,10,10,10,10",
                        "endOffsets": "166,1196,1653,1997,2347,2697,3090,3308,3530,3756,3972,4223,4492"
                    },
                    "to": {
                        "startLines": "234,246,258,318,324,330,338,342,345,348,351,362,366",
                        "startColumns": "4,4,4,4,4,4,4,4,4,4,4,4,4",
                        "startOffsets": "17415,18063,19093,23061,23405,23755,24235,24628,24846,25068,25294,26020,26271",
                        "endLines": "234,257,263,323,329,335,341,344,347,350,353,365,369",
                        "endColumns": "115,10,10,10,10,10,10,10,10,10,10,10,10",
                        "endOffsets": "17526,19088,19545,23400,23750,24100,24623,24841,25063,25289,25505,26266,26535"
                    }
                },
                {
                    "source": "C:\\Users\\Mudassar\\.gradle\\caches\\transforms-2\\files-2.1\\2c829cd8480f9c4cc065b3508607ae1b\\AppIntro-5.1.0\\res\\values-v21\\values-v21.xml",
                    "from": {
                        "startLines": "2,5",
                        "startColumns": "4,4",
                        "startOffsets": "55,245",
                        "endLines": "4,9",
                        "endColumns": "12,12",
                        "endOffsets": "240,544"
                    },
                    "to": {
                        "startLines": "6,9",
                        "startColumns": "4,4",
                        "startOffsets": "354,544",
                        "endLines": "8,13",
                        "endColumns": "12,12",
                        "endOffsets": "539,843"
                    }
                },
                {
                    "source": "C:\\Users\\Mudassar\\.gradle\\caches\\transforms-2\\files-2.1\\1f4caf66e248e3688098eaaf0acf1fa0\\jetified-firebase-inappmessaging-display-17.0.4\\res\\values-v21\\values-v21.xml",
                    "from": {
                        "startLines": "2,5,10",
                        "startColumns": "4,4,4",
                        "startOffsets": "55,174,469",
                        "endLines": "4,9,12",
                        "endColumns": "12,12,12",
                        "endOffsets": "169,464,582"
                    },
                    "to": {
                        "startLines": "235,238,243",
                        "startColumns": "4,4,4",
                        "startOffsets": "17531,17650,17945",
                        "endLines": "237,242,245",
                        "endColumns": "12,12,12",
                        "endOffsets": "17645,17940,18058"
                    }
                },
                {
                    "source": "C:\\Users\\Mudassar\\.gradle\\caches\\transforms-2\\files-2.1\\3098ceae1b468590db3550cb3b278df4\\jetified-play-services-appinvite-16.0.4\\res\\values-v21\\values.xml",
                    "from": {
                        "startLines": "4",
                        "startColumns": "0",
                        "startOffsets": "170",
                        "endLines": "5",
                        "endColumns": "8",
                        "endOffsets": "295"
                    },
                    "to": {
                        "startLines": "336",
                        "startColumns": "4",
                        "startOffsets": "24105",
                        "endLines": "337",
                        "endColumns": "8",
                        "endOffsets": "24230"
                    }
                },
                {
                    "source": "C:\\Users\\Mudassar\\.gradle\\caches\\transforms-2\\files-2.1\\78e7d3f5487dbf3c8bd1a75d0d68a2a0\\appcompat-1.1.0\\res\\values-v21\\values-v21.xml",
                    "from": {
                        "startLines": "2,3,4,5,6,7,8,9,10,11,12,13,14,15,17,19,20,21,22,24,26,27,28,29,30,32,34,36,38,40,42,43,48,50,52,53,54,56,58,59,60,61,62,63,106,109,152,155,158,160,162,164,167,171,174,175,176,179,180,181,182,183,184,187,188,190,192,194,196,200,202,203,204,205,207,211,213,215,216,217,218,219,220,222,223,224,234,235,236,248",
                        "startColumns": "4,4,4,4,4,4,4,4,4,4,4,4,4,4,4,4,4,4,4,4,4,4,4,4,4,4,4,4,4,4,4,4,4,4,4,4,4,4,4,4,4,4,4,4,4,4,4,4,4,4,4,4,4,4,4,4,4,4,4,4,4,4,4,4,4,4,4,4,4,4,4,4,4,4,4,4,4,4,4,4,4,4,4,4,4,4,4,4,4,4",
                        "startOffsets": "55,146,249,352,457,564,673,782,891,1000,1109,1216,1319,1438,1593,1748,1853,1974,2075,2222,2363,2466,2585,2692,2795,2950,3121,3270,3435,3592,3743,3862,4213,4362,4511,4623,4770,4923,5070,5145,5234,5321,5422,5525,8499,8684,11670,11867,12066,12189,12312,12425,12608,12863,13064,13153,13264,13497,13598,13693,13816,13945,14062,14239,14338,14473,14616,14751,14870,15071,15190,15283,15394,15450,15557,15752,15863,15996,16091,16182,16273,16366,16483,16622,16693,16776,17456,17513,17571,18265",
                        "endLines": "2,3,4,5,6,7,8,9,10,11,12,13,14,16,18,19,20,21,23,25,26,27,28,29,31,33,35,37,39,41,42,47,49,51,52,53,55,57,58,59,60,61,62,105,108,151,154,157,159,161,163,166,170,173,174,175,178,179,180,181,182,183,186,187,189,191,193,195,199,201,202,203,204,206,210,212,214,215,216,217,218,219,221,222,223,233,234,235,247,259",
                        "endColumns": "90,102,102,104,106,108,108,108,108,108,106,102,118,12,12,104,120,100,12,12,102,118,106,102,12,12,12,12,12,12,118,12,12,12,111,146,12,12,74,88,86,100,102,12,12,12,12,12,12,12,12,12,12,12,88,110,12,100,94,122,128,116,12,98,12,12,12,12,12,12,92,110,55,12,12,12,12,94,90,90,92,116,12,70,82,12,56,57,12,12",
                        "endOffsets": "141,244,347,452,559,668,777,886,995,1104,1211,1314,1433,1588,1743,1848,1969,2070,2217,2358,2461,2580,2687,2790,2945,3116,3265,3430,3587,3738,3857,4208,4357,4506,4618,4765,4918,5065,5140,5229,5316,5417,5520,8494,8679,11665,11862,12061,12184,12307,12420,12603,12858,13059,13148,13259,13492,13593,13688,13811,13940,14057,14234,14333,14468,14611,14746,14865,15066,15185,15278,15389,15445,15552,15747,15858,15991,16086,16177,16268,16361,16478,16617,16688,16771,17451,17508,17566,18260,18966"
                    },
                    "to": {
                        "startLines": "14,15,16,17,18,19,20,21,22,23,24,25,26,27,29,31,32,33,34,36,38,39,40,41,42,44,46,48,50,52,54,55,60,62,64,65,66,68,70,71,72,73,74,75,118,121,164,167,170,172,174,176,179,183,186,187,188,191,192,193,194,195,196,199,200,202,204,206,208,212,214,215,216,217,219,223,225,227,228,229,230,231,232,264,265,266,276,277,278,290",
                        "startColumns": "4,4,4,4,4,4,4,4,4,4,4,4,4,4,4,4,4,4,4,4,4,4,4,4,4,4,4,4,4,4,4,4,4,4,4,4,4,4,4,4,4,4,4,4,4,4,4,4,4,4,4,4,4,4,4,4,4,4,4,4,4,4,4,4,4,4,4,4,4,4,4,4,4,4,4,4,4,4,4,4,4,4,4,4,4,4,4,4,4,4",
                        "startOffsets": "848,939,1042,1145,1250,1357,1466,1575,1684,1793,1902,2009,2112,2231,2386,2541,2646,2767,2868,3015,3156,3259,3378,3485,3588,3743,3914,4063,4228,4385,4536,4655,5006,5155,5304,5416,5563,5716,5863,5938,6027,6114,6215,6318,9292,9477,12463,12660,12859,12982,13105,13218,13401,13656,13857,13946,14057,14290,14391,14486,14609,14738,14855,15032,15131,15266,15409,15544,15663,15864,15983,16076,16187,16243,16350,16545,16656,16789,16884,16975,17066,17159,17276,19550,19621,19704,20384,20441,20499,21193",
                        "endLines": "14,15,16,17,18,19,20,21,22,23,24,25,26,28,30,31,32,33,35,37,38,39,40,41,43,45,47,49,51,53,54,59,61,63,64,65,67,69,70,71,72,73,74,117,120,163,166,169,171,173,175,178,182,185,186,187,190,191,192,193,194,195,198,199,201,203,205,207,211,213,214,215,216,218,222,224,226,227,228,229,230,231,233,264,265,275,276,277,289,301",
                        "endColumns": "90,102,102,104,106,108,108,108,108,108,106,102,118,12,12,104,120,100,12,12,102,118,106,102,12,12,12,12,12,12,118,12,12,12,111,146,12,12,74,88,86,100,102,12,12,12,12,12,12,12,12,12,12,12,88,110,12,100,94,122,128,116,12,98,12,12,12,12,12,12,92,110,55,12,12,12,12,94,90,90,92,116,12,70,82,12,56,57,12,12",
                        "endOffsets": "934,1037,1140,1245,1352,1461,1570,1679,1788,1897,2004,2107,2226,2381,2536,2641,2762,2863,3010,3151,3254,3373,3480,3583,3738,3909,4058,4223,4380,4531,4650,5001,5150,5299,5411,5558,5711,5858,5933,6022,6109,6210,6313,9287,9472,12458,12655,12854,12977,13100,13213,13396,13651,13852,13941,14052,14285,14386,14481,14604,14733,14850,15027,15126,15261,15404,15539,15658,15859,15978,16071,16182,16238,16345,16540,16651,16784,16879,16970,17061,17154,17271,17410,19616,19699,20379,20436,20494,21188,21894"
                    }
                },
                {
                    "source": "C:\\Users\\Mudassar\\.gradle\\caches\\transforms-2\\files-2.1\\e4622e1f37e68296fbb27c0c75d78b44\\media-1.0.0\\res\\values-v21\\values-v21.xml",
                    "from": {
                        "startLines": "2,5,8,11",
                        "startColumns": "4,4,4,4",
                        "startOffsets": "55,223,386,554",
                        "endLines": "4,7,10,13",
                        "endColumns": "12,12,12,12",
                        "endOffsets": "218,381,549,716"
                    },
                    "to": {
                        "startLines": "304,307,311,315",
                        "startColumns": "4,4,4,4",
                        "startOffsets": "22141,22309,22598,22894",
                        "endLines": "306,309,313,317",
                        "endColumns": "12,12,12,12",
                        "endOffsets": "22304,22467,22761,23056"
                    }
                },
                {
                    "source": "C:\\Users\\Mudassar\\.gradle\\caches\\transforms-2\\files-2.1\\d7e0c950707e021378551cecb6624e83\\core-1.1.0\\res\\values-v21\\values-v21.xml",
                    "from": {
                        "startLines": "2,3,4,5,6,7,8,9,10,13",
                        "startColumns": "4,4,4,4,4,4,4,4,4,4",
                        "startOffsets": "55,159,223,290,354,470,596,722,850,1022",
                        "endLines": "2,3,4,5,6,7,8,9,12,17",
                        "endColumns": "103,63,66,63,115,125,125,127,12,12",
                        "endOffsets": "154,218,285,349,465,591,717,845,1017,1355"
                    },
                    "to": {
                        "startLines": "2,3,4,5,302,303,310,314,354,357",
                        "startColumns": "4,4,4,4,4,4,4,4,4,4",
                        "startOffsets": "55,159,223,290,21899,22015,22472,22766,25510,25682",
                        "endLines": "2,3,4,5,302,303,310,314,356,361",
                        "endColumns": "103,63,66,63,115,125,125,127,12,12",
                        "endOffsets": "154,218,285,349,22010,22136,22593,22889,25677,26015"
                    }
                }
            ]
        }
    ]
}