{
    "logs": [
        {
            "outputFile": "D:\\1 BSCS 8TH\\CarController\\app\\build\\intermediates\\incremental\\mergeDebugResources\\merged.dir\\values-ky\\values-ky.xml",
            "map": [
                {
                    "source": "C:\\Users\\Mudassar\\.gradle\\caches\\transforms-2\\files-2.1\\78e7d3f5487dbf3c8bd1a75d0d68a2a0\\appcompat-1.1.0\\res\\values-ky\\values-ky.xml",
                    "from": {
                        "startLines": "2,3,4,5,6,7,8,9,10,11,12,13,14,15,16,17,18,19,20,21,22,23,24,25,26,27,28,29",
                        "startColumns": "4,4,4,4,4,4,4,4,4,4,4,4,4,4,4,4,4,4,4,4,4,4,4,4,4,4,4,4",
                        "startOffsets": "105,216,325,437,522,627,744,823,902,993,1085,1180,1274,1375,1468,1563,1658,1749,1840,1920,2026,2131,2229,2336,2442,2557,2718,2820",
                        "endColumns": "110,108,111,84,104,116,78,78,90,91,94,93,100,92,94,94,90,90,79,105,104,97,106,105,114,160,101,80",
                        "endOffsets": "211,320,432,517,622,739,818,897,988,1080,1175,1269,1370,1463,1558,1653,1744,1835,1915,2021,2126,2224,2331,2437,2552,2713,2815,2896"
                    },
                    "to": {
                        "startLines": "2,3,4,5,6,7,8,9,10,11,12,13,14,15,16,17,18,19,20,21,22,23,24,25,26,27,28,60",
                        "startColumns": "4,4,4,4,4,4,4,4,4,4,4,4,4,4,4,4,4,4,4,4,4,4,4,4,4,4,4,4",
                        "startOffsets": "105,216,325,437,522,627,744,823,902,993,1085,1180,1274,1375,1468,1563,1658,1749,1840,1920,2026,2131,2229,2336,2442,2557,2718,6626",
                        "endColumns": "110,108,111,84,104,116,78,78,90,91,94,93,100,92,94,94,90,90,79,105,104,97,106,105,114,160,101,80",
                        "endOffsets": "211,320,432,517,622,739,818,897,988,1080,1175,1269,1370,1463,1558,1653,1744,1835,1915,2021,2126,2224,2331,2437,2552,2713,2815,6702"
                    }
                },
                {
                    "source": "C:\\Users\\Mudassar\\.gradle\\caches\\transforms-2\\files-2.1\\4d90089bba98735a4773fb5da4aac47c\\jetified-play-services-places-16.0.0\\res\\values-ky\\values.xml",
                    "from": {
                        "startLines": "4,5",
                        "startColumns": "0,0",
                        "startOffsets": "193,295",
                        "endColumns": "101,90",
                        "endOffsets": "294,385"
                    },
                    "to": {
                        "startLines": "50,51",
                        "startColumns": "4,4",
                        "startOffsets": "5853,5959",
                        "endColumns": "105,94",
                        "endOffsets": "5954,6049"
                    }
                },
                {
                    "source": "C:\\Users\\Mudassar\\.gradle\\caches\\transforms-2\\files-2.1\\9350583047d9d28e7a4708239acec4f1\\jetified-firebase-messaging-20.0.0\\res\\values-ky\\values.xml",
                    "from": {
                        "startLines": "4",
                        "startColumns": "0",
                        "startOffsets": "205",
                        "endColumns": "100",
                        "endOffsets": "305"
                    },
                    "to": {
                        "startLines": "47",
                        "startColumns": "4",
                        "startOffsets": "5520",
                        "endColumns": "104",
                        "endOffsets": "5620"
                    }
                },
                {
                    "source": "C:\\Users\\Mudassar\\.gradle\\caches\\transforms-2\\files-2.1\\fc1a205467b5c433350d5b0560a1781f\\play-services-base-17.1.0\\res\\values-ky\\values.xml",
                    "from": {
                        "startLines": "4,5,6,7,8,9,10,11,12,13,14,15,16,17,18,19,20",
                        "startColumns": "0,0,0,0,0,0,0,0,0,0,0,0,0,0,0,0,0",
                        "startOffsets": "245,349,530,657,762,966,1091,1232,1366,1594,1699,1880,2008,2204,2397,2487,2573",
                        "endColumns": "103,180,126,104,203,124,140,133,227,104,180,127,195,192,89,85,102",
                        "endOffsets": "348,529,656,761,965,1090,1231,1365,1593,1698,1879,2007,2203,2396,2486,2572,2675"
                    },
                    "to": {
                        "startLines": "29,30,31,32,33,34,35,36,38,39,40,41,42,43,44,45,46",
                        "startColumns": "4,4,4,4,4,4,4,4,4,4,4,4,4,4,4,4,4",
                        "startOffsets": "2820,2928,3109,3240,3349,3553,3682,3827,4186,4414,4523,4704,4836,5032,5229,5323,5413",
                        "endColumns": "107,180,130,108,203,128,144,137,227,108,180,131,195,196,93,89,106",
                        "endOffsets": "2923,3104,3235,3344,3548,3677,3822,3960,4409,4518,4699,4831,5027,5224,5318,5408,5515"
                    }
                },
                {
                    "source": "C:\\Users\\Mudassar\\.gradle\\caches\\transforms-2\\files-2.1\\d7e0c950707e021378551cecb6624e83\\core-1.1.0\\res\\values-ky\\values-ky.xml",
                    "from": {
                        "startLines": "2",
                        "startColumns": "4",
                        "startOffsets": "55",
                        "endColumns": "100",
                        "endOffsets": "151"
                    },
                    "to": {
                        "startLines": "61",
                        "startColumns": "4",
                        "startOffsets": "6707",
                        "endColumns": "100",
                        "endOffsets": "6803"
                    }
                },
                {
                    "source": "C:\\Users\\Mudassar\\.gradle\\caches\\transforms-2\\files-2.1\\d835d2effcd8e97c306f6a50688d9a8a\\jetified-places-compat-1.0.0\\res\\values-ky\\values.xml",
                    "from": {
                        "startLines": "4,5,6,7,8,9,10,11",
                        "startColumns": "0,0,0,0,0,0,0,0",
                        "startOffsets": "184,264,327,419,481,523,594,674",
                        "endColumns": "79,62,91,61,41,70,79,49",
                        "endOffsets": "263,326,418,480,522,593,673,723"
                    },
                    "to": {
                        "startLines": "52,53,54,55,56,57,58,59",
                        "startColumns": "4,4,4,4,4,4,4,4",
                        "startOffsets": "6054,6138,6205,6301,6367,6413,6488,6572",
                        "endColumns": "83,66,95,65,45,74,83,53",
                        "endOffsets": "6133,6200,6296,6362,6408,6483,6567,6621"
                    }
                },
                {
                    "source": "C:\\Users\\Mudassar\\.gradle\\caches\\transforms-2\\files-2.1\\4bb36207c20871865b7b6196a54ae023\\jetified-play-services-basement-17.0.0\\res\\values-ky\\values.xml",
                    "from": {
                        "startLines": "4",
                        "startColumns": "0",
                        "startOffsets": "247",
                        "endColumns": "220",
                        "endOffsets": "467"
                    },
                    "to": {
                        "startLines": "37",
                        "startColumns": "4",
                        "startOffsets": "3965",
                        "endColumns": "220",
                        "endOffsets": "4181"
                    }
                },
                {
                    "source": "C:\\Users\\Mudassar\\.gradle\\caches\\transforms-2\\files-2.1\\222cdc43ab70d3d702638d878ca1cedb\\jetified-navigation-ui-2.1.0\\res\\values-ky\\values-ky.xml",
                    "from": {
                        "startLines": "2,3",
                        "startColumns": "4,4",
                        "startOffsets": "55,165",
                        "endColumns": "109,117",
                        "endOffsets": "160,278"
                    },
                    "to": {
                        "startLines": "48,49",
                        "startColumns": "4,4",
                        "startOffsets": "5625,5735",
                        "endColumns": "109,117",
                        "endOffsets": "5730,5848"
                    }
                }
            ]
        }
    ]
}