{
    "logs": [
        {
            "outputFile": "D:\\1 BSCS 8TH\\CarController\\app\\build\\intermediates\\incremental\\mergeDebugResources\\merged.dir\\values-tr\\values-tr.xml",
            "map": [
                {
                    "source": "C:\\Users\\Mudassar\\.gradle\\caches\\transforms-2\\files-2.1\\d835d2effcd8e97c306f6a50688d9a8a\\jetified-places-compat-1.0.0\\res\\values-tr\\values.xml",
                    "from": {
                        "startLines": "4,5,6,7,8,9,10,11",
                        "startColumns": "0,0,0,0,0,0,0,0",
                        "startOffsets": "184,257,317,409,469,513,598,672",
                        "endColumns": "72,59,91,59,43,84,73,52",
                        "endOffsets": "256,316,408,468,512,597,671,724"
                    },
                    "to": {
                        "startLines": "81,82,83,84,85,86,87,88",
                        "startColumns": "4,4,4,4,4,4,4,4",
                        "startOffsets": "8247,8324,8388,8484,8548,8596,8685,8763",
                        "endColumns": "76,63,95,63,47,88,77,56",
                        "endOffsets": "8319,8383,8479,8543,8591,8680,8758,8815"
                    }
                },
                {
                    "source": "C:\\Users\\Mudassar\\.gradle\\caches\\transforms-2\\files-2.1\\fc1a205467b5c433350d5b0560a1781f\\play-services-base-17.1.0\\res\\values-tr\\values.xml",
                    "from": {
                        "startLines": "4,5,6,7,8,9,10,11,12,13,14,15,16,17,18,19,20",
                        "startColumns": "0,0,0,0,0,0,0,0,0,0,0,0,0,0,0,0,0",
                        "startOffsets": "245,353,540,674,777,983,1111,1264,1395,1626,1731,1919,2051,2255,2448,2536,2626",
                        "endColumns": "107,186,133,102,205,127,152,130,230,104,187,131,203,192,87,89,104",
                        "endOffsets": "352,539,673,776,982,1110,1263,1394,1625,1730,1918,2050,2254,2447,2535,2625,2730"
                    },
                    "to": {
                        "startLines": "31,32,33,34,35,36,37,38,40,41,42,43,44,45,46,47,48",
                        "startColumns": "4,4,4,4,4,4,4,4,4,4,4,4,4,4,4,4,4",
                        "startOffsets": "2907,3019,3206,3344,3451,3657,3789,3946,4287,4518,4627,4815,4951,5155,5352,5444,5538",
                        "endColumns": "111,186,137,106,205,131,156,134,230,108,187,135,203,196,91,93,108",
                        "endOffsets": "3014,3201,3339,3446,3652,3784,3941,4076,4513,4622,4810,4946,5150,5347,5439,5533,5642"
                    }
                },
                {
                    "source": "C:\\Users\\Mudassar\\.gradle\\caches\\transforms-2\\files-2.1\\331a29bf788a80d77947dedb12eb153f\\imagepicker-2.0.0\\res\\values-tr\\values-tr.xml",
                    "from": {
                        "startLines": "2,3,4,5,6,7,8,9,10,11,12,13,14,15,16,17",
                        "startColumns": "4,4,4,4,4,4,4,4,4,4,4,4,4,4,4,4",
                        "startOffsets": "55,100,142,226,291,370,442,510,578,679,790,830,962,1012,1080,1131",
                        "endColumns": "44,41,83,64,78,71,67,67,100,110,39,131,49,67,50,87",
                        "endOffsets": "95,137,221,286,365,437,505,573,674,785,825,957,1007,1075,1126,1214"
                    },
                    "to": {
                        "startLines": "50,51,52,53,54,55,56,57,58,59,60,61,62,63,64,65",
                        "startColumns": "4,4,4,4,4,4,4,4,4,4,4,4,4,4,4,4",
                        "startOffsets": "5684,5729,5771,5855,5920,5999,6071,6139,6207,6308,6419,6459,6591,6641,6709,6760",
                        "endColumns": "44,41,83,64,78,71,67,67,100,110,39,131,49,67,50,87",
                        "endOffsets": "5724,5766,5850,5915,5994,6066,6134,6202,6303,6414,6454,6586,6636,6704,6755,6843"
                    }
                },
                {
                    "source": "C:\\Users\\Mudassar\\.gradle\\caches\\transforms-2\\files-2.1\\4bb36207c20871865b7b6196a54ae023\\jetified-play-services-basement-17.0.0\\res\\values-tr\\values.xml",
                    "from": {
                        "startLines": "4",
                        "startColumns": "0",
                        "startOffsets": "247",
                        "endColumns": "205",
                        "endOffsets": "452"
                    },
                    "to": {
                        "startLines": "39",
                        "startColumns": "4",
                        "startOffsets": "4081",
                        "endColumns": "205",
                        "endOffsets": "4282"
                    }
                },
                {
                    "source": "C:\\Users\\Mudassar\\.gradle\\caches\\transforms-2\\files-2.1\\d7e0c950707e021378551cecb6624e83\\core-1.1.0\\res\\values-tr\\values-tr.xml",
                    "from": {
                        "startLines": "2",
                        "startColumns": "4",
                        "startOffsets": "55",
                        "endColumns": "100",
                        "endOffsets": "151"
                    },
                    "to": {
                        "startLines": "90",
                        "startColumns": "4",
                        "startOffsets": "8899",
                        "endColumns": "100",
                        "endOffsets": "8995"
                    }
                },
                {
                    "source": "C:\\Users\\Mudassar\\.gradle\\caches\\transforms-2\\files-2.1\\2c829cd8480f9c4cc065b3508607ae1b\\AppIntro-5.1.0\\res\\values-tr\\values-tr.xml",
                    "from": {
                        "startLines": "2,3,4,5,6,7,8,9,10,11,12,13,14",
                        "startColumns": "4,4,4,4,4,4,4,4,4,4,4,4,4",
                        "startOffsets": "55,111,165,202,267,356,443,519,676,742,808,908,974",
                        "endColumns": "55,53,36,64,88,86,75,156,65,65,99,65,99",
                        "endOffsets": "106,160,197,262,351,438,514,671,737,803,903,969,1069"
                    },
                    "to": {
                        "startLines": "29,30,49,67,68,69,70,71,72,73,74,75,76",
                        "startColumns": "4,4,4,4,4,4,4,4,4,4,4,4,4",
                        "startOffsets": "2797,2853,5647,6954,7019,7108,7195,7271,7428,7494,7560,7660,7726",
                        "endColumns": "55,53,36,64,88,86,75,156,65,65,99,65,99",
                        "endOffsets": "2848,2902,5679,7014,7103,7190,7266,7423,7489,7555,7655,7721,7821"
                    }
                },
                {
                    "source": "C:\\Users\\Mudassar\\.gradle\\caches\\transforms-2\\files-2.1\\78e7d3f5487dbf3c8bd1a75d0d68a2a0\\appcompat-1.1.0\\res\\values-tr\\values-tr.xml",
                    "from": {
                        "startLines": "2,3,4,5,6,7,8,9,10,11,12,13,14,15,16,17,18,19,20,21,22,23,24,25,26,27,28,29",
                        "startColumns": "4,4,4,4,4,4,4,4,4,4,4,4,4,4,4,4,4,4,4,4,4,4,4,4,4,4,4,4",
                        "startOffsets": "105,219,318,430,515,621,741,821,897,988,1080,1172,1266,1367,1460,1562,1657,1748,1839,1917,2024,2128,2224,2331,2434,2543,2699,2797",
                        "endColumns": "113,98,111,84,105,119,79,75,90,91,91,93,100,92,101,94,90,90,77,106,103,95,106,102,108,155,97,78",
                        "endOffsets": "214,313,425,510,616,736,816,892,983,1075,1167,1261,1362,1455,1557,1652,1743,1834,1912,2019,2123,2219,2326,2429,2538,2694,2792,2871"
                    },
                    "to": {
                        "startLines": "2,3,4,5,6,7,8,9,10,11,12,13,14,15,16,17,18,19,20,21,22,23,24,25,26,27,28,89",
                        "startColumns": "4,4,4,4,4,4,4,4,4,4,4,4,4,4,4,4,4,4,4,4,4,4,4,4,4,4,4,4",
                        "startOffsets": "105,219,318,430,515,621,741,821,897,988,1080,1172,1266,1367,1460,1562,1657,1748,1839,1917,2024,2128,2224,2331,2434,2543,2699,8820",
                        "endColumns": "113,98,111,84,105,119,79,75,90,91,91,93,100,92,101,94,90,90,77,106,103,95,106,102,108,155,97,78",
                        "endOffsets": "214,313,425,510,616,736,816,892,983,1075,1167,1261,1362,1455,1557,1652,1743,1834,1912,2019,2123,2219,2326,2429,2538,2694,2792,8894"
                    }
                },
                {
                    "source": "C:\\Users\\Mudassar\\.gradle\\caches\\transforms-2\\files-2.1\\9350583047d9d28e7a4708239acec4f1\\jetified-firebase-messaging-20.0.0\\res\\values-tr\\values.xml",
                    "from": {
                        "startLines": "4",
                        "startColumns": "0",
                        "startOffsets": "205",
                        "endColumns": "101",
                        "endOffsets": "306"
                    },
                    "to": {
                        "startLines": "66",
                        "startColumns": "4",
                        "startOffsets": "6848",
                        "endColumns": "105",
                        "endOffsets": "6949"
                    }
                },
                {
                    "source": "C:\\Users\\Mudassar\\.gradle\\caches\\transforms-2\\files-2.1\\222cdc43ab70d3d702638d878ca1cedb\\jetified-navigation-ui-2.1.0\\res\\values-tr\\values-tr.xml",
                    "from": {
                        "startLines": "2,3",
                        "startColumns": "4,4",
                        "startOffsets": "55,160",
                        "endColumns": "104,116",
                        "endOffsets": "155,272"
                    },
                    "to": {
                        "startLines": "77,78",
                        "startColumns": "4,4",
                        "startOffsets": "7826,7931",
                        "endColumns": "104,116",
                        "endOffsets": "7926,8043"
                    }
                },
                {
                    "source": "C:\\Users\\Mudassar\\.gradle\\caches\\transforms-2\\files-2.1\\4d90089bba98735a4773fb5da4aac47c\\jetified-play-services-places-16.0.0\\res\\values-tr\\values.xml",
                    "from": {
                        "startLines": "4,5",
                        "startColumns": "0,0",
                        "startOffsets": "193,295",
                        "endColumns": "101,88",
                        "endOffsets": "294,383"
                    },
                    "to": {
                        "startLines": "79,80",
                        "startColumns": "4,4",
                        "startOffsets": "8048,8154",
                        "endColumns": "105,92",
                        "endOffsets": "8149,8242"
                    }
                }
            ]
        }
    ]
}