{
    "logs": [
        {
            "outputFile": "D:\\1 BSCS 8TH\\CarController\\app\\build\\intermediates\\incremental\\mergeDebugResources\\merged.dir\\values-fa\\values-fa.xml",
            "map": [
                {
                    "source": "C:\\Users\\Mudassar\\.gradle\\caches\\transforms-2\\files-2.1\\d7e0c950707e021378551cecb6624e83\\core-1.1.0\\res\\values-fa\\values-fa.xml",
                    "from": {
                        "startLines": "2",
                        "startColumns": "4",
                        "startOffsets": "55",
                        "endColumns": "100",
                        "endOffsets": "151"
                    },
                    "to": {
                        "startLines": "63",
                        "startColumns": "4",
                        "startOffsets": "6813",
                        "endColumns": "100",
                        "endOffsets": "6909"
                    }
                },
                {
                    "source": "C:\\Users\\Mudassar\\.gradle\\caches\\transforms-2\\files-2.1\\2c829cd8480f9c4cc065b3508607ae1b\\AppIntro-5.1.0\\res\\values-fa\\values-fa.xml",
                    "from": {
                        "startLines": "2,3",
                        "startColumns": "4,4",
                        "startOffsets": "55,111",
                        "endColumns": "55,54",
                        "endOffsets": "106,161"
                    },
                    "to": {
                        "startLines": "29,30",
                        "startColumns": "4,4",
                        "startOffsets": "2795,2851",
                        "endColumns": "55,54",
                        "endOffsets": "2846,2901"
                    }
                },
                {
                    "source": "C:\\Users\\Mudassar\\.gradle\\caches\\transforms-2\\files-2.1\\fc1a205467b5c433350d5b0560a1781f\\play-services-base-17.1.0\\res\\values-fa\\values.xml",
                    "from": {
                        "startLines": "4,5,6,7,8,9,10,11,12,13,14,15,16,17,18,19,20",
                        "startColumns": "0,0,0,0,0,0,0,0,0,0,0,0,0,0,0,0,0",
                        "startOffsets": "245,351,542,671,772,971,1097,1238,1365,1577,1685,1888,2019,2233,2417,2509,2603",
                        "endColumns": "105,190,128,100,198,125,140,126,211,107,202,130,213,183,91,93,109",
                        "endOffsets": "350,541,670,771,970,1096,1237,1364,1576,1684,1887,2018,2232,2416,2508,2602,2712"
                    },
                    "to": {
                        "startLines": "31,32,33,34,35,36,37,38,40,41,42,43,44,45,46,47,48",
                        "startColumns": "4,4,4,4,4,4,4,4,4,4,4,4,4,4,4,4,4",
                        "startOffsets": "2906,3016,3207,3340,3445,3644,3774,3919,4264,4476,4588,4791,4926,5140,5328,5424,5522",
                        "endColumns": "109,190,132,104,198,129,144,130,211,111,202,134,213,187,95,97,113",
                        "endOffsets": "3011,3202,3335,3440,3639,3769,3914,4045,4471,4583,4786,4921,5135,5323,5419,5517,5631"
                    }
                },
                {
                    "source": "C:\\Users\\Mudassar\\.gradle\\caches\\transforms-2\\files-2.1\\d835d2effcd8e97c306f6a50688d9a8a\\jetified-places-compat-1.0.0\\res\\values-fa\\values.xml",
                    "from": {
                        "startLines": "4,5,6,7,8,9,10,11",
                        "startColumns": "0,0,0,0,0,0,0,0",
                        "startOffsets": "184,256,318,411,473,515,587,660",
                        "endColumns": "71,61,92,61,41,71,72,54",
                        "endOffsets": "255,317,410,472,514,586,659,714"
                    },
                    "to": {
                        "startLines": "54,55,56,57,58,59,60,61",
                        "startColumns": "4,4,4,4,4,4,4,4",
                        "startOffsets": "6169,6245,6311,6408,6474,6520,6596,6673",
                        "endColumns": "75,65,96,65,45,75,76,58",
                        "endOffsets": "6240,6306,6403,6469,6515,6591,6668,6727"
                    }
                },
                {
                    "source": "C:\\Users\\Mudassar\\.gradle\\caches\\transforms-2\\files-2.1\\4d90089bba98735a4773fb5da4aac47c\\jetified-play-services-places-16.0.0\\res\\values-fa\\values.xml",
                    "from": {
                        "startLines": "4,5",
                        "startColumns": "0,0",
                        "startOffsets": "193,294",
                        "endColumns": "100,90",
                        "endOffsets": "293,384"
                    },
                    "to": {
                        "startLines": "52,53",
                        "startColumns": "4,4",
                        "startOffsets": "5969,6074",
                        "endColumns": "104,94",
                        "endOffsets": "6069,6164"
                    }
                },
                {
                    "source": "C:\\Users\\Mudassar\\.gradle\\caches\\transforms-2\\files-2.1\\9350583047d9d28e7a4708239acec4f1\\jetified-firebase-messaging-20.0.0\\res\\values-fa\\values.xml",
                    "from": {
                        "startLines": "4",
                        "startColumns": "0",
                        "startOffsets": "205",
                        "endColumns": "104",
                        "endOffsets": "309"
                    },
                    "to": {
                        "startLines": "49",
                        "startColumns": "4",
                        "startOffsets": "5636",
                        "endColumns": "108",
                        "endOffsets": "5740"
                    }
                },
                {
                    "source": "C:\\Users\\Mudassar\\.gradle\\caches\\transforms-2\\files-2.1\\222cdc43ab70d3d702638d878ca1cedb\\jetified-navigation-ui-2.1.0\\res\\values-fa\\values-fa.xml",
                    "from": {
                        "startLines": "2,3",
                        "startColumns": "4,4",
                        "startOffsets": "55,164",
                        "endColumns": "108,114",
                        "endOffsets": "159,274"
                    },
                    "to": {
                        "startLines": "50,51",
                        "startColumns": "4,4",
                        "startOffsets": "5745,5854",
                        "endColumns": "108,114",
                        "endOffsets": "5849,5964"
                    }
                },
                {
                    "source": "C:\\Users\\Mudassar\\.gradle\\caches\\transforms-2\\files-2.1\\4bb36207c20871865b7b6196a54ae023\\jetified-play-services-basement-17.0.0\\res\\values-fa\\values.xml",
                    "from": {
                        "startLines": "4",
                        "startColumns": "0",
                        "startOffsets": "247",
                        "endColumns": "213",
                        "endOffsets": "460"
                    },
                    "to": {
                        "startLines": "39",
                        "startColumns": "4",
                        "startOffsets": "4050",
                        "endColumns": "213",
                        "endOffsets": "4259"
                    }
                },
                {
                    "source": "C:\\Users\\Mudassar\\.gradle\\caches\\transforms-2\\files-2.1\\78e7d3f5487dbf3c8bd1a75d0d68a2a0\\appcompat-1.1.0\\res\\values-fa\\values-fa.xml",
                    "from": {
                        "startLines": "2,3,4,5,6,7,8,9,10,11,12,13,14,15,16,17,18,19,20,21,22,23,24,25,26,27,28,29",
                        "startColumns": "4,4,4,4,4,4,4,4,4,4,4,4,4,4,4,4,4,4,4,4,4,4,4,4,4,4,4,4",
                        "startOffsets": "105,215,316,427,511,612,727,807,885,978,1072,1164,1258,1361,1456,1553,1647,1740,1830,1911,2019,2123,2221,2327,2432,2537,2694,2795",
                        "endColumns": "109,100,110,83,100,114,79,77,92,93,91,93,102,94,96,93,92,89,80,107,103,97,105,104,104,156,100,80",
                        "endOffsets": "210,311,422,506,607,722,802,880,973,1067,1159,1253,1356,1451,1548,1642,1735,1825,1906,2014,2118,2216,2322,2427,2532,2689,2790,2871"
                    },
                    "to": {
                        "startLines": "2,3,4,5,6,7,8,9,10,11,12,13,14,15,16,17,18,19,20,21,22,23,24,25,26,27,28,62",
                        "startColumns": "4,4,4,4,4,4,4,4,4,4,4,4,4,4,4,4,4,4,4,4,4,4,4,4,4,4,4,4",
                        "startOffsets": "105,215,316,427,511,612,727,807,885,978,1072,1164,1258,1361,1456,1553,1647,1740,1830,1911,2019,2123,2221,2327,2432,2537,2694,6732",
                        "endColumns": "109,100,110,83,100,114,79,77,92,93,91,93,102,94,96,93,92,89,80,107,103,97,105,104,104,156,100,80",
                        "endOffsets": "210,311,422,506,607,722,802,880,973,1067,1159,1253,1356,1451,1548,1642,1735,1825,1906,2014,2118,2216,2322,2427,2532,2689,2790,6808"
                    }
                }
            ]
        }
    ]
}