{
    "logs": [
        {
            "outputFile": "D:\\1 BSCS 8TH\\CarController\\app\\build\\intermediates\\incremental\\mergeDebugResources\\merged.dir\\values-zh-rCN\\values-zh-rCN.xml",
            "map": [
                {
                    "source": "C:\\Users\\Mudassar\\.gradle\\caches\\transforms-2\\files-2.1\\fc1a205467b5c433350d5b0560a1781f\\play-services-base-17.1.0\\res\\values-zh-rCN\\values.xml",
                    "from": {
                        "startLines": "4,5,6,7,8,9,10,11,12,13,14,15,16,17,18,19,20",
                        "startColumns": "0,0,0,0,0,0,0,0,0,0,0,0,0,0,0,0,0",
                        "startOffsets": "249,348,509,622,722,886,1000,1128,1245,1412,1511,1672,1785,1948,2082,2164,2247",
                        "endColumns": "98,160,112,99,163,113,127,116,166,98,160,112,162,133,81,82,98",
                        "endOffsets": "347,508,621,721,885,999,1127,1244,1411,1510,1671,1784,1947,2081,2163,2246,2345"
                    },
                    "to": {
                        "startLines": "31,32,33,34,35,36,37,38,40,41,42,43,44,45,46,47,48",
                        "startColumns": "4,4,4,4,4,4,4,4,4,4,4,4,4,4,4,4,4",
                        "startOffsets": "2768,2871,3032,3149,3253,3417,3535,3667,3946,4113,4216,4377,4494,4657,4795,4881,4968",
                        "endColumns": "102,160,116,103,163,117,131,120,166,102,160,116,162,137,85,86,102",
                        "endOffsets": "2866,3027,3144,3248,3412,3530,3662,3783,4108,4211,4372,4489,4652,4790,4876,4963,5066"
                    }
                },
                {
                    "source": "C:\\Users\\Mudassar\\.gradle\\caches\\transforms-2\\files-2.1\\4d90089bba98735a4773fb5da4aac47c\\jetified-play-services-places-16.0.0\\res\\values-zh-rCN\\values.xml",
                    "from": {
                        "startLines": "4,5",
                        "startColumns": "0,0",
                        "startOffsets": "197,290",
                        "endColumns": "92,87",
                        "endOffsets": "289,377"
                    },
                    "to": {
                        "startLines": "68,69",
                        "startColumns": "4,4",
                        "startOffsets": "6293,6390",
                        "endColumns": "96,91",
                        "endOffsets": "6385,6477"
                    }
                },
                {
                    "source": "C:\\Users\\Mudassar\\.gradle\\caches\\transforms-2\\files-2.1\\78e7d3f5487dbf3c8bd1a75d0d68a2a0\\appcompat-1.1.0\\res\\values-zh-rCN\\values-zh-rCN.xml",
                    "from": {
                        "startLines": "2,3,4,5,6,7,8,9,10,11,12,13,14,15,16,17,18,19,20,21,22,23,24,25,26,27,28,29",
                        "startColumns": "4,4,4,4,4,4,4,4,4,4,4,4,4,4,4,4,4,4,4,4,4,4,4,4,4,4,4,4",
                        "startOffsets": "105,200,295,395,477,574,680,757,833,924,1016,1113,1209,1304,1397,1492,1584,1675,1766,1843,1939,2034,2129,2226,2322,2420,2568,2662",
                        "endColumns": "94,94,99,81,96,105,76,75,90,91,96,95,94,92,94,91,90,90,76,95,94,94,96,95,97,147,93,77",
                        "endOffsets": "195,290,390,472,569,675,752,828,919,1011,1108,1204,1299,1392,1487,1579,1670,1761,1838,1934,2029,2124,2221,2317,2415,2563,2657,2735"
                    },
                    "to": {
                        "startLines": "2,3,4,5,6,7,8,9,10,11,12,13,14,15,16,17,18,19,20,21,22,23,24,25,26,27,28,78",
                        "startColumns": "4,4,4,4,4,4,4,4,4,4,4,4,4,4,4,4,4,4,4,4,4,4,4,4,4,4,4,4",
                        "startOffsets": "105,200,295,395,477,574,680,757,833,924,1016,1113,1209,1304,1397,1492,1584,1675,1766,1843,1939,2034,2129,2226,2322,2420,2568,6973",
                        "endColumns": "94,94,99,81,96,105,76,75,90,91,96,95,94,92,94,91,90,90,76,95,94,94,96,95,97,147,93,77",
                        "endOffsets": "195,290,390,472,569,675,752,828,919,1011,1108,1204,1299,1392,1487,1579,1670,1761,1838,1934,2029,2124,2221,2317,2415,2563,2657,7046"
                    }
                },
                {
                    "source": "C:\\Users\\Mudassar\\.gradle\\caches\\transforms-2\\files-2.1\\2c829cd8480f9c4cc065b3508607ae1b\\AppIntro-5.1.0\\res\\values-zh-rCN\\values-zh-rCN.xml",
                    "from": {
                        "startLines": "2,3",
                        "startColumns": "4,4",
                        "startOffsets": "55,108",
                        "endColumns": "52,52",
                        "endOffsets": "103,156"
                    },
                    "to": {
                        "startLines": "29,30",
                        "startColumns": "4,4",
                        "startOffsets": "2662,2715",
                        "endColumns": "52,52",
                        "endOffsets": "2710,2763"
                    }
                },
                {
                    "source": "C:\\Users\\Mudassar\\.gradle\\caches\\transforms-2\\files-2.1\\9350583047d9d28e7a4708239acec4f1\\jetified-firebase-messaging-20.0.0\\res\\values-zh-rCN\\values.xml",
                    "from": {
                        "startLines": "4",
                        "startColumns": "0",
                        "startOffsets": "209",
                        "endColumns": "96",
                        "endOffsets": "305"
                    },
                    "to": {
                        "startLines": "65",
                        "startColumns": "4",
                        "startOffsets": "5988",
                        "endColumns": "100",
                        "endOffsets": "6084"
                    }
                },
                {
                    "source": "C:\\Users\\Mudassar\\.gradle\\caches\\transforms-2\\files-2.1\\d835d2effcd8e97c306f6a50688d9a8a\\jetified-places-compat-1.0.0\\res\\values-zh-rCN\\values.xml",
                    "from": {
                        "startLines": "4,5,6,7,8,9,10,11",
                        "startColumns": "0,0,0,0,0,0,0,0",
                        "startOffsets": "188,250,305,386,445,486,549,603",
                        "endColumns": "61,54,80,58,40,62,53,43",
                        "endOffsets": "249,304,385,444,485,548,602,646"
                    },
                    "to": {
                        "startLines": "70,71,72,73,74,75,76,77",
                        "startColumns": "4,4,4,4,4,4,4,4",
                        "startOffsets": "6482,6548,6607,6692,6755,6800,6867,6925",
                        "endColumns": "65,58,84,62,44,66,57,47",
                        "endOffsets": "6543,6602,6687,6750,6795,6862,6920,6968"
                    }
                },
                {
                    "source": "C:\\Users\\Mudassar\\.gradle\\caches\\transforms-2\\files-2.1\\d7e0c950707e021378551cecb6624e83\\core-1.1.0\\res\\values-zh-rCN\\values-zh-rCN.xml",
                    "from": {
                        "startLines": "2",
                        "startColumns": "4",
                        "startOffsets": "55",
                        "endColumns": "100",
                        "endOffsets": "151"
                    },
                    "to": {
                        "startLines": "79",
                        "startColumns": "4",
                        "startOffsets": "7051",
                        "endColumns": "100",
                        "endOffsets": "7147"
                    }
                },
                {
                    "source": "C:\\Users\\Mudassar\\.gradle\\caches\\transforms-2\\files-2.1\\222cdc43ab70d3d702638d878ca1cedb\\jetified-navigation-ui-2.1.0\\res\\values-zh-rCN\\values-zh-rCN.xml",
                    "from": {
                        "startLines": "2,3",
                        "startColumns": "4,4",
                        "startOffsets": "55,156",
                        "endColumns": "100,102",
                        "endOffsets": "151,254"
                    },
                    "to": {
                        "startLines": "66,67",
                        "startColumns": "4,4",
                        "startOffsets": "6089,6190",
                        "endColumns": "100,102",
                        "endOffsets": "6185,6288"
                    }
                },
                {
                    "source": "C:\\Users\\Mudassar\\.gradle\\caches\\transforms-2\\files-2.1\\331a29bf788a80d77947dedb12eb153f\\imagepicker-2.0.0\\res\\values-zh-rCN\\values-zh-rCN.xml",
                    "from": {
                        "startLines": "2,3,4,5,6,7,8,9,10,11,12,13,14,15,16,17",
                        "startColumns": "4,4,4,4,4,4,4,4,4,4,4,4,4,4,4,4",
                        "startOffsets": "55,96,135,199,252,310,371,425,485,556,637,673,757,804,869,917",
                        "endColumns": "40,38,63,52,57,60,53,59,70,80,35,83,46,64,47,54",
                        "endOffsets": "91,130,194,247,305,366,420,480,551,632,668,752,799,864,912,967"
                    },
                    "to": {
                        "startLines": "49,50,51,52,53,54,55,56,57,58,59,60,61,62,63,64",
                        "startColumns": "4,4,4,4,4,4,4,4,4,4,4,4,4,4,4,4",
                        "startOffsets": "5071,5112,5151,5215,5268,5326,5387,5441,5501,5572,5653,5689,5773,5820,5885,5933",
                        "endColumns": "40,38,63,52,57,60,53,59,70,80,35,83,46,64,47,54",
                        "endOffsets": "5107,5146,5210,5263,5321,5382,5436,5496,5567,5648,5684,5768,5815,5880,5928,5983"
                    }
                },
                {
                    "source": "C:\\Users\\Mudassar\\.gradle\\caches\\transforms-2\\files-2.1\\4bb36207c20871865b7b6196a54ae023\\jetified-play-services-basement-17.0.0\\res\\values-zh-rCN\\values.xml",
                    "from": {
                        "startLines": "4",
                        "startColumns": "0",
                        "startOffsets": "251",
                        "endColumns": "157",
                        "endOffsets": "408"
                    },
                    "to": {
                        "startLines": "39",
                        "startColumns": "4",
                        "startOffsets": "3788",
                        "endColumns": "157",
                        "endOffsets": "3941"
                    }
                }
            ]
        }
    ]
}