{
    "logs": [
        {
            "outputFile": "D:\\1 BSCS 8TH\\CarController\\app\\build\\intermediates\\incremental\\mergeDebugResources\\merged.dir\\values-el\\values-el.xml",
            "map": [
                {
                    "source": "C:\\Users\\Mudassar\\.gradle\\caches\\transforms-2\\files-2.1\\9350583047d9d28e7a4708239acec4f1\\jetified-firebase-messaging-20.0.0\\res\\values-el\\values.xml",
                    "from": {
                        "startLines": "4",
                        "startColumns": "0",
                        "startOffsets": "205",
                        "endColumns": "101",
                        "endOffsets": "306"
                    },
                    "to": {
                        "startLines": "47",
                        "startColumns": "4",
                        "startOffsets": "5741",
                        "endColumns": "105",
                        "endOffsets": "5842"
                    }
                },
                {
                    "source": "C:\\Users\\Mudassar\\.gradle\\caches\\transforms-2\\files-2.1\\d7e0c950707e021378551cecb6624e83\\core-1.1.0\\res\\values-el\\values-el.xml",
                    "from": {
                        "startLines": "2",
                        "startColumns": "4",
                        "startOffsets": "55",
                        "endColumns": "100",
                        "endOffsets": "151"
                    },
                    "to": {
                        "startLines": "61",
                        "startColumns": "4",
                        "startOffsets": "6997",
                        "endColumns": "100",
                        "endOffsets": "7093"
                    }
                },
                {
                    "source": "C:\\Users\\Mudassar\\.gradle\\caches\\transforms-2\\files-2.1\\4d90089bba98735a4773fb5da4aac47c\\jetified-play-services-places-16.0.0\\res\\values-el\\values.xml",
                    "from": {
                        "startLines": "4,5",
                        "startColumns": "0,0",
                        "startOffsets": "193,300",
                        "endColumns": "106,94",
                        "endOffsets": "299,394"
                    },
                    "to": {
                        "startLines": "50,51",
                        "startColumns": "4,4",
                        "startOffsets": "6086,6197",
                        "endColumns": "110,98",
                        "endOffsets": "6192,6291"
                    }
                },
                {
                    "source": "C:\\Users\\Mudassar\\.gradle\\caches\\transforms-2\\files-2.1\\d835d2effcd8e97c306f6a50688d9a8a\\jetified-places-compat-1.0.0\\res\\values-el\\values.xml",
                    "from": {
                        "startLines": "4,5,6,7,8,9,10,11",
                        "startColumns": "0,0,0,0,0,0,0,0",
                        "startOffsets": "184,261,326,426,492,538,616,717",
                        "endColumns": "76,64,99,65,45,77,100,50",
                        "endOffsets": "260,325,425,491,537,615,716,767"
                    },
                    "to": {
                        "startLines": "52,53,54,55,56,57,58,59",
                        "startColumns": "4,4,4,4,4,4,4,4",
                        "startOffsets": "6296,6377,6446,6550,6620,6670,6752,6857",
                        "endColumns": "80,68,103,69,49,81,104,54",
                        "endOffsets": "6372,6441,6545,6615,6665,6747,6852,6907"
                    }
                },
                {
                    "source": "C:\\Users\\Mudassar\\.gradle\\caches\\transforms-2\\files-2.1\\222cdc43ab70d3d702638d878ca1cedb\\jetified-navigation-ui-2.1.0\\res\\values-el\\values-el.xml",
                    "from": {
                        "startLines": "2,3",
                        "startColumns": "4,4",
                        "startOffsets": "55,172",
                        "endColumns": "116,121",
                        "endOffsets": "167,289"
                    },
                    "to": {
                        "startLines": "48,49",
                        "startColumns": "4,4",
                        "startOffsets": "5847,5964",
                        "endColumns": "116,121",
                        "endOffsets": "5959,6081"
                    }
                },
                {
                    "source": "C:\\Users\\Mudassar\\.gradle\\caches\\transforms-2\\files-2.1\\78e7d3f5487dbf3c8bd1a75d0d68a2a0\\appcompat-1.1.0\\res\\values-el\\values-el.xml",
                    "from": {
                        "startLines": "2,3,4,5,6,7,8,9,10,11,12,13,14,15,16,17,18,19,20,21,22,23,24,25,26,27,28,29",
                        "startColumns": "4,4,4,4,4,4,4,4,4,4,4,4,4,4,4,4,4,4,4,4,4,4,4,4,4,4,4,4",
                        "startOffsets": "105,223,334,451,536,642,765,854,940,1031,1123,1218,1312,1413,1506,1601,1698,1789,1880,1964,2075,2184,2286,2397,2507,2615,2786,2886",
                        "endColumns": "117,110,116,84,105,122,88,85,90,91,94,93,100,92,94,96,90,90,83,110,108,101,110,109,107,170,99,84",
                        "endOffsets": "218,329,446,531,637,760,849,935,1026,1118,1213,1307,1408,1501,1596,1693,1784,1875,1959,2070,2179,2281,2392,2502,2610,2781,2881,2966"
                    },
                    "to": {
                        "startLines": "2,3,4,5,6,7,8,9,10,11,12,13,14,15,16,17,18,19,20,21,22,23,24,25,26,27,28,60",
                        "startColumns": "4,4,4,4,4,4,4,4,4,4,4,4,4,4,4,4,4,4,4,4,4,4,4,4,4,4,4,4",
                        "startOffsets": "105,223,334,451,536,642,765,854,940,1031,1123,1218,1312,1413,1506,1601,1698,1789,1880,1964,2075,2184,2286,2397,2507,2615,2786,6912",
                        "endColumns": "117,110,116,84,105,122,88,85,90,91,94,93,100,92,94,96,90,90,83,110,108,101,110,109,107,170,99,84",
                        "endOffsets": "218,329,446,531,637,760,849,935,1026,1118,1213,1307,1408,1501,1596,1693,1784,1875,1959,2070,2179,2281,2392,2502,2610,2781,2881,6992"
                    }
                },
                {
                    "source": "C:\\Users\\Mudassar\\.gradle\\caches\\transforms-2\\files-2.1\\fc1a205467b5c433350d5b0560a1781f\\play-services-base-17.1.0\\res\\values-el\\values.xml",
                    "from": {
                        "startLines": "4,5,6,7,8,9,10,11,12,13,14,15,16,17,18,19,20",
                        "startColumns": "0,0,0,0,0,0,0,0,0,0,0,0,0,0,0,0,0",
                        "startOffsets": "245,354,572,702,811,1051,1174,1318,1448,1696,1802,2003,2130,2367,2538,2633,2721",
                        "endColumns": "108,217,129,108,239,122,143,129,247,105,200,126,236,170,94,87,107",
                        "endOffsets": "353,571,701,810,1050,1173,1317,1447,1695,1801,2002,2129,2366,2537,2632,2720,2828"
                    },
                    "to": {
                        "startLines": "29,30,31,32,33,34,35,36,38,39,40,41,42,43,44,45,46",
                        "startColumns": "4,4,4,4,4,4,4,4,4,4,4,4,4,4,4,4,4",
                        "startOffsets": "2886,2999,3217,3351,3464,3704,3831,3979,4336,4584,4694,4895,5026,5263,5438,5537,5629",
                        "endColumns": "112,217,133,112,239,126,147,133,247,109,200,130,236,174,98,91,111",
                        "endOffsets": "2994,3212,3346,3459,3699,3826,3974,4108,4579,4689,4890,5021,5258,5433,5532,5624,5736"
                    }
                },
                {
                    "source": "C:\\Users\\Mudassar\\.gradle\\caches\\transforms-2\\files-2.1\\4bb36207c20871865b7b6196a54ae023\\jetified-play-services-basement-17.0.0\\res\\values-el\\values.xml",
                    "from": {
                        "startLines": "4",
                        "startColumns": "0",
                        "startOffsets": "247",
                        "endColumns": "222",
                        "endOffsets": "469"
                    },
                    "to": {
                        "startLines": "37",
                        "startColumns": "4",
                        "startOffsets": "4113",
                        "endColumns": "222",
                        "endOffsets": "4331"
                    }
                }
            ]
        }
    ]
}