{
    "logs": [
        {
            "outputFile": "D:\\1 BSCS 8TH\\CarController\\app\\build\\intermediates\\incremental\\mergeDebugResources\\merged.dir\\values-nl\\values-nl.xml",
            "map": [
                {
                    "source": "C:\\Users\\Mudassar\\.gradle\\caches\\transforms-2\\files-2.1\\d7e0c950707e021378551cecb6624e83\\core-1.1.0\\res\\values-nl\\values-nl.xml",
                    "from": {
                        "startLines": "2",
                        "startColumns": "4",
                        "startOffsets": "55",
                        "endColumns": "100",
                        "endOffsets": "151"
                    },
                    "to": {
                        "startLines": "125",
                        "startColumns": "4",
                        "startOffsets": "11367",
                        "endColumns": "100",
                        "endOffsets": "11463"
                    }
                },
                {
                    "source": "C:\\Users\\Mudassar\\.gradle\\caches\\transforms-2\\files-2.1\\4bb36207c20871865b7b6196a54ae023\\jetified-play-services-basement-17.0.0\\res\\values-nl\\values.xml",
                    "from": {
                        "startLines": "4",
                        "startColumns": "0",
                        "startOffsets": "247",
                        "endColumns": "201",
                        "endOffsets": "448"
                    },
                    "to": {
                        "startLines": "89",
                        "startColumns": "4",
                        "startOffsets": "7731",
                        "endColumns": "201",
                        "endOffsets": "7928"
                    }
                },
                {
                    "source": "C:\\Users\\Mudassar\\.gradle\\caches\\transforms-2\\files-2.1\\78e7d3f5487dbf3c8bd1a75d0d68a2a0\\appcompat-1.1.0\\res\\values-nl\\values-nl.xml",
                    "from": {
                        "startLines": "2,3,4,5,6,7,8,9,10,11,12,13,14,15,16,17,18,19,20,21,22,23,24,25,26,27,28,29",
                        "startColumns": "4,4,4,4,4,4,4,4,4,4,4,4,4,4,4,4,4,4,4,4,4,4,4,4,4,4,4,4",
                        "startOffsets": "105,223,328,435,521,629,749,827,904,996,1089,1184,1278,1379,1473,1569,1664,1756,1848,1929,2040,2143,2242,2357,2471,2574,2729,2832",
                        "endColumns": "117,104,106,85,107,119,77,76,91,92,94,93,100,93,95,94,91,91,80,110,102,98,114,113,102,154,102,81",
                        "endOffsets": "218,323,430,516,624,744,822,899,991,1084,1179,1273,1374,1468,1564,1659,1751,1843,1924,2035,2138,2237,2352,2466,2569,2724,2827,2909"
                    },
                    "to": {
                        "startLines": "2,3,4,5,6,7,8,9,10,11,12,13,14,15,16,17,18,19,20,21,22,23,24,25,26,27,28,124",
                        "startColumns": "4,4,4,4,4,4,4,4,4,4,4,4,4,4,4,4,4,4,4,4,4,4,4,4,4,4,4,4",
                        "startOffsets": "105,223,328,435,521,629,749,827,904,996,1089,1184,1278,1379,1473,1569,1664,1756,1848,1929,2040,2143,2242,2357,2471,2574,2729,11285",
                        "endColumns": "117,104,106,85,107,119,77,76,91,92,94,93,100,93,95,94,91,91,80,110,102,98,114,113,102,154,102,81",
                        "endOffsets": "218,323,430,516,624,744,822,899,991,1084,1179,1273,1374,1468,1564,1659,1751,1843,1924,2035,2138,2237,2352,2466,2569,2724,2827,11362"
                    }
                },
                {
                    "source": "C:\\Users\\Mudassar\\.gradle\\caches\\transforms-2\\files-2.1\\fc1a205467b5c433350d5b0560a1781f\\play-services-base-17.1.0\\res\\values-nl\\values.xml",
                    "from": {
                        "startLines": "4,5,6,7,8,9,10,11,12,13,14,15,16,17,18,19,20",
                        "startColumns": "0,0,0,0,0,0,0,0,0,0,0,0,0,0,0,0,0",
                        "startOffsets": "245,353,540,668,777,1003,1128,1277,1408,1645,1749,1949,2073,2295,2503,2597,2686",
                        "endColumns": "107,186,127,108,225,124,148,130,236,103,199,123,221,207,93,88,103",
                        "endOffsets": "352,539,667,776,1002,1127,1276,1407,1644,1748,1948,2072,2294,2502,2596,2685,2789"
                    },
                    "to": {
                        "startLines": "81,82,83,84,85,86,87,88,90,91,92,93,94,95,96,97,98",
                        "startColumns": "4,4,4,4,4,4,4,4,4,4,4,4,4,4,4,4,4",
                        "startOffsets": "6544,6656,6843,6975,7088,7314,7443,7596,7933,8170,8278,8478,8606,8828,9040,9138,9231",
                        "endColumns": "111,186,131,112,225,128,152,134,236,107,199,127,221,211,97,92,107",
                        "endOffsets": "6651,6838,6970,7083,7309,7438,7591,7726,8165,8273,8473,8601,8823,9035,9133,9226,9334"
                    }
                },
                {
                    "source": "C:\\Users\\Mudassar\\.gradle\\caches\\transforms-2\\files-2.1\\222cdc43ab70d3d702638d878ca1cedb\\jetified-navigation-ui-2.1.0\\res\\values-nl\\values-nl.xml",
                    "from": {
                        "startLines": "2,3",
                        "startColumns": "4,4",
                        "startOffsets": "55,166",
                        "endColumns": "110,108",
                        "endOffsets": "161,270"
                    },
                    "to": {
                        "startLines": "109,110",
                        "startColumns": "4,4",
                        "startOffsets": "10081,10192",
                        "endColumns": "110,108",
                        "endOffsets": "10187,10296"
                    }
                },
                {
                    "source": "C:\\Users\\Mudassar\\.gradle\\caches\\transforms-2\\files-2.1\\4d90089bba98735a4773fb5da4aac47c\\jetified-play-services-places-16.0.0\\res\\values-nl\\values.xml",
                    "from": {
                        "startLines": "4,5",
                        "startColumns": "0,0",
                        "startOffsets": "193,299",
                        "endColumns": "105,91",
                        "endOffsets": "298,390"
                    },
                    "to": {
                        "startLines": "113,114",
                        "startColumns": "4,4",
                        "startOffsets": "10452,10562",
                        "endColumns": "109,95",
                        "endOffsets": "10557,10653"
                    }
                },
                {
                    "source": "C:\\Users\\Mudassar\\.gradle\\caches\\transforms-2\\files-2.1\\9350583047d9d28e7a4708239acec4f1\\jetified-firebase-messaging-20.0.0\\res\\values-nl\\values.xml",
                    "from": {
                        "startLines": "4",
                        "startColumns": "0",
                        "startOffsets": "205",
                        "endColumns": "101",
                        "endOffsets": "306"
                    },
                    "to": {
                        "startLines": "102",
                        "startColumns": "4",
                        "startOffsets": "9488",
                        "endColumns": "105",
                        "endOffsets": "9589"
                    }
                },
                {
                    "source": "C:\\Users\\Mudassar\\.gradle\\caches\\transforms-2\\files-2.1\\3245a9ff61e14dd5e3de0b55e9b64857\\jetified-stripe-android-8.5.0\\res\\values-nl\\values-nl.xml",
                    "from": {
                        "startLines": "2,3,4,5,6,7,8,9,10,11,12,13,14,15,16,17,18,19,20,21,22,23,24,25,26,27,28,29,30,31,32,33,34,35,36,37,38,39,40,41,42,43,44,45,46,47,48,49,50,51,52,53,54,55,56,57,58,59,60,61,62,63,64,65,66,67,68,69",
                        "startColumns": "4,4,4,4,4,4,4,4,4,4,4,4,4,4,4,4,4,4,4,4,4,4,4,4,4,4,4,4,4,4,4,4,4,4,4,4,4,4,4,4,4,4,4,4,4,4,4,4,4,4,4,4,4,4,4,4,4,4,4,4,4,4,4,4,4,4,4,4",
                        "startOffsets": "55,117,188,243,305,376,427,479,581,649,723,779,848,938,1007,1097,1175,1226,1298,1352,1427,1482,1542,1623,1675,1748,1818,1909,1972,2056,2116,2197,2258,2340,2419,2519,2573,2648,2708,2789,2856,2944,3010,3094,3174,3251,3326,3419,3481,3547,3615,3688,3767,3811,3862,3916,3992,4078,4168,4257,4336,4403,4474,4554,4600,4665,4733,4799",
                        "endColumns": "61,70,54,61,70,50,51,101,67,73,55,68,89,68,89,77,50,71,53,74,54,59,80,51,72,69,90,62,83,59,80,60,81,78,99,53,74,59,80,66,87,65,83,79,76,74,92,61,65,67,72,78,43,50,53,75,85,89,88,78,66,70,79,45,64,67,65,85",
                        "endOffsets": "112,183,238,300,371,422,474,576,644,718,774,843,933,1002,1092,1170,1221,1293,1347,1422,1477,1537,1618,1670,1743,1813,1904,1967,2051,2111,2192,2253,2335,2414,2514,2568,2643,2703,2784,2851,2939,3005,3089,3169,3246,3321,3414,3476,3542,3610,3683,3762,3806,3857,3911,3987,4073,4163,4252,4331,4398,4469,4549,4595,4660,4728,4794,4880"
                    },
                    "to": {
                        "startLines": "29,30,31,32,33,34,35,36,37,38,39,40,41,42,43,44,45,46,47,48,49,50,51,52,53,54,55,56,57,58,59,60,61,62,63,64,65,66,67,68,69,70,71,72,73,74,75,76,77,78,79,80,99,100,101,103,104,105,106,107,108,111,112,123,126,127,128,129",
                        "startColumns": "4,4,4,4,4,4,4,4,4,4,4,4,4,4,4,4,4,4,4,4,4,4,4,4,4,4,4,4,4,4,4,4,4,4,4,4,4,4,4,4,4,4,4,4,4,4,4,4,4,4,4,4,4,4,4,4,4,4,4,4,4,4,4,4,4,4,4,4",
                        "startOffsets": "2832,2894,2965,3020,3082,3153,3204,3256,3358,3426,3500,3556,3625,3715,3784,3874,3952,4003,4075,4129,4204,4259,4319,4400,4452,4525,4595,4686,4749,4833,4893,4974,5035,5117,5196,5296,5350,5425,5485,5566,5633,5721,5787,5871,5951,6028,6103,6196,6258,6324,6392,6465,9339,9383,9434,9594,9670,9756,9846,9935,10014,10301,10372,11239,11468,11533,11601,11667",
                        "endColumns": "61,70,54,61,70,50,51,101,67,73,55,68,89,68,89,77,50,71,53,74,54,59,80,51,72,69,90,62,83,59,80,60,81,78,99,53,74,59,80,66,87,65,83,79,76,74,92,61,65,67,72,78,43,50,53,75,85,89,88,78,66,70,79,45,64,67,65,85",
                        "endOffsets": "2889,2960,3015,3077,3148,3199,3251,3353,3421,3495,3551,3620,3710,3779,3869,3947,3998,4070,4124,4199,4254,4314,4395,4447,4520,4590,4681,4744,4828,4888,4969,5030,5112,5191,5291,5345,5420,5480,5561,5628,5716,5782,5866,5946,6023,6098,6191,6253,6319,6387,6460,6539,9378,9429,9483,9665,9751,9841,9930,10009,10076,10367,10447,11280,11528,11596,11662,11748"
                    }
                },
                {
                    "source": "C:\\Users\\Mudassar\\.gradle\\caches\\transforms-2\\files-2.1\\d835d2effcd8e97c306f6a50688d9a8a\\jetified-places-compat-1.0.0\\res\\values-nl\\values.xml",
                    "from": {
                        "startLines": "4,5,6,7,8,9,10,11",
                        "startColumns": "0,0,0,0,0,0,0,0",
                        "startOffsets": "184,261,329,420,483,531,609,684",
                        "endColumns": "76,67,90,62,47,77,74,48",
                        "endOffsets": "260,328,419,482,530,608,683,732"
                    },
                    "to": {
                        "startLines": "115,116,117,118,119,120,121,122",
                        "startColumns": "4,4,4,4,4,4,4,4",
                        "startOffsets": "10658,10739,10811,10906,10973,11025,11107,11186",
                        "endColumns": "80,71,94,66,51,81,78,52",
                        "endOffsets": "10734,10806,10901,10968,11020,11102,11181,11234"
                    }
                }
            ]
        }
    ]
}