{
    "logs": [
        {
            "outputFile": "D:\\1 BSCS 8TH\\CarController\\app\\build\\intermediates\\incremental\\mergeDebugResources\\merged.dir\\values-hi\\values-hi.xml",
            "map": [
                {
                    "source": "C:\\Users\\Mudassar\\.gradle\\caches\\transforms-2\\files-2.1\\4bb36207c20871865b7b6196a54ae023\\jetified-play-services-basement-17.0.0\\res\\values-hi\\values.xml",
                    "from": {
                        "startLines": "4",
                        "startColumns": "0",
                        "startOffsets": "247",
                        "endColumns": "204",
                        "endOffsets": "451"
                    },
                    "to": {
                        "startLines": "37",
                        "startColumns": "4",
                        "startOffsets": "3956",
                        "endColumns": "204",
                        "endOffsets": "4156"
                    }
                },
                {
                    "source": "C:\\Users\\Mudassar\\.gradle\\caches\\transforms-2\\files-2.1\\d7e0c950707e021378551cecb6624e83\\core-1.1.0\\res\\values-hi\\values-hi.xml",
                    "from": {
                        "startLines": "2",
                        "startColumns": "4",
                        "startOffsets": "55",
                        "endColumns": "100",
                        "endOffsets": "151"
                    },
                    "to": {
                        "startLines": "61",
                        "startColumns": "4",
                        "startOffsets": "6703",
                        "endColumns": "100",
                        "endOffsets": "6799"
                    }
                },
                {
                    "source": "C:\\Users\\Mudassar\\.gradle\\caches\\transforms-2\\files-2.1\\d835d2effcd8e97c306f6a50688d9a8a\\jetified-places-compat-1.0.0\\res\\values-hi\\values.xml",
                    "from": {
                        "startLines": "4,5,6,7,8,9,10,11",
                        "startColumns": "0,0,0,0,0,0,0,0",
                        "startOffsets": "184,258,322,419,481,529,615,691",
                        "endColumns": "73,63,96,61,47,85,75,58",
                        "endOffsets": "257,321,418,480,528,614,690,749"
                    },
                    "to": {
                        "startLines": "52,53,54,55,56,57,58,59",
                        "startColumns": "4,4,4,4,4,4,4,4",
                        "startOffsets": "6024,6102,6170,6271,6337,6389,6479,6559",
                        "endColumns": "77,67,100,65,51,89,79,62",
                        "endOffsets": "6097,6165,6266,6332,6384,6474,6554,6617"
                    }
                },
                {
                    "source": "C:\\Users\\Mudassar\\.gradle\\caches\\transforms-2\\files-2.1\\78e7d3f5487dbf3c8bd1a75d0d68a2a0\\appcompat-1.1.0\\res\\values-hi\\values-hi.xml",
                    "from": {
                        "startLines": "2,3,4,5,6,7,8,9,10,11,12,13,14,15,16,17,18,19,20,21,22,23,24,25,26,27,28,29",
                        "startColumns": "4,4,4,4,4,4,4,4,4,4,4,4,4,4,4,4,4,4,4,4,4,4,4,4,4,4,4,4",
                        "startOffsets": "105,211,309,419,505,607,728,806,884,975,1067,1162,1256,1357,1450,1545,1639,1730,1821,1901,2006,2108,2206,2316,2419,2528,2686,2787",
                        "endColumns": "105,97,109,85,101,120,77,77,90,91,94,93,100,92,94,93,90,90,79,104,101,97,109,102,108,157,100,80",
                        "endOffsets": "206,304,414,500,602,723,801,879,970,1062,1157,1251,1352,1445,1540,1634,1725,1816,1896,2001,2103,2201,2311,2414,2523,2681,2782,2863"
                    },
                    "to": {
                        "startLines": "2,3,4,5,6,7,8,9,10,11,12,13,14,15,16,17,18,19,20,21,22,23,24,25,26,27,28,60",
                        "startColumns": "4,4,4,4,4,4,4,4,4,4,4,4,4,4,4,4,4,4,4,4,4,4,4,4,4,4,4,4",
                        "startOffsets": "105,211,309,419,505,607,728,806,884,975,1067,1162,1256,1357,1450,1545,1639,1730,1821,1901,2006,2108,2206,2316,2419,2528,2686,6622",
                        "endColumns": "105,97,109,85,101,120,77,77,90,91,94,93,100,92,94,93,90,90,79,104,101,97,109,102,108,157,100,80",
                        "endOffsets": "206,304,414,500,602,723,801,879,970,1062,1157,1251,1352,1445,1540,1634,1725,1816,1896,2001,2103,2201,2311,2414,2523,2681,2782,6698"
                    }
                },
                {
                    "source": "C:\\Users\\Mudassar\\.gradle\\caches\\transforms-2\\files-2.1\\222cdc43ab70d3d702638d878ca1cedb\\jetified-navigation-ui-2.1.0\\res\\values-hi\\values-hi.xml",
                    "from": {
                        "startLines": "2,3",
                        "startColumns": "4,4",
                        "startOffsets": "55,159",
                        "endColumns": "103,113",
                        "endOffsets": "154,268"
                    },
                    "to": {
                        "startLines": "48,49",
                        "startColumns": "4,4",
                        "startOffsets": "5610,5714",
                        "endColumns": "103,113",
                        "endOffsets": "5709,5823"
                    }
                },
                {
                    "source": "C:\\Users\\Mudassar\\.gradle\\caches\\transforms-2\\files-2.1\\4d90089bba98735a4773fb5da4aac47c\\jetified-play-services-places-16.0.0\\res\\values-hi\\values.xml",
                    "from": {
                        "startLines": "4,5",
                        "startColumns": "0,0",
                        "startOffsets": "193,290",
                        "endColumns": "96,90",
                        "endOffsets": "289,380"
                    },
                    "to": {
                        "startLines": "50,51",
                        "startColumns": "4,4",
                        "startOffsets": "5828,5929",
                        "endColumns": "100,94",
                        "endOffsets": "5924,6019"
                    }
                },
                {
                    "source": "C:\\Users\\Mudassar\\.gradle\\caches\\transforms-2\\files-2.1\\9350583047d9d28e7a4708239acec4f1\\jetified-firebase-messaging-20.0.0\\res\\values-hi\\values.xml",
                    "from": {
                        "startLines": "4",
                        "startColumns": "0",
                        "startOffsets": "205",
                        "endColumns": "98",
                        "endOffsets": "303"
                    },
                    "to": {
                        "startLines": "47",
                        "startColumns": "4",
                        "startOffsets": "5507",
                        "endColumns": "102",
                        "endOffsets": "5605"
                    }
                },
                {
                    "source": "C:\\Users\\Mudassar\\.gradle\\caches\\transforms-2\\files-2.1\\fc1a205467b5c433350d5b0560a1781f\\play-services-base-17.1.0\\res\\values-hi\\values.xml",
                    "from": {
                        "startLines": "4,5,6,7,8,9,10,11,12,13,14,15,16,17,18,19,20",
                        "startColumns": "0,0,0,0,0,0,0,0,0,0,0,0,0,0,0,0,0",
                        "startOffsets": "245,351,543,667,777,987,1115,1253,1390,1606,1713,1910,2038,2238,2417,2506,2599",
                        "endColumns": "105,191,123,109,209,127,137,136,215,106,196,127,199,178,88,92,112",
                        "endOffsets": "350,542,666,776,986,1114,1252,1389,1605,1712,1909,2037,2237,2416,2505,2598,2711"
                    },
                    "to": {
                        "startLines": "29,30,31,32,33,34,35,36,38,39,40,41,42,43,44,45,46",
                        "startColumns": "4,4,4,4,4,4,4,4,4,4,4,4,4,4,4,4,4",
                        "startOffsets": "2787,2897,3089,3217,3331,3541,3673,3815,4161,4377,4488,4685,4817,5017,5200,5293,5390",
                        "endColumns": "109,191,127,113,209,131,141,140,215,110,196,131,199,182,92,96,116",
                        "endOffsets": "2892,3084,3212,3326,3536,3668,3810,3951,4372,4483,4680,4812,5012,5195,5288,5385,5502"
                    }
                }
            ]
        }
    ]
}