{
    "logs": [
        {
            "outputFile": "D:\\1 BSCS 8TH\\CarController\\app\\build\\intermediates\\incremental\\mergeDebugResources\\merged.dir\\values-gl\\values-gl.xml",
            "map": [
                {
                    "source": "C:\\Users\\Mudassar\\.gradle\\caches\\transforms-2\\files-2.1\\9350583047d9d28e7a4708239acec4f1\\jetified-firebase-messaging-20.0.0\\res\\values-gl\\values.xml",
                    "from": {
                        "startLines": "4",
                        "startColumns": "0",
                        "startOffsets": "205",
                        "endColumns": "100",
                        "endOffsets": "305"
                    },
                    "to": {
                        "startLines": "47",
                        "startColumns": "4",
                        "startOffsets": "5623",
                        "endColumns": "104",
                        "endOffsets": "5723"
                    }
                },
                {
                    "source": "C:\\Users\\Mudassar\\.gradle\\caches\\transforms-2\\files-2.1\\fc1a205467b5c433350d5b0560a1781f\\play-services-base-17.1.0\\res\\values-gl\\values.xml",
                    "from": {
                        "startLines": "4,5,6,7,8,9,10,11,12,13,14,15,16,17,18,19,20",
                        "startColumns": "0,0,0,0,0,0,0,0,0,0,0,0,0,0,0,0,0",
                        "startOffsets": "245,349,544,671,777,995,1125,1270,1404,1634,1741,1941,2074,2298,2476,2569,2664",
                        "endColumns": "103,194,126,105,217,129,144,133,229,106,199,132,223,177,92,94,109",
                        "endOffsets": "348,543,670,776,994,1124,1269,1403,1633,1740,1940,2073,2297,2475,2568,2663,2773"
                    },
                    "to": {
                        "startLines": "29,30,31,32,33,34,35,36,38,39,40,41,42,43,44,45,46",
                        "startColumns": "4,4,4,4,4,4,4,4,4,4,4,4,4,4,4,4,4",
                        "startOffsets": "2853,2961,3156,3287,3397,3615,3749,3898,4229,4459,4570,4770,4907,5131,5313,5410,5509",
                        "endColumns": "107,194,130,109,217,133,148,137,229,110,199,136,223,181,96,98,113",
                        "endOffsets": "2956,3151,3282,3392,3610,3744,3893,4031,4454,4565,4765,4902,5126,5308,5405,5504,5618"
                    }
                },
                {
                    "source": "C:\\Users\\Mudassar\\.gradle\\caches\\transforms-2\\files-2.1\\222cdc43ab70d3d702638d878ca1cedb\\jetified-navigation-ui-2.1.0\\res\\values-gl\\values-gl.xml",
                    "from": {
                        "startLines": "2,3",
                        "startColumns": "4,4",
                        "startOffsets": "55,173",
                        "endColumns": "117,121",
                        "endOffsets": "168,290"
                    },
                    "to": {
                        "startLines": "48,49",
                        "startColumns": "4,4",
                        "startOffsets": "5728,5846",
                        "endColumns": "117,121",
                        "endOffsets": "5841,5963"
                    }
                },
                {
                    "source": "C:\\Users\\Mudassar\\.gradle\\caches\\transforms-2\\files-2.1\\d835d2effcd8e97c306f6a50688d9a8a\\jetified-places-compat-1.0.0\\res\\values-gl\\values.xml",
                    "from": {
                        "startLines": "4,5,6,7,8,9,10,11",
                        "startColumns": "0,0,0,0,0,0,0,0",
                        "startOffsets": "184,254,320,422,485,532,606,703",
                        "endColumns": "69,65,101,62,46,73,96,55",
                        "endOffsets": "253,319,421,484,531,605,702,758"
                    },
                    "to": {
                        "startLines": "52,53,54,55,56,57,58,59",
                        "startColumns": "4,4,4,4,4,4,4,4",
                        "startOffsets": "6168,6242,6312,6418,6485,6536,6614,6715",
                        "endColumns": "73,69,105,66,50,77,100,59",
                        "endOffsets": "6237,6307,6413,6480,6531,6609,6710,6770"
                    }
                },
                {
                    "source": "C:\\Users\\Mudassar\\.gradle\\caches\\transforms-2\\files-2.1\\d7e0c950707e021378551cecb6624e83\\core-1.1.0\\res\\values-gl\\values-gl.xml",
                    "from": {
                        "startLines": "2",
                        "startColumns": "4",
                        "startOffsets": "55",
                        "endColumns": "100",
                        "endOffsets": "151"
                    },
                    "to": {
                        "startLines": "61",
                        "startColumns": "4",
                        "startOffsets": "6857",
                        "endColumns": "100",
                        "endOffsets": "6953"
                    }
                },
                {
                    "source": "C:\\Users\\Mudassar\\.gradle\\caches\\transforms-2\\files-2.1\\4bb36207c20871865b7b6196a54ae023\\jetified-play-services-basement-17.0.0\\res\\values-gl\\values.xml",
                    "from": {
                        "startLines": "4",
                        "startColumns": "0",
                        "startOffsets": "247",
                        "endColumns": "192",
                        "endOffsets": "439"
                    },
                    "to": {
                        "startLines": "37",
                        "startColumns": "4",
                        "startOffsets": "4036",
                        "endColumns": "192",
                        "endOffsets": "4224"
                    }
                },
                {
                    "source": "C:\\Users\\Mudassar\\.gradle\\caches\\transforms-2\\files-2.1\\78e7d3f5487dbf3c8bd1a75d0d68a2a0\\appcompat-1.1.0\\res\\values-gl\\values-gl.xml",
                    "from": {
                        "startLines": "2,3,4,5,6,7,8,9,10,11,12,13,14,15,16,17,18,19,20,21,22,23,24,25,26,27,28,29",
                        "startColumns": "4,4,4,4,4,4,4,4,4,4,4,4,4,4,4,4,4,4,4,4,4,4,4,4,4,4,4,4",
                        "startOffsets": "105,209,313,421,506,607,735,820,901,993,1086,1183,1277,1378,1472,1568,1663,1755,1847,1927,2035,2142,2249,2358,2463,2577,2754,2853",
                        "endColumns": "103,103,107,84,100,127,84,80,91,92,96,93,100,93,95,94,91,91,79,107,106,106,108,104,113,176,98,81",
                        "endOffsets": "204,308,416,501,602,730,815,896,988,1081,1178,1272,1373,1467,1563,1658,1750,1842,1922,2030,2137,2244,2353,2458,2572,2749,2848,2930"
                    },
                    "to": {
                        "startLines": "2,3,4,5,6,7,8,9,10,11,12,13,14,15,16,17,18,19,20,21,22,23,24,25,26,27,28,60",
                        "startColumns": "4,4,4,4,4,4,4,4,4,4,4,4,4,4,4,4,4,4,4,4,4,4,4,4,4,4,4,4",
                        "startOffsets": "105,209,313,421,506,607,735,820,901,993,1086,1183,1277,1378,1472,1568,1663,1755,1847,1927,2035,2142,2249,2358,2463,2577,2754,6775",
                        "endColumns": "103,103,107,84,100,127,84,80,91,92,96,93,100,93,95,94,91,91,79,107,106,106,108,104,113,176,98,81",
                        "endOffsets": "204,308,416,501,602,730,815,896,988,1081,1178,1272,1373,1467,1563,1658,1750,1842,1922,2030,2137,2244,2353,2458,2572,2749,2848,6852"
                    }
                },
                {
                    "source": "C:\\Users\\Mudassar\\.gradle\\caches\\transforms-2\\files-2.1\\4d90089bba98735a4773fb5da4aac47c\\jetified-play-services-places-16.0.0\\res\\values-gl\\values.xml",
                    "from": {
                        "startLines": "4,5",
                        "startColumns": "0,0",
                        "startOffsets": "193,293",
                        "endColumns": "99,91",
                        "endOffsets": "292,384"
                    },
                    "to": {
                        "startLines": "50,51",
                        "startColumns": "4,4",
                        "startOffsets": "5968,6072",
                        "endColumns": "103,95",
                        "endOffsets": "6067,6163"
                    }
                }
            ]
        }
    ]
}