{
    "logs": [
        {
            "outputFile": "D:\\1 BSCS 8TH\\CarController\\app\\build\\intermediates\\incremental\\mergeDebugResources\\merged.dir\\values-ar\\values-ar.xml",
            "map": [
                {
                    "source": "C:\\Users\\Mudassar\\.gradle\\caches\\transforms-2\\files-2.1\\2c829cd8480f9c4cc065b3508607ae1b\\AppIntro-5.1.0\\res\\values-ar\\values-ar.xml",
                    "from": {
                        "startLines": "2,3",
                        "startColumns": "4,4",
                        "startOffsets": "55,111",
                        "endColumns": "55,54",
                        "endOffsets": "106,161"
                    },
                    "to": {
                        "startLines": "29,30",
                        "startColumns": "4,4",
                        "startOffsets": "2758,2814",
                        "endColumns": "55,54",
                        "endOffsets": "2809,2864"
                    }
                },
                {
                    "source": "C:\\Users\\Mudassar\\.gradle\\caches\\transforms-2\\files-2.1\\9350583047d9d28e7a4708239acec4f1\\jetified-firebase-messaging-20.0.0\\res\\values-ar\\values.xml",
                    "from": {
                        "startLines": "4",
                        "startColumns": "0",
                        "startOffsets": "205",
                        "endColumns": "100",
                        "endOffsets": "305"
                    },
                    "to": {
                        "startLines": "65",
                        "startColumns": "4",
                        "startOffsets": "6569",
                        "endColumns": "104",
                        "endOffsets": "6669"
                    }
                },
                {
                    "source": "C:\\Users\\Mudassar\\.gradle\\caches\\transforms-2\\files-2.1\\4d90089bba98735a4773fb5da4aac47c\\jetified-play-services-places-16.0.0\\res\\values-ar\\values.xml",
                    "from": {
                        "startLines": "4,5",
                        "startColumns": "0,0",
                        "startOffsets": "193,289",
                        "endColumns": "95,90",
                        "endOffsets": "288,379"
                    },
                    "to": {
                        "startLines": "68,69",
                        "startColumns": "4,4",
                        "startOffsets": "6895,6995",
                        "endColumns": "99,94",
                        "endOffsets": "6990,7085"
                    }
                },
                {
                    "source": "C:\\Users\\Mudassar\\.gradle\\caches\\transforms-2\\files-2.1\\4bb36207c20871865b7b6196a54ae023\\jetified-play-services-basement-17.0.0\\res\\values-ar\\values.xml",
                    "from": {
                        "startLines": "4",
                        "startColumns": "0",
                        "startOffsets": "247",
                        "endColumns": "188",
                        "endOffsets": "435"
                    },
                    "to": {
                        "startLines": "39",
                        "startColumns": "4",
                        "startOffsets": "3981",
                        "endColumns": "188",
                        "endOffsets": "4165"
                    }
                },
                {
                    "source": "C:\\Users\\Mudassar\\.gradle\\caches\\transforms-2\\files-2.1\\fc1a205467b5c433350d5b0560a1781f\\play-services-base-17.1.0\\res\\values-ar\\values.xml",
                    "from": {
                        "startLines": "4,5,6,7,8,9,10,11,12,13,14,15,16,17,18,19,20",
                        "startColumns": "0,0,0,0,0,0,0,0,0,0,0,0,0,0,0,0,0",
                        "startOffsets": "245,347,523,643,746,943,1069,1206,1333,1529,1631,1812,1932,2130,2302,2392,2484",
                        "endColumns": "101,175,119,102,196,125,136,126,195,101,180,119,197,171,89,91,108",
                        "endOffsets": "346,522,642,745,942,1068,1205,1332,1528,1630,1811,1931,2129,2301,2391,2483,2592"
                    },
                    "to": {
                        "startLines": "31,32,33,34,35,36,37,38,40,41,42,43,44,45,46,47,48",
                        "startColumns": "4,4,4,4,4,4,4,4,4,4,4,4,4,4,4,4,4",
                        "startOffsets": "2869,2975,3151,3275,3382,3579,3709,3850,4170,4366,4472,4653,4777,4975,5151,5245,5341",
                        "endColumns": "105,175,123,106,196,129,140,130,195,105,180,123,197,175,93,95,112",
                        "endOffsets": "2970,3146,3270,3377,3574,3704,3845,3976,4361,4467,4648,4772,4970,5146,5240,5336,5449"
                    }
                },
                {
                    "source": "C:\\Users\\Mudassar\\.gradle\\caches\\transforms-2\\files-2.1\\222cdc43ab70d3d702638d878ca1cedb\\jetified-navigation-ui-2.1.0\\res\\values-ar\\values-ar.xml",
                    "from": {
                        "startLines": "2,3",
                        "startColumns": "4,4",
                        "startOffsets": "55,165",
                        "endColumns": "109,110",
                        "endOffsets": "160,271"
                    },
                    "to": {
                        "startLines": "66,67",
                        "startColumns": "4,4",
                        "startOffsets": "6674,6784",
                        "endColumns": "109,110",
                        "endOffsets": "6779,6890"
                    }
                },
                {
                    "source": "C:\\Users\\Mudassar\\.gradle\\caches\\transforms-2\\files-2.1\\d7e0c950707e021378551cecb6624e83\\core-1.1.0\\res\\values-ar\\values-ar.xml",
                    "from": {
                        "startLines": "2",
                        "startColumns": "4",
                        "startOffsets": "55",
                        "endColumns": "100",
                        "endOffsets": "151"
                    },
                    "to": {
                        "startLines": "79",
                        "startColumns": "4",
                        "startOffsets": "7721",
                        "endColumns": "100",
                        "endOffsets": "7817"
                    }
                },
                {
                    "source": "C:\\Users\\Mudassar\\.gradle\\caches\\transforms-2\\files-2.1\\78e7d3f5487dbf3c8bd1a75d0d68a2a0\\appcompat-1.1.0\\res\\values-ar\\values-ar.xml",
                    "from": {
                        "startLines": "2,3,4,5,6,7,8,9,10,11,12,13,14,15,16,17,18,19,20,21,22,23,24,25,26,27,28,29",
                        "startColumns": "4,4,4,4,4,4,4,4,4,4,4,4,4,4,4,4,4,4,4,4,4,4,4,4,4,4,4,4",
                        "startOffsets": "105,213,317,424,506,607,721,801,880,971,1063,1155,1249,1350,1443,1538,1631,1722,1816,1894,1999,2097,2195,2303,2403,2506,2661,2758",
                        "endColumns": "107,103,106,81,100,113,79,78,90,91,91,93,100,92,94,92,90,93,77,104,97,97,107,99,102,154,96,80",
                        "endOffsets": "208,312,419,501,602,716,796,875,966,1058,1150,1244,1345,1438,1533,1626,1717,1811,1889,1994,2092,2190,2298,2398,2501,2656,2753,2834"
                    },
                    "to": {
                        "startLines": "2,3,4,5,6,7,8,9,10,11,12,13,14,15,16,17,18,19,20,21,22,23,24,25,26,27,28,78",
                        "startColumns": "4,4,4,4,4,4,4,4,4,4,4,4,4,4,4,4,4,4,4,4,4,4,4,4,4,4,4,4",
                        "startOffsets": "105,213,317,424,506,607,721,801,880,971,1063,1155,1249,1350,1443,1538,1631,1722,1816,1894,1999,2097,2195,2303,2403,2506,2661,7640",
                        "endColumns": "107,103,106,81,100,113,79,78,90,91,91,93,100,92,94,92,90,93,77,104,97,97,107,99,102,154,96,80",
                        "endOffsets": "208,312,419,501,602,716,796,875,966,1058,1150,1244,1345,1438,1533,1626,1717,1811,1889,1994,2092,2190,2298,2398,2501,2656,2753,7716"
                    }
                },
                {
                    "source": "C:\\Users\\Mudassar\\.gradle\\caches\\transforms-2\\files-2.1\\331a29bf788a80d77947dedb12eb153f\\imagepicker-2.0.0\\res\\values-ar\\values-ar.xml",
                    "from": {
                        "startLines": "2,3,4,5,6,7,8,9,10,11,12,13,14,15,16,17",
                        "startColumns": "4,4,4,4,4,4,4,4,4,4,4,4,4,4,4,4",
                        "startOffsets": "55,100,141,220,282,351,423,493,560,680,787,826,936,985,1052,1101",
                        "endColumns": "44,40,78,61,68,71,69,66,119,106,38,109,48,66,48,68",
                        "endOffsets": "95,136,215,277,346,418,488,555,675,782,821,931,980,1047,1096,1165"
                    },
                    "to": {
                        "startLines": "49,50,51,52,53,54,55,56,57,58,59,60,61,62,63,64",
                        "startColumns": "4,4,4,4,4,4,4,4,4,4,4,4,4,4,4,4",
                        "startOffsets": "5454,5499,5540,5619,5681,5750,5822,5892,5959,6079,6186,6225,6335,6384,6451,6500",
                        "endColumns": "44,40,78,61,68,71,69,66,119,106,38,109,48,66,48,68",
                        "endOffsets": "5494,5535,5614,5676,5745,5817,5887,5954,6074,6181,6220,6330,6379,6446,6495,6564"
                    }
                },
                {
                    "source": "C:\\Users\\Mudassar\\.gradle\\caches\\transforms-2\\files-2.1\\d835d2effcd8e97c306f6a50688d9a8a\\jetified-places-compat-1.0.0\\res\\values-ar\\values.xml",
                    "from": {
                        "startLines": "4,5,6,7,8,9,10,11",
                        "startColumns": "0,0,0,0,0,0,0,0",
                        "startOffsets": "184,251,313,410,470,514,577,646",
                        "endColumns": "66,61,96,59,43,62,68,55",
                        "endOffsets": "250,312,409,469,513,576,645,701"
                    },
                    "to": {
                        "startLines": "70,71,72,73,74,75,76,77",
                        "startColumns": "4,4,4,4,4,4,4,4",
                        "startOffsets": "7090,7161,7227,7328,7392,7440,7507,7580",
                        "endColumns": "70,65,100,63,47,66,72,59",
                        "endOffsets": "7156,7222,7323,7387,7435,7502,7575,7635"
                    }
                }
            ]
        }
    ]
}