{
    "logs": [
        {
            "outputFile": "D:\\1 BSCS 8TH\\CarController\\app\\build\\intermediates\\incremental\\mergeDebugResources\\merged.dir\\values-sq\\values-sq.xml",
            "map": [
                {
                    "source": "C:\\Users\\Mudassar\\.gradle\\caches\\transforms-2\\files-2.1\\fc1a205467b5c433350d5b0560a1781f\\play-services-base-17.1.0\\res\\values-sq\\values.xml",
                    "from": {
                        "startLines": "4,5,6,7,8,9,10,11,12,13,14,15,16,17,18,19,20",
                        "startColumns": "0,0,0,0,0,0,0,0,0,0,0,0,0,0,0,0,0",
                        "startOffsets": "245,350,555,690,795,1015,1147,1299,1440,1669,1775,1981,2117,2345,2555,2646,2739",
                        "endColumns": "104,204,134,104,219,131,151,140,228,105,205,135,227,209,90,92,106",
                        "endOffsets": "349,554,689,794,1014,1146,1298,1439,1668,1774,1980,2116,2344,2554,2645,2738,2845"
                    },
                    "to": {
                        "startLines": "29,30,31,32,33,34,35,36,38,39,40,41,42,43,44,45,46",
                        "startColumns": "4,4,4,4,4,4,4,4,4,4,4,4,4,4,4,4,4",
                        "startOffsets": "2801,2910,3115,3254,3363,3583,3719,3875,4208,4437,4547,4753,4893,5121,5335,5430,5527",
                        "endColumns": "108,204,138,108,219,135,155,144,228,109,205,139,227,213,94,96,110",
                        "endOffsets": "2905,3110,3249,3358,3578,3714,3870,4015,4432,4542,4748,4888,5116,5330,5425,5522,5633"
                    }
                },
                {
                    "source": "C:\\Users\\Mudassar\\.gradle\\caches\\transforms-2\\files-2.1\\d835d2effcd8e97c306f6a50688d9a8a\\jetified-places-compat-1.0.0\\res\\values-sq\\values.xml",
                    "from": {
                        "startLines": "4,5,6,7,8,9,10,11",
                        "startColumns": "0,0,0,0,0,0,0,0",
                        "startOffsets": "184,257,323,412,474,518,588,677",
                        "endColumns": "72,65,88,61,43,69,88,53",
                        "endOffsets": "256,322,411,473,517,587,676,730"
                    },
                    "to": {
                        "startLines": "52,53,54,55,56,57,58,59",
                        "startColumns": "4,4,4,4,4,4,4,4",
                        "startOffsets": "6174,6251,6321,6414,6480,6528,6602,6695",
                        "endColumns": "76,69,92,65,47,73,92,57",
                        "endOffsets": "6246,6316,6409,6475,6523,6597,6690,6748"
                    }
                },
                {
                    "source": "C:\\Users\\Mudassar\\.gradle\\caches\\transforms-2\\files-2.1\\78e7d3f5487dbf3c8bd1a75d0d68a2a0\\appcompat-1.1.0\\res\\values-sq\\values-sq.xml",
                    "from": {
                        "startLines": "2,3,4,5,6,7,8,9,10,11,12,13,14,15,16,17,18,19,20,21,22,23,24,25,26,27,28,29",
                        "startColumns": "4,4,4,4,4,4,4,4,4,4,4,4,4,4,4,4,4,4,4,4,4,4,4,4,4,4,4,4",
                        "startOffsets": "105,219,319,431,517,623,746,828,907,998,1090,1185,1279,1381,1474,1569,1666,1757,1850,1930,2036,2140,2238,2344,2448,2550,2704,2801",
                        "endColumns": "113,99,111,85,105,122,81,78,90,91,94,93,101,92,94,96,90,92,79,105,103,97,105,103,101,153,96,80",
                        "endOffsets": "214,314,426,512,618,741,823,902,993,1085,1180,1274,1376,1469,1564,1661,1752,1845,1925,2031,2135,2233,2339,2443,2545,2699,2796,2877"
                    },
                    "to": {
                        "startLines": "2,3,4,5,6,7,8,9,10,11,12,13,14,15,16,17,18,19,20,21,22,23,24,25,26,27,28,60",
                        "startColumns": "4,4,4,4,4,4,4,4,4,4,4,4,4,4,4,4,4,4,4,4,4,4,4,4,4,4,4,4",
                        "startOffsets": "105,219,319,431,517,623,746,828,907,998,1090,1185,1279,1381,1474,1569,1666,1757,1850,1930,2036,2140,2238,2344,2448,2550,2704,6753",
                        "endColumns": "113,99,111,85,105,122,81,78,90,91,94,93,101,92,94,96,90,92,79,105,103,97,105,103,101,153,96,80",
                        "endOffsets": "214,314,426,512,618,741,823,902,993,1085,1180,1274,1376,1469,1564,1661,1752,1845,1925,2031,2135,2233,2339,2443,2545,2699,2796,6829"
                    }
                },
                {
                    "source": "C:\\Users\\Mudassar\\.gradle\\caches\\transforms-2\\files-2.1\\d7e0c950707e021378551cecb6624e83\\core-1.1.0\\res\\values-sq\\values-sq.xml",
                    "from": {
                        "startLines": "2",
                        "startColumns": "4",
                        "startOffsets": "55",
                        "endColumns": "100",
                        "endOffsets": "151"
                    },
                    "to": {
                        "startLines": "61",
                        "startColumns": "4",
                        "startOffsets": "6834",
                        "endColumns": "100",
                        "endOffsets": "6930"
                    }
                },
                {
                    "source": "C:\\Users\\Mudassar\\.gradle\\caches\\transforms-2\\files-2.1\\4bb36207c20871865b7b6196a54ae023\\jetified-play-services-basement-17.0.0\\res\\values-sq\\values.xml",
                    "from": {
                        "startLines": "4",
                        "startColumns": "0",
                        "startOffsets": "247",
                        "endColumns": "187",
                        "endOffsets": "434"
                    },
                    "to": {
                        "startLines": "37",
                        "startColumns": "4",
                        "startOffsets": "4020",
                        "endColumns": "187",
                        "endOffsets": "4203"
                    }
                },
                {
                    "source": "C:\\Users\\Mudassar\\.gradle\\caches\\transforms-2\\files-2.1\\222cdc43ab70d3d702638d878ca1cedb\\jetified-navigation-ui-2.1.0\\res\\values-sq\\values-sq.xml",
                    "from": {
                        "startLines": "2,3",
                        "startColumns": "4,4",
                        "startOffsets": "55,161",
                        "endColumns": "105,118",
                        "endOffsets": "156,275"
                    },
                    "to": {
                        "startLines": "48,49",
                        "startColumns": "4,4",
                        "startOffsets": "5748,5854",
                        "endColumns": "105,118",
                        "endOffsets": "5849,5968"
                    }
                },
                {
                    "source": "C:\\Users\\Mudassar\\.gradle\\caches\\transforms-2\\files-2.1\\4d90089bba98735a4773fb5da4aac47c\\jetified-play-services-places-16.0.0\\res\\values-sq\\values.xml",
                    "from": {
                        "startLines": "4,5",
                        "startColumns": "0,0",
                        "startOffsets": "193,295",
                        "endColumns": "101,90",
                        "endOffsets": "294,385"
                    },
                    "to": {
                        "startLines": "50,51",
                        "startColumns": "4,4",
                        "startOffsets": "5973,6079",
                        "endColumns": "105,94",
                        "endOffsets": "6074,6169"
                    }
                },
                {
                    "source": "C:\\Users\\Mudassar\\.gradle\\caches\\transforms-2\\files-2.1\\9350583047d9d28e7a4708239acec4f1\\jetified-firebase-messaging-20.0.0\\res\\values-sq\\values.xml",
                    "from": {
                        "startLines": "4",
                        "startColumns": "0",
                        "startOffsets": "205",
                        "endColumns": "105",
                        "endOffsets": "310"
                    },
                    "to": {
                        "startLines": "47",
                        "startColumns": "4",
                        "startOffsets": "5638",
                        "endColumns": "109",
                        "endOffsets": "5743"
                    }
                }
            ]
        }
    ]
}