{
    "logs": [
        {
            "outputFile": "D:\\1 BSCS 8TH\\CarController\\app\\build\\intermediates\\incremental\\mergeDebugResources\\merged.dir\\values-lt\\values-lt.xml",
            "map": [
                {
                    "source": "C:\\Users\\Mudassar\\.gradle\\caches\\transforms-2\\files-2.1\\222cdc43ab70d3d702638d878ca1cedb\\jetified-navigation-ui-2.1.0\\res\\values-lt\\values-lt.xml",
                    "from": {
                        "startLines": "2,3",
                        "startColumns": "4,4",
                        "startOffsets": "55,165",
                        "endColumns": "109,118",
                        "endOffsets": "160,279"
                    },
                    "to": {
                        "startLines": "50,51",
                        "startColumns": "4,4",
                        "startOffsets": "5853,5963",
                        "endColumns": "109,118",
                        "endOffsets": "5958,6077"
                    }
                },
                {
                    "source": "C:\\Users\\Mudassar\\.gradle\\caches\\transforms-2\\files-2.1\\4bb36207c20871865b7b6196a54ae023\\jetified-play-services-basement-17.0.0\\res\\values-lt\\values.xml",
                    "from": {
                        "startLines": "4",
                        "startColumns": "0",
                        "startOffsets": "247",
                        "endColumns": "217",
                        "endOffsets": "464"
                    },
                    "to": {
                        "startLines": "39",
                        "startColumns": "4",
                        "startOffsets": "4156",
                        "endColumns": "217",
                        "endOffsets": "4369"
                    }
                },
                {
                    "source": "C:\\Users\\Mudassar\\.gradle\\caches\\transforms-2\\files-2.1\\d835d2effcd8e97c306f6a50688d9a8a\\jetified-places-compat-1.0.0\\res\\values-lt\\values.xml",
                    "from": {
                        "startLines": "4,5,6,7,8,9,10,11",
                        "startColumns": "0,0,0,0,0,0,0,0",
                        "startOffsets": "184,258,328,428,492,539,604,684",
                        "endColumns": "73,69,99,63,46,64,79,52",
                        "endOffsets": "257,327,427,491,538,603,683,736"
                    },
                    "to": {
                        "startLines": "54,55,56,57,58,59,60,61",
                        "startColumns": "4,4,4,4,4,4,4,4",
                        "startOffsets": "6286,6364,6438,6542,6610,6661,6730,6814",
                        "endColumns": "77,73,103,67,50,68,83,56",
                        "endOffsets": "6359,6433,6537,6605,6656,6725,6809,6866"
                    }
                },
                {
                    "source": "C:\\Users\\Mudassar\\.gradle\\caches\\transforms-2\\files-2.1\\fc1a205467b5c433350d5b0560a1781f\\play-services-base-17.1.0\\res\\values-lt\\values.xml",
                    "from": {
                        "startLines": "4,5,6,7,8,9,10,11,12,13,14,15,16,17,18,19,20",
                        "startColumns": "0,0,0,0,0,0,0,0,0,0,0,0,0,0,0,0,0",
                        "startOffsets": "245,350,534,664,769,981,1109,1254,1385,1610,1717,1913,2045,2257,2433,2527,2619",
                        "endColumns": "104,183,129,104,211,127,144,130,224,106,195,131,211,175,93,91,114",
                        "endOffsets": "349,533,663,768,980,1108,1253,1384,1609,1716,1912,2044,2256,2432,2526,2618,2733"
                    },
                    "to": {
                        "startLines": "31,32,33,34,35,36,37,38,40,41,42,43,44,45,46,47,48",
                        "startColumns": "4,4,4,4,4,4,4,4,4,4,4,4,4,4,4,4,4",
                        "startOffsets": "2992,3101,3285,3419,3528,3740,3872,4021,4374,4599,4710,4906,5042,5254,5434,5532,5628",
                        "endColumns": "108,183,133,108,211,131,148,134,224,110,195,135,211,179,97,95,118",
                        "endOffsets": "3096,3280,3414,3523,3735,3867,4016,4151,4594,4705,4901,5037,5249,5429,5527,5623,5742"
                    }
                },
                {
                    "source": "C:\\Users\\Mudassar\\.gradle\\caches\\transforms-2\\files-2.1\\2c829cd8480f9c4cc065b3508607ae1b\\AppIntro-5.1.0\\res\\values-lt\\values-lt.xml",
                    "from": {
                        "startLines": "2,3",
                        "startColumns": "4,4",
                        "startOffsets": "55,113",
                        "endColumns": "57,59",
                        "endOffsets": "108,168"
                    },
                    "to": {
                        "startLines": "29,30",
                        "startColumns": "4,4",
                        "startOffsets": "2874,2932",
                        "endColumns": "57,59",
                        "endOffsets": "2927,2987"
                    }
                },
                {
                    "source": "C:\\Users\\Mudassar\\.gradle\\caches\\transforms-2\\files-2.1\\78e7d3f5487dbf3c8bd1a75d0d68a2a0\\appcompat-1.1.0\\res\\values-lt\\values-lt.xml",
                    "from": {
                        "startLines": "2,3,4,5,6,7,8,9,10,11,12,13,14,15,16,17,18,19,20,21,22,23,24,25,26,27,28,29",
                        "startColumns": "4,4,4,4,4,4,4,4,4,4,4,4,4,4,4,4,4,4,4,4,4,4,4,4,4,4,4,4",
                        "startOffsets": "105,221,325,438,525,627,749,832,913,1007,1102,1199,1295,1399,1495,1593,1689,1783,1877,1959,2068,2176,2276,2386,2491,2597,2773,2874",
                        "endColumns": "115,103,112,86,101,121,82,80,93,94,96,95,103,95,97,95,93,93,81,108,107,99,109,104,105,175,100,82",
                        "endOffsets": "216,320,433,520,622,744,827,908,1002,1097,1194,1290,1394,1490,1588,1684,1778,1872,1954,2063,2171,2271,2381,2486,2592,2768,2869,2952"
                    },
                    "to": {
                        "startLines": "2,3,4,5,6,7,8,9,10,11,12,13,14,15,16,17,18,19,20,21,22,23,24,25,26,27,28,62",
                        "startColumns": "4,4,4,4,4,4,4,4,4,4,4,4,4,4,4,4,4,4,4,4,4,4,4,4,4,4,4,4",
                        "startOffsets": "105,221,325,438,525,627,749,832,913,1007,1102,1199,1295,1399,1495,1593,1689,1783,1877,1959,2068,2176,2276,2386,2491,2597,2773,6871",
                        "endColumns": "115,103,112,86,101,121,82,80,93,94,96,95,103,95,97,95,93,93,81,108,107,99,109,104,105,175,100,82",
                        "endOffsets": "216,320,433,520,622,744,827,908,1002,1097,1194,1290,1394,1490,1588,1684,1778,1872,1954,2063,2171,2271,2381,2486,2592,2768,2869,6949"
                    }
                },
                {
                    "source": "C:\\Users\\Mudassar\\.gradle\\caches\\transforms-2\\files-2.1\\d7e0c950707e021378551cecb6624e83\\core-1.1.0\\res\\values-lt\\values-lt.xml",
                    "from": {
                        "startLines": "2",
                        "startColumns": "4",
                        "startOffsets": "55",
                        "endColumns": "100",
                        "endOffsets": "151"
                    },
                    "to": {
                        "startLines": "63",
                        "startColumns": "4",
                        "startOffsets": "6954",
                        "endColumns": "100",
                        "endOffsets": "7050"
                    }
                },
                {
                    "source": "C:\\Users\\Mudassar\\.gradle\\caches\\transforms-2\\files-2.1\\9350583047d9d28e7a4708239acec4f1\\jetified-firebase-messaging-20.0.0\\res\\values-lt\\values.xml",
                    "from": {
                        "startLines": "4",
                        "startColumns": "0",
                        "startOffsets": "205",
                        "endColumns": "101",
                        "endOffsets": "306"
                    },
                    "to": {
                        "startLines": "49",
                        "startColumns": "4",
                        "startOffsets": "5747",
                        "endColumns": "105",
                        "endOffsets": "5848"
                    }
                },
                {
                    "source": "C:\\Users\\Mudassar\\.gradle\\caches\\transforms-2\\files-2.1\\4d90089bba98735a4773fb5da4aac47c\\jetified-play-services-places-16.0.0\\res\\values-lt\\values.xml",
                    "from": {
                        "startLines": "4,5",
                        "startColumns": "0,0",
                        "startOffsets": "193,296",
                        "endColumns": "102,92",
                        "endOffsets": "295,388"
                    },
                    "to": {
                        "startLines": "52,53",
                        "startColumns": "4,4",
                        "startOffsets": "6082,6189",
                        "endColumns": "106,96",
                        "endOffsets": "6184,6281"
                    }
                }
            ]
        }
    ]
}