{
    "logs": [
        {
            "outputFile": "D:\\1 BSCS 8TH\\CarController\\app\\build\\intermediates\\incremental\\mergeDebugResources\\merged.dir\\values-fr-rCA\\values-fr-rCA.xml",
            "map": [
                {
                    "source": "C:\\Users\\Mudassar\\.gradle\\caches\\transforms-2\\files-2.1\\4bb36207c20871865b7b6196a54ae023\\jetified-play-services-basement-17.0.0\\res\\values-fr-rCA\\values.xml",
                    "from": {
                        "startLines": "4",
                        "startColumns": "0",
                        "startOffsets": "251",
                        "endColumns": "219",
                        "endOffsets": "470"
                    },
                    "to": {
                        "startLines": "37",
                        "startColumns": "4",
                        "startOffsets": "4076",
                        "endColumns": "219",
                        "endOffsets": "4291"
                    }
                },
                {
                    "source": "C:\\Users\\Mudassar\\.gradle\\caches\\transforms-2\\files-2.1\\222cdc43ab70d3d702638d878ca1cedb\\jetified-navigation-ui-2.1.0\\res\\values-fr-rCA\\values-fr-rCA.xml",
                    "from": {
                        "startLines": "2,3",
                        "startColumns": "4,4",
                        "startOffsets": "55,168",
                        "endColumns": "112,125",
                        "endOffsets": "163,289"
                    },
                    "to": {
                        "startLines": "48,49",
                        "startColumns": "4,4",
                        "startOffsets": "5861,5974",
                        "endColumns": "112,125",
                        "endOffsets": "5969,6095"
                    }
                },
                {
                    "source": "C:\\Users\\Mudassar\\.gradle\\caches\\transforms-2\\files-2.1\\9350583047d9d28e7a4708239acec4f1\\jetified-firebase-messaging-20.0.0\\res\\values-fr-rCA\\values.xml",
                    "from": {
                        "startLines": "4",
                        "startColumns": "0",
                        "startOffsets": "209",
                        "endColumns": "100",
                        "endOffsets": "309"
                    },
                    "to": {
                        "startLines": "47",
                        "startColumns": "4",
                        "startOffsets": "5756",
                        "endColumns": "104",
                        "endOffsets": "5856"
                    }
                },
                {
                    "source": "C:\\Users\\Mudassar\\.gradle\\caches\\transforms-2\\files-2.1\\4d90089bba98735a4773fb5da4aac47c\\jetified-play-services-places-16.0.0\\res\\values-fr-rCA\\values.xml",
                    "from": {
                        "startLines": "4,5",
                        "startColumns": "0,0",
                        "startOffsets": "197,304",
                        "endColumns": "106,95",
                        "endOffsets": "303,399"
                    },
                    "to": {
                        "startLines": "50,51",
                        "startColumns": "4,4",
                        "startOffsets": "6100,6211",
                        "endColumns": "110,99",
                        "endOffsets": "6206,6306"
                    }
                },
                {
                    "source": "C:\\Users\\Mudassar\\.gradle\\caches\\transforms-2\\files-2.1\\78e7d3f5487dbf3c8bd1a75d0d68a2a0\\appcompat-1.1.0\\res\\values-fr-rCA\\values-fr-rCA.xml",
                    "from": {
                        "startLines": "2,3,4,5,6,7,8,9,10,11,12,13,14,15,16,17,18,19,20,21,22,23,24,25,26,27,28,29",
                        "startColumns": "4,4,4,4,4,4,4,4,4,4,4,4,4,4,4,4,4,4,4,4,4,4,4,4,4,4,4,4",
                        "startOffsets": "105,216,323,433,520,626,756,841,922,1013,1105,1203,1298,1399,1492,1585,1680,1771,1862,1947,2057,2168,2271,2382,2490,2597,2756,2855",
                        "endColumns": "110,106,109,86,105,129,84,80,90,91,97,94,100,92,92,94,90,90,84,109,110,102,110,107,106,158,98,85",
                        "endOffsets": "211,318,428,515,621,751,836,917,1008,1100,1198,1293,1394,1487,1580,1675,1766,1857,1942,2052,2163,2266,2377,2485,2592,2751,2850,2936"
                    },
                    "to": {
                        "startLines": "2,3,4,5,6,7,8,9,10,11,12,13,14,15,16,17,18,19,20,21,22,23,24,25,26,27,28,60",
                        "startColumns": "4,4,4,4,4,4,4,4,4,4,4,4,4,4,4,4,4,4,4,4,4,4,4,4,4,4,4,4",
                        "startOffsets": "105,216,323,433,520,626,756,841,922,1013,1105,1203,1298,1399,1492,1585,1680,1771,1862,1947,2057,2168,2271,2382,2490,2597,2756,6902",
                        "endColumns": "110,106,109,86,105,129,84,80,90,91,97,94,100,92,92,94,90,90,84,109,110,102,110,107,106,158,98,85",
                        "endOffsets": "211,318,428,515,621,751,836,917,1008,1100,1198,1293,1394,1487,1580,1675,1766,1857,1942,2052,2163,2266,2377,2485,2592,2751,2850,6983"
                    }
                },
                {
                    "source": "C:\\Users\\Mudassar\\.gradle\\caches\\transforms-2\\files-2.1\\d835d2effcd8e97c306f6a50688d9a8a\\jetified-places-compat-1.0.0\\res\\values-fr-rCA\\values.xml",
                    "from": {
                        "startLines": "4,5,6,7,8,9,10,11",
                        "startColumns": "0,0,0,0,0,0,0,0",
                        "startOffsets": "188,266,332,422,489,535,602,696",
                        "endColumns": "77,65,89,66,45,66,93,50",
                        "endOffsets": "265,331,421,488,534,601,695,746"
                    },
                    "to": {
                        "startLines": "52,53,54,55,56,57,58,59",
                        "startColumns": "4,4,4,4,4,4,4,4",
                        "startOffsets": "6311,6393,6463,6557,6628,6678,6749,6847",
                        "endColumns": "81,69,93,70,49,70,97,54",
                        "endOffsets": "6388,6458,6552,6623,6673,6744,6842,6897"
                    }
                },
                {
                    "source": "C:\\Users\\Mudassar\\.gradle\\caches\\transforms-2\\files-2.1\\d7e0c950707e021378551cecb6624e83\\core-1.1.0\\res\\values-fr-rCA\\values-fr-rCA.xml",
                    "from": {
                        "startLines": "2",
                        "startColumns": "4",
                        "startOffsets": "55",
                        "endColumns": "100",
                        "endOffsets": "151"
                    },
                    "to": {
                        "startLines": "61",
                        "startColumns": "4",
                        "startOffsets": "6988",
                        "endColumns": "100",
                        "endOffsets": "7084"
                    }
                },
                {
                    "source": "C:\\Users\\Mudassar\\.gradle\\caches\\transforms-2\\files-2.1\\fc1a205467b5c433350d5b0560a1781f\\play-services-base-17.1.0\\res\\values-fr-rCA\\values.xml",
                    "from": {
                        "startLines": "4,5,6,7,8,9,10,11,12,13,14,15,16,17,18,19,20",
                        "startColumns": "0,0,0,0,0,0,0,0,0,0,0,0,0,0,0,0,0",
                        "startOffsets": "249,353,565,693,800,1030,1161,1308,1446,1700,1810,2026,2160,2379,2584,2683,2773",
                        "endColumns": "103,211,127,106,229,130,146,137,253,109,215,133,218,204,98,89,108",
                        "endOffsets": "352,564,692,799,1029,1160,1307,1445,1699,1809,2025,2159,2378,2583,2682,2772,2881"
                    },
                    "to": {
                        "startLines": "29,30,31,32,33,34,35,36,38,39,40,41,42,43,44,45,46",
                        "startColumns": "4,4,4,4,4,4,4,4,4,4,4,4,4,4,4,4,4",
                        "startOffsets": "2855,2963,3175,3307,3418,3648,3783,3934,4296,4550,4664,4880,5018,5237,5446,5549,5643",
                        "endColumns": "107,211,131,110,229,134,150,141,253,113,215,137,218,208,102,93,112",
                        "endOffsets": "2958,3170,3302,3413,3643,3778,3929,4071,4545,4659,4875,5013,5232,5441,5544,5638,5751"
                    }
                }
            ]
        }
    ]
}