{
    "logs": [
        {
            "outputFile": "D:\\1 BSCS 8TH\\CarController\\app\\build\\intermediates\\incremental\\mergeDebugResources\\merged.dir\\values-bn\\values-bn.xml",
            "map": [
                {
                    "source": "C:\\Users\\Mudassar\\.gradle\\caches\\transforms-2\\files-2.1\\4bb36207c20871865b7b6196a54ae023\\jetified-play-services-basement-17.0.0\\res\\values-bn\\values.xml",
                    "from": {
                        "startLines": "4",
                        "startColumns": "0",
                        "startOffsets": "247",
                        "endColumns": "210",
                        "endOffsets": "457"
                    },
                    "to": {
                        "startLines": "37",
                        "startColumns": "4",
                        "startOffsets": "3975",
                        "endColumns": "210",
                        "endOffsets": "4181"
                    }
                },
                {
                    "source": "C:\\Users\\Mudassar\\.gradle\\caches\\transforms-2\\files-2.1\\d835d2effcd8e97c306f6a50688d9a8a\\jetified-places-compat-1.0.0\\res\\values-bn\\values.xml",
                    "from": {
                        "startLines": "4,5,6,7,8,9,10,11",
                        "startColumns": "0,0,0,0,0,0,0,0",
                        "startOffsets": "184,253,320,413,476,525,597,674",
                        "endColumns": "68,66,92,62,48,71,76,50",
                        "endOffsets": "252,319,412,475,524,596,673,724"
                    },
                    "to": {
                        "startLines": "52,53,54,55,56,57,58,59",
                        "startColumns": "4,4,4,4,4,4,4,4",
                        "startOffsets": "6033,6106,6177,6274,6341,6394,6470,6551",
                        "endColumns": "72,70,96,66,52,75,80,54",
                        "endOffsets": "6101,6172,6269,6336,6389,6465,6546,6601"
                    }
                },
                {
                    "source": "C:\\Users\\Mudassar\\.gradle\\caches\\transforms-2\\files-2.1\\fc1a205467b5c433350d5b0560a1781f\\play-services-base-17.1.0\\res\\values-bn\\values.xml",
                    "from": {
                        "startLines": "4,5,6,7,8,9,10,11,12,13,14,15,16,17,18,19,20",
                        "startColumns": "0,0,0,0,0,0,0,0,0,0,0,0,0,0,0,0,0",
                        "startOffsets": "245,352,543,669,778,974,1094,1232,1361,1565,1672,1859,1985,2178,2352,2438,2531",
                        "endColumns": "106,190,125,108,195,119,137,128,203,106,186,125,192,173,85,92,114",
                        "endOffsets": "351,542,668,777,973,1093,1231,1360,1564,1671,1858,1984,2177,2351,2437,2530,2645"
                    },
                    "to": {
                        "startLines": "29,30,31,32,33,34,35,36,38,39,40,41,42,43,44,45,46",
                        "startColumns": "4,4,4,4,4,4,4,4,4,4,4,4,4,4,4,4,4",
                        "startOffsets": "2835,2946,3137,3267,3380,3576,3700,3842,4186,4390,4501,4688,4818,5011,5189,5279,5376",
                        "endColumns": "110,190,129,112,195,123,141,132,203,110,186,129,192,177,89,96,118",
                        "endOffsets": "2941,3132,3262,3375,3571,3695,3837,3970,4385,4496,4683,4813,5006,5184,5274,5371,5490"
                    }
                },
                {
                    "source": "C:\\Users\\Mudassar\\.gradle\\caches\\transforms-2\\files-2.1\\78e7d3f5487dbf3c8bd1a75d0d68a2a0\\appcompat-1.1.0\\res\\values-bn\\values-bn.xml",
                    "from": {
                        "startLines": "2,3,4,5,6,7,8,9,10,11,12,13,14,15,16,17,18,19,20,21,22,23,24,25,26,27,28,29",
                        "startColumns": "4,4,4,4,4,4,4,4,4,4,4,4,4,4,4,4,4,4,4,4,4,4,4,4,4,4,4,4",
                        "startOffsets": "105,213,319,425,514,619,740,823,906,997,1089,1183,1277,1378,1471,1566,1660,1751,1842,1927,2037,2141,2244,2352,2460,2565,2730,2835",
                        "endColumns": "107,105,105,88,104,120,82,82,90,91,93,93,100,92,94,93,90,90,84,109,103,102,107,107,104,164,104,85",
                        "endOffsets": "208,314,420,509,614,735,818,901,992,1084,1178,1272,1373,1466,1561,1655,1746,1837,1922,2032,2136,2239,2347,2455,2560,2725,2830,2916"
                    },
                    "to": {
                        "startLines": "2,3,4,5,6,7,8,9,10,11,12,13,14,15,16,17,18,19,20,21,22,23,24,25,26,27,28,60",
                        "startColumns": "4,4,4,4,4,4,4,4,4,4,4,4,4,4,4,4,4,4,4,4,4,4,4,4,4,4,4,4",
                        "startOffsets": "105,213,319,425,514,619,740,823,906,997,1089,1183,1277,1378,1471,1566,1660,1751,1842,1927,2037,2141,2244,2352,2460,2565,2730,6606",
                        "endColumns": "107,105,105,88,104,120,82,82,90,91,93,93,100,92,94,93,90,90,84,109,103,102,107,107,104,164,104,85",
                        "endOffsets": "208,314,420,509,614,735,818,901,992,1084,1178,1272,1373,1466,1561,1655,1746,1837,1922,2032,2136,2239,2347,2455,2560,2725,2830,6687"
                    }
                },
                {
                    "source": "C:\\Users\\Mudassar\\.gradle\\caches\\transforms-2\\files-2.1\\222cdc43ab70d3d702638d878ca1cedb\\jetified-navigation-ui-2.1.0\\res\\values-bn\\values-bn.xml",
                    "from": {
                        "startLines": "2,3",
                        "startColumns": "4,4",
                        "startOffsets": "55,167",
                        "endColumns": "111,116",
                        "endOffsets": "162,279"
                    },
                    "to": {
                        "startLines": "48,49",
                        "startColumns": "4,4",
                        "startOffsets": "5599,5711",
                        "endColumns": "111,116",
                        "endOffsets": "5706,5823"
                    }
                },
                {
                    "source": "C:\\Users\\Mudassar\\.gradle\\caches\\transforms-2\\files-2.1\\9350583047d9d28e7a4708239acec4f1\\jetified-firebase-messaging-20.0.0\\res\\values-bn\\values.xml",
                    "from": {
                        "startLines": "4",
                        "startColumns": "0",
                        "startOffsets": "205",
                        "endColumns": "99",
                        "endOffsets": "304"
                    },
                    "to": {
                        "startLines": "47",
                        "startColumns": "4",
                        "startOffsets": "5495",
                        "endColumns": "103",
                        "endOffsets": "5594"
                    }
                },
                {
                    "source": "C:\\Users\\Mudassar\\.gradle\\caches\\transforms-2\\files-2.1\\4d90089bba98735a4773fb5da4aac47c\\jetified-play-services-places-16.0.0\\res\\values-bn\\values.xml",
                    "from": {
                        "startLines": "4,5",
                        "startColumns": "0,0",
                        "startOffsets": "193,298",
                        "endColumns": "104,91",
                        "endOffsets": "297,389"
                    },
                    "to": {
                        "startLines": "50,51",
                        "startColumns": "4,4",
                        "startOffsets": "5828,5937",
                        "endColumns": "108,95",
                        "endOffsets": "5932,6028"
                    }
                },
                {
                    "source": "C:\\Users\\Mudassar\\.gradle\\caches\\transforms-2\\files-2.1\\d7e0c950707e021378551cecb6624e83\\core-1.1.0\\res\\values-bn\\values-bn.xml",
                    "from": {
                        "startLines": "2",
                        "startColumns": "4",
                        "startOffsets": "55",
                        "endColumns": "100",
                        "endOffsets": "151"
                    },
                    "to": {
                        "startLines": "61",
                        "startColumns": "4",
                        "startOffsets": "6692",
                        "endColumns": "100",
                        "endOffsets": "6788"
                    }
                }
            ]
        }
    ]
}