{
    "logs": [
        {
            "outputFile": "D:\\1 BSCS 8TH\\CarController\\app\\build\\intermediates\\incremental\\mergeDebugResources\\merged.dir\\values-et\\values-et.xml",
            "map": [
                {
                    "source": "C:\\Users\\Mudassar\\.gradle\\caches\\transforms-2\\files-2.1\\9350583047d9d28e7a4708239acec4f1\\jetified-firebase-messaging-20.0.0\\res\\values-et\\values.xml",
                    "from": {
                        "startLines": "4",
                        "startColumns": "0",
                        "startOffsets": "205",
                        "endColumns": "97",
                        "endOffsets": "302"
                    },
                    "to": {
                        "startLines": "47",
                        "startColumns": "4",
                        "startOffsets": "5534",
                        "endColumns": "101",
                        "endOffsets": "5631"
                    }
                },
                {
                    "source": "C:\\Users\\Mudassar\\.gradle\\caches\\transforms-2\\files-2.1\\222cdc43ab70d3d702638d878ca1cedb\\jetified-navigation-ui-2.1.0\\res\\values-et\\values-et.xml",
                    "from": {
                        "startLines": "2,3",
                        "startColumns": "4,4",
                        "startOffsets": "55,164",
                        "endColumns": "108,120",
                        "endOffsets": "159,280"
                    },
                    "to": {
                        "startLines": "48,49",
                        "startColumns": "4,4",
                        "startOffsets": "5636,5745",
                        "endColumns": "108,120",
                        "endOffsets": "5740,5861"
                    }
                },
                {
                    "source": "C:\\Users\\Mudassar\\.gradle\\caches\\transforms-2\\files-2.1\\d7e0c950707e021378551cecb6624e83\\core-1.1.0\\res\\values-et\\values-et.xml",
                    "from": {
                        "startLines": "2",
                        "startColumns": "4",
                        "startOffsets": "55",
                        "endColumns": "100",
                        "endOffsets": "151"
                    },
                    "to": {
                        "startLines": "61",
                        "startColumns": "4",
                        "startOffsets": "6746",
                        "endColumns": "100",
                        "endOffsets": "6842"
                    }
                },
                {
                    "source": "C:\\Users\\Mudassar\\.gradle\\caches\\transforms-2\\files-2.1\\78e7d3f5487dbf3c8bd1a75d0d68a2a0\\appcompat-1.1.0\\res\\values-et\\values-et.xml",
                    "from": {
                        "startLines": "2,3,4,5,6,7,8,9,10,11,12,13,14,15,16,17,18,19,20,21,22,23,24,25,26,27,28,29",
                        "startColumns": "4,4,4,4,4,4,4,4,4,4,4,4,4,4,4,4,4,4,4,4,4,4,4,4,4,4,4,4",
                        "startOffsets": "105,211,310,421,507,609,726,807,885,977,1070,1166,1268,1378,1472,1573,1667,1759,1852,1934,2045,2149,2248,2358,2460,2559,2725,2827",
                        "endColumns": "105,98,110,85,101,116,80,77,91,92,95,101,109,93,100,93,91,92,81,110,103,98,109,101,98,165,101,81",
                        "endOffsets": "206,305,416,502,604,721,802,880,972,1065,1161,1263,1373,1467,1568,1662,1754,1847,1929,2040,2144,2243,2353,2455,2554,2720,2822,2904"
                    },
                    "to": {
                        "startLines": "2,3,4,5,6,7,8,9,10,11,12,13,14,15,16,17,18,19,20,21,22,23,24,25,26,27,28,60",
                        "startColumns": "4,4,4,4,4,4,4,4,4,4,4,4,4,4,4,4,4,4,4,4,4,4,4,4,4,4,4,4",
                        "startOffsets": "105,211,310,421,507,609,726,807,885,977,1070,1166,1268,1378,1472,1573,1667,1759,1852,1934,2045,2149,2248,2358,2460,2559,2725,6664",
                        "endColumns": "105,98,110,85,101,116,80,77,91,92,95,101,109,93,100,93,91,92,81,110,103,98,109,101,98,165,101,81",
                        "endOffsets": "206,305,416,502,604,721,802,880,972,1065,1161,1263,1373,1467,1568,1662,1754,1847,1929,2040,2144,2243,2353,2455,2554,2720,2822,6741"
                    }
                },
                {
                    "source": "C:\\Users\\Mudassar\\.gradle\\caches\\transforms-2\\files-2.1\\4d90089bba98735a4773fb5da4aac47c\\jetified-play-services-places-16.0.0\\res\\values-et\\values.xml",
                    "from": {
                        "startLines": "4,5",
                        "startColumns": "0,0",
                        "startOffsets": "193,299",
                        "endColumns": "105,91",
                        "endOffsets": "298,390"
                    },
                    "to": {
                        "startLines": "50,51",
                        "startColumns": "4,4",
                        "startOffsets": "5866,5976",
                        "endColumns": "109,95",
                        "endOffsets": "5971,6067"
                    }
                },
                {
                    "source": "C:\\Users\\Mudassar\\.gradle\\caches\\transforms-2\\files-2.1\\fc1a205467b5c433350d5b0560a1781f\\play-services-base-17.1.0\\res\\values-et\\values.xml",
                    "from": {
                        "startLines": "4,5,6,7,8,9,10,11,12,13,14,15,16,17,18,19,20",
                        "startColumns": "0,0,0,0,0,0,0,0,0,0,0,0,0,0,0,0,0",
                        "startOffsets": "245,346,540,665,771,980,1107,1249,1377,1596,1702,1897,2027,2241,2412,2501,2592",
                        "endColumns": "100,193,124,105,208,126,141,127,218,105,194,129,213,170,88,90,112",
                        "endOffsets": "345,539,664,770,979,1106,1248,1376,1595,1701,1896,2026,2240,2411,2500,2591,2704"
                    },
                    "to": {
                        "startLines": "29,30,31,32,33,34,35,36,38,39,40,41,42,43,44,45,46",
                        "startColumns": "4,4,4,4,4,4,4,4,4,4,4,4,4,4,4,4,4",
                        "startOffsets": "2827,2932,3126,3255,3365,3574,3705,3851,4182,4401,4511,4706,4840,5054,5229,5322,5417",
                        "endColumns": "104,193,128,109,208,130,145,131,218,109,194,133,213,174,92,94,116",
                        "endOffsets": "2927,3121,3250,3360,3569,3700,3846,3978,4396,4506,4701,4835,5049,5224,5317,5412,5529"
                    }
                },
                {
                    "source": "C:\\Users\\Mudassar\\.gradle\\caches\\transforms-2\\files-2.1\\d835d2effcd8e97c306f6a50688d9a8a\\jetified-places-compat-1.0.0\\res\\values-et\\values.xml",
                    "from": {
                        "startLines": "4,5,6,7,8,9,10,11",
                        "startColumns": "0,0,0,0,0,0,0,0",
                        "startOffsets": "184,257,321,427,490,536,613,689",
                        "endColumns": "72,63,105,62,45,76,75,54",
                        "endOffsets": "256,320,426,489,535,612,688,743"
                    },
                    "to": {
                        "startLines": "52,53,54,55,56,57,58,59",
                        "startColumns": "4,4,4,4,4,4,4,4",
                        "startOffsets": "6072,6149,6217,6327,6394,6444,6525,6605",
                        "endColumns": "76,67,109,66,49,80,79,58",
                        "endOffsets": "6144,6212,6322,6389,6439,6520,6600,6659"
                    }
                },
                {
                    "source": "C:\\Users\\Mudassar\\.gradle\\caches\\transforms-2\\files-2.1\\4bb36207c20871865b7b6196a54ae023\\jetified-play-services-basement-17.0.0\\res\\values-et\\values.xml",
                    "from": {
                        "startLines": "4",
                        "startColumns": "0",
                        "startOffsets": "247",
                        "endColumns": "198",
                        "endOffsets": "445"
                    },
                    "to": {
                        "startLines": "37",
                        "startColumns": "4",
                        "startOffsets": "3983",
                        "endColumns": "198",
                        "endOffsets": "4177"
                    }
                }
            ]
        }
    ]
}