{
    "logs": [
        {
            "outputFile": "D:\\1 BSCS 8TH\\CarController\\app\\build\\intermediates\\incremental\\mergeDebugResources\\merged.dir\\values-ro\\values-ro.xml",
            "map": [
                {
                    "source": "C:\\Users\\Mudassar\\.gradle\\caches\\transforms-2\\files-2.1\\4bb36207c20871865b7b6196a54ae023\\jetified-play-services-basement-17.0.0\\res\\values-ro\\values.xml",
                    "from": {
                        "startLines": "4",
                        "startColumns": "0",
                        "startOffsets": "247",
                        "endColumns": "203",
                        "endOffsets": "450"
                    },
                    "to": {
                        "startLines": "37",
                        "startColumns": "4",
                        "startOffsets": "4029",
                        "endColumns": "203",
                        "endOffsets": "4228"
                    }
                },
                {
                    "source": "C:\\Users\\Mudassar\\.gradle\\caches\\transforms-2\\files-2.1\\d7e0c950707e021378551cecb6624e83\\core-1.1.0\\res\\values-ro\\values-ro.xml",
                    "from": {
                        "startLines": "2",
                        "startColumns": "4",
                        "startOffsets": "55",
                        "endColumns": "100",
                        "endOffsets": "151"
                    },
                    "to": {
                        "startLines": "77",
                        "startColumns": "4",
                        "startOffsets": "8033",
                        "endColumns": "100",
                        "endOffsets": "8129"
                    }
                },
                {
                    "source": "C:\\Users\\Mudassar\\.gradle\\caches\\transforms-2\\files-2.1\\78e7d3f5487dbf3c8bd1a75d0d68a2a0\\appcompat-1.1.0\\res\\values-ro\\values-ro.xml",
                    "from": {
                        "startLines": "2,3,4,5,6,7,8,9,10,11,12,13,14,15,16,17,18,19,20,21,22,23,24,25,26,27,28,29",
                        "startColumns": "4,4,4,4,4,4,4,4,4,4,4,4,4,4,4,4,4,4,4,4,4,4,4,4,4,4,4,4",
                        "startOffsets": "105,226,330,443,527,631,752,837,918,1009,1101,1196,1290,1391,1484,1579,1673,1764,1856,1938,2050,2158,2258,2372,2478,2584,2748,2851",
                        "endColumns": "120,103,112,83,103,120,84,80,90,91,94,93,100,92,94,93,90,91,81,111,107,99,113,105,105,163,102,82",
                        "endOffsets": "221,325,438,522,626,747,832,913,1004,1096,1191,1285,1386,1479,1574,1668,1759,1851,1933,2045,2153,2253,2367,2473,2579,2743,2846,2929"
                    },
                    "to": {
                        "startLines": "2,3,4,5,6,7,8,9,10,11,12,13,14,15,16,17,18,19,20,21,22,23,24,25,26,27,28,76",
                        "startColumns": "4,4,4,4,4,4,4,4,4,4,4,4,4,4,4,4,4,4,4,4,4,4,4,4,4,4,4,4",
                        "startOffsets": "105,226,330,443,527,631,752,837,918,1009,1101,1196,1290,1391,1484,1579,1673,1764,1856,1938,2050,2158,2258,2372,2478,2584,2748,7950",
                        "endColumns": "120,103,112,83,103,120,84,80,90,91,94,93,100,92,94,93,90,91,81,111,107,99,113,105,105,163,102,82",
                        "endOffsets": "221,325,438,522,626,747,832,913,1004,1096,1191,1285,1386,1479,1574,1668,1759,1851,1933,2045,2153,2253,2367,2473,2579,2743,2846,8028"
                    }
                },
                {
                    "source": "C:\\Users\\Mudassar\\.gradle\\caches\\transforms-2\\files-2.1\\fc1a205467b5c433350d5b0560a1781f\\play-services-base-17.1.0\\res\\values-ro\\values.xml",
                    "from": {
                        "startLines": "4,5,6,7,8,9,10,11,12,13,14,15,16,17,18,19,20",
                        "startColumns": "0,0,0,0,0,0,0,0,0,0,0,0,0,0,0,0,0",
                        "startOffsets": "245,350,542,669,776,986,1116,1265,1399,1620,1728,1918,2048,2253,2445,2542,2635",
                        "endColumns": "104,191,126,106,209,129,148,133,220,107,189,129,204,191,96,92,106",
                        "endOffsets": "349,541,668,775,985,1115,1264,1398,1619,1727,1917,2047,2252,2444,2541,2634,2741"
                    },
                    "to": {
                        "startLines": "29,30,31,32,33,34,35,36,38,39,40,41,42,43,44,45,46",
                        "startColumns": "4,4,4,4,4,4,4,4,4,4,4,4,4,4,4,4,4",
                        "startOffsets": "2851,2960,3152,3283,3394,3604,3738,3891,4233,4454,4566,4756,4890,5095,5291,5392,5489",
                        "endColumns": "108,191,130,110,209,133,152,137,220,111,189,133,204,195,100,96,110",
                        "endOffsets": "2955,3147,3278,3389,3599,3733,3886,4024,4449,4561,4751,4885,5090,5286,5387,5484,5595"
                    }
                },
                {
                    "source": "C:\\Users\\Mudassar\\.gradle\\caches\\transforms-2\\files-2.1\\331a29bf788a80d77947dedb12eb153f\\imagepicker-2.0.0\\res\\values-ro\\values-ro.xml",
                    "from": {
                        "startLines": "2,3,4,5,6,7,8,9,10,11,12,13,14,15,16,17",
                        "startColumns": "4,4,4,4,4,4,4,4,4,4,4,4,4,4,4,4",
                        "startOffsets": "55,100,145,226,302,376,446,515,602,728,861,898,1024,1077,1148,1199",
                        "endColumns": "44,44,80,75,73,69,68,86,125,132,36,125,52,70,50,83",
                        "endOffsets": "95,140,221,297,371,441,510,597,723,856,893,1019,1072,1143,1194,1278"
                    },
                    "to": {
                        "startLines": "47,48,49,50,51,52,53,54,55,56,57,58,59,60,61,62",
                        "startColumns": "4,4,4,4,4,4,4,4,4,4,4,4,4,4,4,4",
                        "startOffsets": "5600,5645,5690,5771,5847,5921,5991,6060,6147,6273,6406,6443,6569,6622,6693,6744",
                        "endColumns": "44,44,80,75,73,69,68,86,125,132,36,125,52,70,50,83",
                        "endOffsets": "5640,5685,5766,5842,5916,5986,6055,6142,6268,6401,6438,6564,6617,6688,6739,6823"
                    }
                },
                {
                    "source": "C:\\Users\\Mudassar\\.gradle\\caches\\transforms-2\\files-2.1\\222cdc43ab70d3d702638d878ca1cedb\\jetified-navigation-ui-2.1.0\\res\\values-ro\\values-ro.xml",
                    "from": {
                        "startLines": "2,3",
                        "startColumns": "4,4",
                        "startOffsets": "55,165",
                        "endColumns": "109,123",
                        "endOffsets": "160,284"
                    },
                    "to": {
                        "startLines": "64,65",
                        "startColumns": "4,4",
                        "startOffsets": "6934,7044",
                        "endColumns": "109,123",
                        "endOffsets": "7039,7163"
                    }
                },
                {
                    "source": "C:\\Users\\Mudassar\\.gradle\\caches\\transforms-2\\files-2.1\\4d90089bba98735a4773fb5da4aac47c\\jetified-play-services-places-16.0.0\\res\\values-ro\\values.xml",
                    "from": {
                        "startLines": "4,5",
                        "startColumns": "0,0",
                        "startOffsets": "193,297",
                        "endColumns": "103,92",
                        "endOffsets": "296,389"
                    },
                    "to": {
                        "startLines": "66,67",
                        "startColumns": "4,4",
                        "startOffsets": "7168,7276",
                        "endColumns": "107,96",
                        "endOffsets": "7271,7368"
                    }
                },
                {
                    "source": "C:\\Users\\Mudassar\\.gradle\\caches\\transforms-2\\files-2.1\\9350583047d9d28e7a4708239acec4f1\\jetified-firebase-messaging-20.0.0\\res\\values-ro\\values.xml",
                    "from": {
                        "startLines": "4",
                        "startColumns": "0",
                        "startOffsets": "205",
                        "endColumns": "101",
                        "endOffsets": "306"
                    },
                    "to": {
                        "startLines": "63",
                        "startColumns": "4",
                        "startOffsets": "6828",
                        "endColumns": "105",
                        "endOffsets": "6929"
                    }
                },
                {
                    "source": "C:\\Users\\Mudassar\\.gradle\\caches\\transforms-2\\files-2.1\\d835d2effcd8e97c306f6a50688d9a8a\\jetified-places-compat-1.0.0\\res\\values-ro\\values.xml",
                    "from": {
                        "startLines": "4,5,6,7,8,9,10,11",
                        "startColumns": "0,0,0,0,0,0,0,0",
                        "startOffsets": "184,259,327,420,484,530,596,676",
                        "endColumns": "74,67,92,63,45,65,79,52",
                        "endOffsets": "258,326,419,483,529,595,675,728"
                    },
                    "to": {
                        "startLines": "68,69,70,71,72,73,74,75",
                        "startColumns": "4,4,4,4,4,4,4,4",
                        "startOffsets": "7373,7452,7524,7621,7689,7739,7809,7893",
                        "endColumns": "78,71,96,67,49,69,83,56",
                        "endOffsets": "7447,7519,7616,7684,7734,7804,7888,7945"
                    }
                }
            ]
        }
    ]
}