{
    "logs": [
        {
            "outputFile": "D:\\1 BSCS 8TH\\CarController\\app\\build\\intermediates\\incremental\\mergeDebugResources\\merged.dir\\values-pt-rPT\\values-pt-rPT.xml",
            "map": [
                {
                    "source": "C:\\Users\\Mudassar\\.gradle\\caches\\transforms-2\\files-2.1\\d835d2effcd8e97c306f6a50688d9a8a\\jetified-places-compat-1.0.0\\res\\values-pt-rPT\\values.xml",
                    "from": {
                        "startLines": "4,5,6,7,8,9,10,11",
                        "startColumns": "0,0,0,0,0,0,0,0",
                        "startOffsets": "188,261,329,438,504,551,622,717",
                        "endColumns": "72,67,108,65,46,70,94,48",
                        "endOffsets": "260,328,437,503,550,621,716,765"
                    },
                    "to": {
                        "startLines": "52,53,54,55,56,57,58,59",
                        "startColumns": "4,4,4,4,4,4,4,4",
                        "startOffsets": "6215,6292,6364,6477,6547,6598,6673,6772",
                        "endColumns": "76,71,112,69,50,74,98,52",
                        "endOffsets": "6287,6359,6472,6542,6593,6668,6767,6820"
                    }
                },
                {
                    "source": "C:\\Users\\Mudassar\\.gradle\\caches\\transforms-2\\files-2.1\\78e7d3f5487dbf3c8bd1a75d0d68a2a0\\appcompat-1.1.0\\res\\values-pt-rPT\\values-pt-rPT.xml",
                    "from": {
                        "startLines": "2,3,4,5,6,7,8,9,10,11,12,13,14,15,16,17,18,19,20,21,22,23,24,25,26,27,28,29",
                        "startColumns": "4,4,4,4,4,4,4,4,4,4,4,4,4,4,4,4,4,4,4,4,4,4,4,4,4,4,4,4",
                        "startOffsets": "105,213,319,426,515,616,740,825,906,998,1091,1188,1282,1382,1476,1572,1667,1759,1851,1935,2042,2153,2255,2363,2471,2578,2749,2848",
                        "endColumns": "107,105,106,88,100,123,84,80,91,92,96,93,99,93,95,94,91,91,83,106,110,101,107,107,106,170,98,84",
                        "endOffsets": "208,314,421,510,611,735,820,901,993,1086,1183,1277,1377,1471,1567,1662,1754,1846,1930,2037,2148,2250,2358,2466,2573,2744,2843,2928"
                    },
                    "to": {
                        "startLines": "2,3,4,5,6,7,8,9,10,11,12,13,14,15,16,17,18,19,20,21,22,23,24,25,26,27,28,60",
                        "startColumns": "4,4,4,4,4,4,4,4,4,4,4,4,4,4,4,4,4,4,4,4,4,4,4,4,4,4,4,4",
                        "startOffsets": "105,213,319,426,515,616,740,825,906,998,1091,1188,1282,1382,1476,1572,1667,1759,1851,1935,2042,2153,2255,2363,2471,2578,2749,6825",
                        "endColumns": "107,105,106,88,100,123,84,80,91,92,96,93,99,93,95,94,91,91,83,106,110,101,107,107,106,170,98,84",
                        "endOffsets": "208,314,421,510,611,735,820,901,993,1086,1183,1277,1377,1471,1567,1662,1754,1846,1930,2037,2148,2250,2358,2466,2573,2744,2843,6905"
                    }
                },
                {
                    "source": "C:\\Users\\Mudassar\\.gradle\\caches\\transforms-2\\files-2.1\\9350583047d9d28e7a4708239acec4f1\\jetified-firebase-messaging-20.0.0\\res\\values-pt-rPT\\values.xml",
                    "from": {
                        "startLines": "4",
                        "startColumns": "0",
                        "startOffsets": "209",
                        "endColumns": "102",
                        "endOffsets": "311"
                    },
                    "to": {
                        "startLines": "47",
                        "startColumns": "4",
                        "startOffsets": "5671",
                        "endColumns": "106",
                        "endOffsets": "5773"
                    }
                },
                {
                    "source": "C:\\Users\\Mudassar\\.gradle\\caches\\transforms-2\\files-2.1\\4bb36207c20871865b7b6196a54ae023\\jetified-play-services-basement-17.0.0\\res\\values-pt-rPT\\values.xml",
                    "from": {
                        "startLines": "4",
                        "startColumns": "0",
                        "startOffsets": "251",
                        "endColumns": "203",
                        "endOffsets": "454"
                    },
                    "to": {
                        "startLines": "37",
                        "startColumns": "4",
                        "startOffsets": "4037",
                        "endColumns": "203",
                        "endOffsets": "4236"
                    }
                },
                {
                    "source": "C:\\Users\\Mudassar\\.gradle\\caches\\transforms-2\\files-2.1\\222cdc43ab70d3d702638d878ca1cedb\\jetified-navigation-ui-2.1.0\\res\\values-pt-rPT\\values-pt-rPT.xml",
                    "from": {
                        "startLines": "2,3",
                        "startColumns": "4,4",
                        "startOffsets": "55,167",
                        "endColumns": "111,119",
                        "endOffsets": "162,282"
                    },
                    "to": {
                        "startLines": "48,49",
                        "startColumns": "4,4",
                        "startOffsets": "5778,5890",
                        "endColumns": "111,119",
                        "endOffsets": "5885,6005"
                    }
                },
                {
                    "source": "C:\\Users\\Mudassar\\.gradle\\caches\\transforms-2\\files-2.1\\4d90089bba98735a4773fb5da4aac47c\\jetified-play-services-places-16.0.0\\res\\values-pt-rPT\\values.xml",
                    "from": {
                        "startLines": "4,5",
                        "startColumns": "0,0",
                        "startOffsets": "197,299",
                        "endColumns": "101,94",
                        "endOffsets": "298,393"
                    },
                    "to": {
                        "startLines": "50,51",
                        "startColumns": "4,4",
                        "startOffsets": "6010,6116",
                        "endColumns": "105,98",
                        "endOffsets": "6111,6210"
                    }
                },
                {
                    "source": "C:\\Users\\Mudassar\\.gradle\\caches\\transforms-2\\files-2.1\\fc1a205467b5c433350d5b0560a1781f\\play-services-base-17.1.0\\res\\values-pt-rPT\\values.xml",
                    "from": {
                        "startLines": "4,5,6,7,8,9,10,11,12,13,14,15,16,17,18,19,20",
                        "startColumns": "0,0,0,0,0,0,0,0,0,0,0,0,0,0,0,0,0",
                        "startOffsets": "249,352,547,673,779,1006,1132,1280,1414,1661,1767,1968,2097,2315,2519,2613,2708",
                        "endColumns": "102,194,125,105,226,125,147,133,246,105,200,128,217,203,93,94,111",
                        "endOffsets": "351,546,672,778,1005,1131,1279,1413,1660,1766,1967,2096,2314,2518,2612,2707,2819"
                    },
                    "to": {
                        "startLines": "29,30,31,32,33,34,35,36,38,39,40,41,42,43,44,45,46",
                        "startColumns": "4,4,4,4,4,4,4,4,4,4,4,4,4,4,4,4,4",
                        "startOffsets": "2848,2955,3150,3280,3390,3617,3747,3899,4241,4488,4598,4799,4932,5150,5358,5456,5555",
                        "endColumns": "106,194,129,109,226,129,151,137,246,109,200,132,217,207,97,98,115",
                        "endOffsets": "2950,3145,3275,3385,3612,3742,3894,4032,4483,4593,4794,4927,5145,5353,5451,5550,5666"
                    }
                },
                {
                    "source": "C:\\Users\\Mudassar\\.gradle\\caches\\transforms-2\\files-2.1\\d7e0c950707e021378551cecb6624e83\\core-1.1.0\\res\\values-pt-rPT\\values-pt-rPT.xml",
                    "from": {
                        "startLines": "2",
                        "startColumns": "4",
                        "startOffsets": "55",
                        "endColumns": "100",
                        "endOffsets": "151"
                    },
                    "to": {
                        "startLines": "61",
                        "startColumns": "4",
                        "startOffsets": "6910",
                        "endColumns": "100",
                        "endOffsets": "7006"
                    }
                }
            ]
        }
    ]
}