{
    "logs": [
        {
            "outputFile": "D:\\1 BSCS 8TH\\CarController\\app\\build\\intermediates\\incremental\\mergeDebugResources\\merged.dir\\values-kk\\values-kk.xml",
            "map": [
                {
                    "source": "C:\\Users\\Mudassar\\.gradle\\caches\\transforms-2\\files-2.1\\4bb36207c20871865b7b6196a54ae023\\jetified-play-services-basement-17.0.0\\res\\values-kk\\values.xml",
                    "from": {
                        "startLines": "4",
                        "startColumns": "0",
                        "startOffsets": "247",
                        "endColumns": "222",
                        "endOffsets": "469"
                    },
                    "to": {
                        "startLines": "37",
                        "startColumns": "4",
                        "startOffsets": "3940",
                        "endColumns": "222",
                        "endOffsets": "4158"
                    }
                },
                {
                    "source": "C:\\Users\\Mudassar\\.gradle\\caches\\transforms-2\\files-2.1\\222cdc43ab70d3d702638d878ca1cedb\\jetified-navigation-ui-2.1.0\\res\\values-kk\\values-kk.xml",
                    "from": {
                        "startLines": "2,3",
                        "startColumns": "4,4",
                        "startOffsets": "55,168",
                        "endColumns": "112,117",
                        "endOffsets": "163,281"
                    },
                    "to": {
                        "startLines": "48,49",
                        "startColumns": "4,4",
                        "startOffsets": "5605,5718",
                        "endColumns": "112,117",
                        "endOffsets": "5713,5831"
                    }
                },
                {
                    "source": "C:\\Users\\Mudassar\\.gradle\\caches\\transforms-2\\files-2.1\\d835d2effcd8e97c306f6a50688d9a8a\\jetified-places-compat-1.0.0\\res\\values-kk\\values.xml",
                    "from": {
                        "startLines": "4,5,6,7,8,9,10,11",
                        "startColumns": "0,0,0,0,0,0,0,0",
                        "startOffsets": "184,261,325,424,486,534,617,690",
                        "endColumns": "76,63,98,61,47,82,72,54",
                        "endOffsets": "260,324,423,485,533,616,689,744"
                    },
                    "to": {
                        "startLines": "52,53,54,55,56,57,58,59",
                        "startColumns": "4,4,4,4,4,4,4,4",
                        "startOffsets": "6037,6118,6186,6289,6355,6407,6494,6571",
                        "endColumns": "80,67,102,65,51,86,76,58",
                        "endOffsets": "6113,6181,6284,6350,6402,6489,6566,6625"
                    }
                },
                {
                    "source": "C:\\Users\\Mudassar\\.gradle\\caches\\transforms-2\\files-2.1\\d7e0c950707e021378551cecb6624e83\\core-1.1.0\\res\\values-kk\\values-kk.xml",
                    "from": {
                        "startLines": "2",
                        "startColumns": "4",
                        "startOffsets": "55",
                        "endColumns": "100",
                        "endOffsets": "151"
                    },
                    "to": {
                        "startLines": "61",
                        "startColumns": "4",
                        "startOffsets": "6711",
                        "endColumns": "100",
                        "endOffsets": "6807"
                    }
                },
                {
                    "source": "C:\\Users\\Mudassar\\.gradle\\caches\\transforms-2\\files-2.1\\fc1a205467b5c433350d5b0560a1781f\\play-services-base-17.1.0\\res\\values-kk\\values.xml",
                    "from": {
                        "startLines": "4,5,6,7,8,9,10,11,12,13,14,15,16,17,18,19,20",
                        "startColumns": "0,0,0,0,0,0,0,0,0,0,0,0,0,0,0,0,0",
                        "startOffsets": "245,346,531,655,759,958,1082,1231,1365,1589,1693,1881,2008,2220,2403,2492,2577",
                        "endColumns": "100,184,123,103,198,123,148,133,223,103,187,126,211,182,88,84,102",
                        "endOffsets": "345,530,654,758,957,1081,1230,1364,1588,1692,1880,2007,2219,2402,2491,2576,2679"
                    },
                    "to": {
                        "startLines": "29,30,31,32,33,34,35,36,38,39,40,41,42,43,44,45,46",
                        "startColumns": "4,4,4,4,4,4,4,4,4,4,4,4,4,4,4,4,4",
                        "startOffsets": "2796,2901,3086,3214,3322,3521,3649,3802,4163,4387,4495,4683,4814,5026,5213,5306,5395",
                        "endColumns": "104,184,127,107,198,127,152,137,223,107,187,130,211,186,92,88,106",
                        "endOffsets": "2896,3081,3209,3317,3516,3644,3797,3935,4382,4490,4678,4809,5021,5208,5301,5390,5497"
                    }
                },
                {
                    "source": "C:\\Users\\Mudassar\\.gradle\\caches\\transforms-2\\files-2.1\\78e7d3f5487dbf3c8bd1a75d0d68a2a0\\appcompat-1.1.0\\res\\values-kk\\values-kk.xml",
                    "from": {
                        "startLines": "2,3,4,5,6,7,8,9,10,11,12,13,14,15,16,17,18,19,20,21,22,23,24,25,26,27,28,29",
                        "startColumns": "4,4,4,4,4,4,4,4,4,4,4,4,4,4,4,4,4,4,4,4,4,4,4,4,4,4,4,4",
                        "startOffsets": "105,213,318,428,513,619,738,818,896,987,1079,1174,1268,1369,1462,1557,1654,1745,1836,1916,2021,2124,2222,2329,2435,2535,2701,2796",
                        "endColumns": "107,104,109,84,105,118,79,77,90,91,94,93,100,92,94,96,90,90,79,104,102,97,106,105,99,165,94,80",
                        "endOffsets": "208,313,423,508,614,733,813,891,982,1074,1169,1263,1364,1457,1552,1649,1740,1831,1911,2016,2119,2217,2324,2430,2530,2696,2791,2872"
                    },
                    "to": {
                        "startLines": "2,3,4,5,6,7,8,9,10,11,12,13,14,15,16,17,18,19,20,21,22,23,24,25,26,27,28,60",
                        "startColumns": "4,4,4,4,4,4,4,4,4,4,4,4,4,4,4,4,4,4,4,4,4,4,4,4,4,4,4,4",
                        "startOffsets": "105,213,318,428,513,619,738,818,896,987,1079,1174,1268,1369,1462,1557,1654,1745,1836,1916,2021,2124,2222,2329,2435,2535,2701,6630",
                        "endColumns": "107,104,109,84,105,118,79,77,90,91,94,93,100,92,94,96,90,90,79,104,102,97,106,105,99,165,94,80",
                        "endOffsets": "208,313,423,508,614,733,813,891,982,1074,1169,1263,1364,1457,1552,1649,1740,1831,1911,2016,2119,2217,2324,2430,2530,2696,2791,6706"
                    }
                },
                {
                    "source": "C:\\Users\\Mudassar\\.gradle\\caches\\transforms-2\\files-2.1\\9350583047d9d28e7a4708239acec4f1\\jetified-firebase-messaging-20.0.0\\res\\values-kk\\values.xml",
                    "from": {
                        "startLines": "4",
                        "startColumns": "0",
                        "startOffsets": "205",
                        "endColumns": "98",
                        "endOffsets": "303"
                    },
                    "to": {
                        "startLines": "47",
                        "startColumns": "4",
                        "startOffsets": "5502",
                        "endColumns": "102",
                        "endOffsets": "5600"
                    }
                },
                {
                    "source": "C:\\Users\\Mudassar\\.gradle\\caches\\transforms-2\\files-2.1\\4d90089bba98735a4773fb5da4aac47c\\jetified-play-services-places-16.0.0\\res\\values-kk\\values.xml",
                    "from": {
                        "startLines": "4,5",
                        "startColumns": "0,0",
                        "startOffsets": "193,295",
                        "endColumns": "101,90",
                        "endOffsets": "294,385"
                    },
                    "to": {
                        "startLines": "50,51",
                        "startColumns": "4,4",
                        "startOffsets": "5836,5942",
                        "endColumns": "105,94",
                        "endOffsets": "5937,6032"
                    }
                }
            ]
        }
    ]
}