{
    "logs": [
        {
            "outputFile": "D:\\1 BSCS 8TH\\CarController\\app\\build\\intermediates\\incremental\\mergeDebugResources\\merged.dir\\values-ca\\values-ca.xml",
            "map": [
                {
                    "source": "C:\\Users\\Mudassar\\.gradle\\caches\\transforms-2\\files-2.1\\78e7d3f5487dbf3c8bd1a75d0d68a2a0\\appcompat-1.1.0\\res\\values-ca\\values-ca.xml",
                    "from": {
                        "startLines": "2,3,4,5,6,7,8,9,10,11,12,13,14,15,16,17,18,19,20,21,22,23,24,25,26,27,28,29",
                        "startColumns": "4,4,4,4,4,4,4,4,4,4,4,4,4,4,4,4,4,4,4,4,4,4,4,4,4,4,4,4",
                        "startOffsets": "105,223,328,435,518,624,750,834,914,1005,1097,1190,1285,1384,1477,1570,1664,1755,1846,1926,2037,2145,2243,2353,2458,2566,2726,2825",
                        "endColumns": "117,104,106,82,105,125,83,79,90,91,92,94,98,92,92,93,90,90,79,110,107,97,109,104,107,159,98,80",
                        "endOffsets": "218,323,430,513,619,745,829,909,1000,1092,1185,1280,1379,1472,1565,1659,1750,1841,1921,2032,2140,2238,2348,2453,2561,2721,2820,2901"
                    },
                    "to": {
                        "startLines": "2,3,4,5,6,7,8,9,10,11,12,13,14,15,16,17,18,19,20,21,22,23,24,25,26,27,28,60",
                        "startColumns": "4,4,4,4,4,4,4,4,4,4,4,4,4,4,4,4,4,4,4,4,4,4,4,4,4,4,4,4",
                        "startOffsets": "105,223,328,435,518,624,750,834,914,1005,1097,1190,1285,1384,1477,1570,1664,1755,1846,1926,2037,2145,2243,2353,2458,2566,2726,6714",
                        "endColumns": "117,104,106,82,105,125,83,79,90,91,92,94,98,92,92,93,90,90,79,110,107,97,109,104,107,159,98,80",
                        "endOffsets": "218,323,430,513,619,745,829,909,1000,1092,1185,1280,1379,1472,1565,1659,1750,1841,1921,2032,2140,2238,2348,2453,2561,2721,2820,6790"
                    }
                },
                {
                    "source": "C:\\Users\\Mudassar\\.gradle\\caches\\transforms-2\\files-2.1\\fc1a205467b5c433350d5b0560a1781f\\play-services-base-17.1.0\\res\\values-ca\\values.xml",
                    "from": {
                        "startLines": "4,5,6,7,8,9,10,11,12,13,14,15,16,17,18,19,20",
                        "startColumns": "0,0,0,0,0,0,0,0,0,0,0,0,0,0,0,0,0",
                        "startOffsets": "245,348,532,657,764,973,1098,1247,1380,1610,1717,1907,2036,2259,2443,2534,2628",
                        "endColumns": "102,183,124,106,208,124,148,132,229,106,189,128,222,183,90,93,111",
                        "endOffsets": "347,531,656,763,972,1097,1246,1379,1609,1716,1906,2035,2258,2442,2533,2627,2739"
                    },
                    "to": {
                        "startLines": "29,30,31,32,33,34,35,36,38,39,40,41,42,43,44,45,46",
                        "startColumns": "4,4,4,4,4,4,4,4,4,4,4,4,4,4,4,4,4",
                        "startOffsets": "2825,2932,3116,3245,3356,3565,3694,3847,4178,4408,4519,4709,4842,5065,5253,5348,5446",
                        "endColumns": "106,183,128,110,208,128,152,136,229,110,189,132,222,187,94,97,115",
                        "endOffsets": "2927,3111,3240,3351,3560,3689,3842,3979,4403,4514,4704,4837,5060,5248,5343,5441,5557"
                    }
                },
                {
                    "source": "C:\\Users\\Mudassar\\.gradle\\caches\\transforms-2\\files-2.1\\d835d2effcd8e97c306f6a50688d9a8a\\jetified-places-compat-1.0.0\\res\\values-ca\\values.xml",
                    "from": {
                        "startLines": "4,5,6,7,8,9,10,11",
                        "startColumns": "0,0,0,0,0,0,0,0",
                        "startOffsets": "184,258,321,426,488,536,613,705",
                        "endColumns": "73,62,104,61,47,76,91,58",
                        "endOffsets": "257,320,425,487,535,612,704,763"
                    },
                    "to": {
                        "startLines": "52,53,54,55,56,57,58,59",
                        "startColumns": "4,4,4,4,4,4,4,4",
                        "startOffsets": "6102,6180,6247,6356,6422,6474,6555,6651",
                        "endColumns": "77,66,108,65,51,80,95,62",
                        "endOffsets": "6175,6242,6351,6417,6469,6550,6646,6709"
                    }
                },
                {
                    "source": "C:\\Users\\Mudassar\\.gradle\\caches\\transforms-2\\files-2.1\\4bb36207c20871865b7b6196a54ae023\\jetified-play-services-basement-17.0.0\\res\\values-ca\\values.xml",
                    "from": {
                        "startLines": "4",
                        "startColumns": "0",
                        "startOffsets": "247",
                        "endColumns": "193",
                        "endOffsets": "440"
                    },
                    "to": {
                        "startLines": "37",
                        "startColumns": "4",
                        "startOffsets": "3984",
                        "endColumns": "193",
                        "endOffsets": "4173"
                    }
                },
                {
                    "source": "C:\\Users\\Mudassar\\.gradle\\caches\\transforms-2\\files-2.1\\222cdc43ab70d3d702638d878ca1cedb\\jetified-navigation-ui-2.1.0\\res\\values-ca\\values-ca.xml",
                    "from": {
                        "startLines": "2,3",
                        "startColumns": "4,4",
                        "startOffsets": "55,166",
                        "endColumns": "110,121",
                        "endOffsets": "161,283"
                    },
                    "to": {
                        "startLines": "48,49",
                        "startColumns": "4,4",
                        "startOffsets": "5667,5778",
                        "endColumns": "110,121",
                        "endOffsets": "5773,5895"
                    }
                },
                {
                    "source": "C:\\Users\\Mudassar\\.gradle\\caches\\transforms-2\\files-2.1\\d7e0c950707e021378551cecb6624e83\\core-1.1.0\\res\\values-ca\\values-ca.xml",
                    "from": {
                        "startLines": "2",
                        "startColumns": "4",
                        "startOffsets": "55",
                        "endColumns": "100",
                        "endOffsets": "151"
                    },
                    "to": {
                        "startLines": "61",
                        "startColumns": "4",
                        "startOffsets": "6795",
                        "endColumns": "100",
                        "endOffsets": "6891"
                    }
                },
                {
                    "source": "C:\\Users\\Mudassar\\.gradle\\caches\\transforms-2\\files-2.1\\9350583047d9d28e7a4708239acec4f1\\jetified-firebase-messaging-20.0.0\\res\\values-ca\\values.xml",
                    "from": {
                        "startLines": "4",
                        "startColumns": "0",
                        "startOffsets": "205",
                        "endColumns": "100",
                        "endOffsets": "305"
                    },
                    "to": {
                        "startLines": "47",
                        "startColumns": "4",
                        "startOffsets": "5562",
                        "endColumns": "104",
                        "endOffsets": "5662"
                    }
                },
                {
                    "source": "C:\\Users\\Mudassar\\.gradle\\caches\\transforms-2\\files-2.1\\4d90089bba98735a4773fb5da4aac47c\\jetified-play-services-places-16.0.0\\res\\values-ca\\values.xml",
                    "from": {
                        "startLines": "4,5",
                        "startColumns": "0,0",
                        "startOffsets": "193,296",
                        "endColumns": "102,90",
                        "endOffsets": "295,386"
                    },
                    "to": {
                        "startLines": "50,51",
                        "startColumns": "4,4",
                        "startOffsets": "5900,6007",
                        "endColumns": "106,94",
                        "endOffsets": "6002,6097"
                    }
                }
            ]
        }
    ]
}