{
    "logs": [
        {
            "outputFile": "D:\\1 BSCS 8TH\\CarController\\app\\build\\intermediates\\incremental\\mergeDebugResources\\merged.dir\\values-mr\\values-mr.xml",
            "map": [
                {
                    "source": "C:\\Users\\Mudassar\\.gradle\\caches\\transforms-2\\files-2.1\\4d90089bba98735a4773fb5da4aac47c\\jetified-play-services-places-16.0.0\\res\\values-mr\\values.xml",
                    "from": {
                        "startLines": "4,5",
                        "startColumns": "0,0",
                        "startOffsets": "193,291",
                        "endColumns": "97,88",
                        "endOffsets": "290,379"
                    },
                    "to": {
                        "startLines": "50,51",
                        "startColumns": "4,4",
                        "startOffsets": "5776,5878",
                        "endColumns": "101,92",
                        "endOffsets": "5873,5966"
                    }
                },
                {
                    "source": "C:\\Users\\Mudassar\\.gradle\\caches\\transforms-2\\files-2.1\\9350583047d9d28e7a4708239acec4f1\\jetified-firebase-messaging-20.0.0\\res\\values-mr\\values.xml",
                    "from": {
                        "startLines": "4",
                        "startColumns": "0",
                        "startOffsets": "205",
                        "endColumns": "99",
                        "endOffsets": "304"
                    },
                    "to": {
                        "startLines": "47",
                        "startColumns": "4",
                        "startOffsets": "5443",
                        "endColumns": "103",
                        "endOffsets": "5542"
                    }
                },
                {
                    "source": "C:\\Users\\Mudassar\\.gradle\\caches\\transforms-2\\files-2.1\\fc1a205467b5c433350d5b0560a1781f\\play-services-base-17.1.0\\res\\values-mr\\values.xml",
                    "from": {
                        "startLines": "4,5,6,7,8,9,10,11,12,13,14,15,16,17,18,19,20",
                        "startColumns": "0,0,0,0,0,0,0,0,0,0,0,0,0,0,0,0,0",
                        "startOffsets": "245,350,550,671,781,985,1104,1238,1360,1569,1675,1860,1982,2180,2359,2445,2537",
                        "endColumns": "104,199,120,109,203,118,133,121,208,105,184,121,197,178,85,91,105",
                        "endOffsets": "349,549,670,780,984,1103,1237,1359,1568,1674,1859,1981,2179,2358,2444,2536,2642"
                    },
                    "to": {
                        "startLines": "29,30,31,32,33,34,35,36,38,39,40,41,42,43,44,45,46",
                        "startColumns": "4,4,4,4,4,4,4,4,4,4,4,4,4,4,4,4,4",
                        "startOffsets": "2795,2904,3104,3229,3343,3547,3670,3808,4136,4345,4455,4640,4766,4964,5147,5237,5333",
                        "endColumns": "108,199,124,113,203,122,137,125,208,109,184,125,197,182,89,95,109",
                        "endOffsets": "2899,3099,3224,3338,3542,3665,3803,3929,4340,4450,4635,4761,4959,5142,5232,5328,5438"
                    }
                },
                {
                    "source": "C:\\Users\\Mudassar\\.gradle\\caches\\transforms-2\\files-2.1\\d835d2effcd8e97c306f6a50688d9a8a\\jetified-places-compat-1.0.0\\res\\values-mr\\values.xml",
                    "from": {
                        "startLines": "4,5,6,7,8,9,10,11",
                        "startColumns": "0,0,0,0,0,0,0,0",
                        "startOffsets": "184,253,315,410,470,517,590,663",
                        "endColumns": "68,61,94,59,46,72,72,59",
                        "endOffsets": "252,314,409,469,516,589,662,722"
                    },
                    "to": {
                        "startLines": "52,53,54,55,56,57,58,59",
                        "startColumns": "4,4,4,4,4,4,4,4",
                        "startOffsets": "5971,6044,6110,6209,6273,6324,6401,6478",
                        "endColumns": "72,65,98,63,50,76,76,63",
                        "endOffsets": "6039,6105,6204,6268,6319,6396,6473,6537"
                    }
                },
                {
                    "source": "C:\\Users\\Mudassar\\.gradle\\caches\\transforms-2\\files-2.1\\222cdc43ab70d3d702638d878ca1cedb\\jetified-navigation-ui-2.1.0\\res\\values-mr\\values-mr.xml",
                    "from": {
                        "startLines": "2,3",
                        "startColumns": "4,4",
                        "startOffsets": "55,167",
                        "endColumns": "111,116",
                        "endOffsets": "162,279"
                    },
                    "to": {
                        "startLines": "48,49",
                        "startColumns": "4,4",
                        "startOffsets": "5547,5659",
                        "endColumns": "111,116",
                        "endOffsets": "5654,5771"
                    }
                },
                {
                    "source": "C:\\Users\\Mudassar\\.gradle\\caches\\transforms-2\\files-2.1\\78e7d3f5487dbf3c8bd1a75d0d68a2a0\\appcompat-1.1.0\\res\\values-mr\\values-mr.xml",
                    "from": {
                        "startLines": "2,3,4,5,6,7,8,9,10,11,12,13,14,15,16,17,18,19,20,21,22,23,24,25,26,27,28,29",
                        "startColumns": "4,4,4,4,4,4,4,4,4,4,4,4,4,4,4,4,4,4,4,4,4,4,4,4,4,4,4,4",
                        "startOffsets": "105,216,322,429,519,621,733,811,889,980,1072,1165,1262,1363,1456,1551,1645,1736,1827,1906,2013,2114,2210,2319,2421,2535,2692,2795",
                        "endColumns": "110,105,106,89,101,111,77,77,90,91,92,96,100,92,94,93,90,90,78,106,100,95,108,101,113,156,102,78",
                        "endOffsets": "211,317,424,514,616,728,806,884,975,1067,1160,1257,1358,1451,1546,1640,1731,1822,1901,2008,2109,2205,2314,2416,2530,2687,2790,2869"
                    },
                    "to": {
                        "startLines": "2,3,4,5,6,7,8,9,10,11,12,13,14,15,16,17,18,19,20,21,22,23,24,25,26,27,28,60",
                        "startColumns": "4,4,4,4,4,4,4,4,4,4,4,4,4,4,4,4,4,4,4,4,4,4,4,4,4,4,4,4",
                        "startOffsets": "105,216,322,429,519,621,733,811,889,980,1072,1165,1262,1363,1456,1551,1645,1736,1827,1906,2013,2114,2210,2319,2421,2535,2692,6542",
                        "endColumns": "110,105,106,89,101,111,77,77,90,91,92,96,100,92,94,93,90,90,78,106,100,95,108,101,113,156,102,78",
                        "endOffsets": "211,317,424,514,616,728,806,884,975,1067,1160,1257,1358,1451,1546,1640,1731,1822,1901,2008,2109,2205,2314,2416,2530,2687,2790,6616"
                    }
                },
                {
                    "source": "C:\\Users\\Mudassar\\.gradle\\caches\\transforms-2\\files-2.1\\d7e0c950707e021378551cecb6624e83\\core-1.1.0\\res\\values-mr\\values-mr.xml",
                    "from": {
                        "startLines": "2",
                        "startColumns": "4",
                        "startOffsets": "55",
                        "endColumns": "100",
                        "endOffsets": "151"
                    },
                    "to": {
                        "startLines": "61",
                        "startColumns": "4",
                        "startOffsets": "6621",
                        "endColumns": "100",
                        "endOffsets": "6717"
                    }
                },
                {
                    "source": "C:\\Users\\Mudassar\\.gradle\\caches\\transforms-2\\files-2.1\\4bb36207c20871865b7b6196a54ae023\\jetified-play-services-basement-17.0.0\\res\\values-mr\\values.xml",
                    "from": {
                        "startLines": "4",
                        "startColumns": "0",
                        "startOffsets": "247",
                        "endColumns": "201",
                        "endOffsets": "448"
                    },
                    "to": {
                        "startLines": "37",
                        "startColumns": "4",
                        "startOffsets": "3934",
                        "endColumns": "201",
                        "endOffsets": "4131"
                    }
                }
            ]
        }
    ]
}