{
    "logs": [
        {
            "outputFile": "D:\\1 BSCS 8TH\\CarController\\app\\build\\intermediates\\incremental\\mergeDebugResources\\merged.dir\\values-zu\\values-zu.xml",
            "map": [
                {
                    "source": "C:\\Users\\Mudassar\\.gradle\\caches\\transforms-2\\files-2.1\\fc1a205467b5c433350d5b0560a1781f\\play-services-base-17.1.0\\res\\values-zu\\values.xml",
                    "from": {
                        "startLines": "4,5,6,7,8,9,10,11,12,13,14,15,16,17,18,19,20",
                        "startColumns": "0,0,0,0,0,0,0,0,0,0,0,0,0,0,0,0,0",
                        "startOffsets": "245,354,562,695,797,1024,1151,1301,1436,1655,1763,1959,2088,2305,2488,2575,2670",
                        "endColumns": "108,207,132,101,226,126,149,134,218,107,195,128,216,182,86,94,109",
                        "endOffsets": "353,561,694,796,1023,1150,1300,1435,1654,1762,1958,2087,2304,2487,2574,2669,2779"
                    },
                    "to": {
                        "startLines": "29,30,31,32,33,34,35,36,38,39,40,41,42,43,44,45,46",
                        "startColumns": "4,4,4,4,4,4,4,4,4,4,4,4,4,4,4,4,4",
                        "startOffsets": "2791,2904,3112,3249,3355,3582,3713,3867,4197,4416,4528,4724,4857,5074,5261,5352,5451",
                        "endColumns": "112,207,136,105,226,130,153,138,218,111,195,132,216,186,90,98,113",
                        "endOffsets": "2899,3107,3244,3350,3577,3708,3862,4001,4411,4523,4719,4852,5069,5256,5347,5446,5560"
                    }
                },
                {
                    "source": "C:\\Users\\Mudassar\\.gradle\\caches\\transforms-2\\files-2.1\\222cdc43ab70d3d702638d878ca1cedb\\jetified-navigation-ui-2.1.0\\res\\values-zu\\values-zu.xml",
                    "from": {
                        "startLines": "2,3",
                        "startColumns": "4,4",
                        "startOffsets": "55,168",
                        "endColumns": "112,120",
                        "endOffsets": "163,284"
                    },
                    "to": {
                        "startLines": "48,49",
                        "startColumns": "4,4",
                        "startOffsets": "5680,5793",
                        "endColumns": "112,120",
                        "endOffsets": "5788,5909"
                    }
                },
                {
                    "source": "C:\\Users\\Mudassar\\.gradle\\caches\\transforms-2\\files-2.1\\d835d2effcd8e97c306f6a50688d9a8a\\jetified-places-compat-1.0.0\\res\\values-zu\\values.xml",
                    "from": {
                        "startLines": "4,5,6,7,8,9,10,11",
                        "startColumns": "0,0,0,0,0,0,0,0",
                        "startOffsets": "184,253,317,408,470,517,590,674",
                        "endColumns": "68,63,90,61,46,72,83,51",
                        "endOffsets": "252,316,407,469,516,589,673,725"
                    },
                    "to": {
                        "startLines": "52,53,54,55,56,57,58,59",
                        "startColumns": "4,4,4,4,4,4,4,4",
                        "startOffsets": "6111,6184,6252,6347,6413,6464,6541,6629",
                        "endColumns": "72,67,94,65,50,76,87,55",
                        "endOffsets": "6179,6247,6342,6408,6459,6536,6624,6680"
                    }
                },
                {
                    "source": "C:\\Users\\Mudassar\\.gradle\\caches\\transforms-2\\files-2.1\\78e7d3f5487dbf3c8bd1a75d0d68a2a0\\appcompat-1.1.0\\res\\values-zu\\values-zu.xml",
                    "from": {
                        "startLines": "2,3,4,5,6,7,8,9,10,11,12,13,14,15,16,17,18,19,20,21,22,23,24,25,26,27,28,29",
                        "startColumns": "4,4,4,4,4,4,4,4,4,4,4,4,4,4,4,4,4,4,4,4,4,4,4,4,4,4,4,4",
                        "startOffsets": "105,213,320,432,520,623,738,817,895,986,1078,1173,1267,1368,1461,1556,1650,1741,1834,1914,2018,2121,2219,2326,2433,2538,2695,2791",
                        "endColumns": "107,106,111,87,102,114,78,77,90,91,94,93,100,92,94,93,90,92,79,103,102,97,106,106,104,156,95,80",
                        "endOffsets": "208,315,427,515,618,733,812,890,981,1073,1168,1262,1363,1456,1551,1645,1736,1829,1909,2013,2116,2214,2321,2428,2533,2690,2786,2867"
                    },
                    "to": {
                        "startLines": "2,3,4,5,6,7,8,9,10,11,12,13,14,15,16,17,18,19,20,21,22,23,24,25,26,27,28,60",
                        "startColumns": "4,4,4,4,4,4,4,4,4,4,4,4,4,4,4,4,4,4,4,4,4,4,4,4,4,4,4,4",
                        "startOffsets": "105,213,320,432,520,623,738,817,895,986,1078,1173,1267,1368,1461,1556,1650,1741,1834,1914,2018,2121,2219,2326,2433,2538,2695,6685",
                        "endColumns": "107,106,111,87,102,114,78,77,90,91,94,93,100,92,94,93,90,92,79,103,102,97,106,106,104,156,95,80",
                        "endOffsets": "208,315,427,515,618,733,812,890,981,1073,1168,1262,1363,1456,1551,1645,1736,1829,1909,2013,2116,2214,2321,2428,2533,2690,2786,6761"
                    }
                },
                {
                    "source": "C:\\Users\\Mudassar\\.gradle\\caches\\transforms-2\\files-2.1\\4d90089bba98735a4773fb5da4aac47c\\jetified-play-services-places-16.0.0\\res\\values-zu\\values.xml",
                    "from": {
                        "startLines": "4,5",
                        "startColumns": "0,0",
                        "startOffsets": "193,291",
                        "endColumns": "97,90",
                        "endOffsets": "290,381"
                    },
                    "to": {
                        "startLines": "50,51",
                        "startColumns": "4,4",
                        "startOffsets": "5914,6016",
                        "endColumns": "101,94",
                        "endOffsets": "6011,6106"
                    }
                },
                {
                    "source": "C:\\Users\\Mudassar\\.gradle\\caches\\transforms-2\\files-2.1\\9350583047d9d28e7a4708239acec4f1\\jetified-firebase-messaging-20.0.0\\res\\values-zu\\values.xml",
                    "from": {
                        "startLines": "4",
                        "startColumns": "0",
                        "startOffsets": "205",
                        "endColumns": "110",
                        "endOffsets": "315"
                    },
                    "to": {
                        "startLines": "47",
                        "startColumns": "4",
                        "startOffsets": "5565",
                        "endColumns": "114",
                        "endOffsets": "5675"
                    }
                },
                {
                    "source": "C:\\Users\\Mudassar\\.gradle\\caches\\transforms-2\\files-2.1\\d7e0c950707e021378551cecb6624e83\\core-1.1.0\\res\\values-zu\\values-zu.xml",
                    "from": {
                        "startLines": "2",
                        "startColumns": "4",
                        "startOffsets": "55",
                        "endColumns": "100",
                        "endOffsets": "151"
                    },
                    "to": {
                        "startLines": "61",
                        "startColumns": "4",
                        "startOffsets": "6766",
                        "endColumns": "100",
                        "endOffsets": "6862"
                    }
                },
                {
                    "source": "C:\\Users\\Mudassar\\.gradle\\caches\\transforms-2\\files-2.1\\4bb36207c20871865b7b6196a54ae023\\jetified-play-services-basement-17.0.0\\res\\values-zu\\values.xml",
                    "from": {
                        "startLines": "4",
                        "startColumns": "0",
                        "startOffsets": "247",
                        "endColumns": "190",
                        "endOffsets": "437"
                    },
                    "to": {
                        "startLines": "37",
                        "startColumns": "4",
                        "startOffsets": "4006",
                        "endColumns": "190",
                        "endOffsets": "4192"
                    }
                }
            ]
        }
    ]
}