{
    "logs": [
        {
            "outputFile": "D:\\1 BSCS 8TH\\CarController\\app\\build\\intermediates\\incremental\\mergeDebugResources\\merged.dir\\values-ta\\values-ta.xml",
            "map": [
                {
                    "source": "C:\\Users\\Mudassar\\.gradle\\caches\\transforms-2\\files-2.1\\78e7d3f5487dbf3c8bd1a75d0d68a2a0\\appcompat-1.1.0\\res\\values-ta\\values-ta.xml",
                    "from": {
                        "startLines": "2,3,4,5,6,7,8,9,10,11,12,13,14,15,16,17,18,19,20,21,22,23,24,25,26,27,28,29",
                        "startColumns": "4,4,4,4,4,4,4,4,4,4,4,4,4,4,4,4,4,4,4,4,4,4,4,4,4,4,4,4",
                        "startOffsets": "105,218,320,435,524,635,756,835,912,1010,1109,1204,1298,1406,1506,1608,1702,1800,1898,1978,2086,2189,2288,2404,2507,2612,2769,2871",
                        "endColumns": "112,101,114,88,110,120,78,76,97,98,94,93,107,99,101,93,97,97,79,107,102,98,115,102,104,156,101,80",
                        "endOffsets": "213,315,430,519,630,751,830,907,1005,1104,1199,1293,1401,1501,1603,1697,1795,1893,1973,2081,2184,2283,2399,2502,2607,2764,2866,2947"
                    },
                    "to": {
                        "startLines": "2,3,4,5,6,7,8,9,10,11,12,13,14,15,16,17,18,19,20,21,22,23,24,25,26,27,28,60",
                        "startColumns": "4,4,4,4,4,4,4,4,4,4,4,4,4,4,4,4,4,4,4,4,4,4,4,4,4,4,4,4",
                        "startOffsets": "105,218,320,435,524,635,756,835,912,1010,1109,1204,1298,1406,1506,1608,1702,1800,1898,1978,2086,2189,2288,2404,2507,2612,2769,6728",
                        "endColumns": "112,101,114,88,110,120,78,76,97,98,94,93,107,99,101,93,97,97,79,107,102,98,115,102,104,156,101,80",
                        "endOffsets": "213,315,430,519,630,751,830,907,1005,1104,1199,1293,1401,1501,1603,1697,1795,1893,1973,2081,2184,2283,2399,2502,2607,2764,2866,6804"
                    }
                },
                {
                    "source": "C:\\Users\\Mudassar\\.gradle\\caches\\transforms-2\\files-2.1\\4bb36207c20871865b7b6196a54ae023\\jetified-play-services-basement-17.0.0\\res\\values-ta\\values.xml",
                    "from": {
                        "startLines": "4",
                        "startColumns": "0",
                        "startOffsets": "247",
                        "endColumns": "224",
                        "endOffsets": "471"
                    },
                    "to": {
                        "startLines": "37",
                        "startColumns": "4",
                        "startOffsets": "4013",
                        "endColumns": "224",
                        "endOffsets": "4233"
                    }
                },
                {
                    "source": "C:\\Users\\Mudassar\\.gradle\\caches\\transforms-2\\files-2.1\\fc1a205467b5c433350d5b0560a1781f\\play-services-base-17.1.0\\res\\values-ta\\values.xml",
                    "from": {
                        "startLines": "4,5,6,7,8,9,10,11,12,13,14,15,16,17,18,19,20",
                        "startColumns": "0,0,0,0,0,0,0,0,0,0,0,0,0,0,0,0,0",
                        "startOffsets": "245,348,532,657,761,972,1098,1237,1363,1602,1707,1891,2024,2237,2419,2507,2596",
                        "endColumns": "102,183,124,103,210,125,138,125,238,104,183,132,212,181,87,88,105",
                        "endOffsets": "347,531,656,760,971,1097,1236,1362,1601,1706,1890,2023,2236,2418,2506,2595,2701"
                    },
                    "to": {
                        "startLines": "29,30,31,32,33,34,35,36,38,39,40,41,42,43,44,45,46",
                        "startColumns": "4,4,4,4,4,4,4,4,4,4,4,4,4,4,4,4,4",
                        "startOffsets": "2871,2978,3162,3291,3399,3610,3740,3883,4238,4477,4586,4770,4907,5120,5306,5398,5491",
                        "endColumns": "106,183,128,107,210,129,142,129,238,108,183,136,212,185,91,92,109",
                        "endOffsets": "2973,3157,3286,3394,3605,3735,3878,4008,4472,4581,4765,4902,5115,5301,5393,5486,5596"
                    }
                },
                {
                    "source": "C:\\Users\\Mudassar\\.gradle\\caches\\transforms-2\\files-2.1\\9350583047d9d28e7a4708239acec4f1\\jetified-firebase-messaging-20.0.0\\res\\values-ta\\values.xml",
                    "from": {
                        "startLines": "4",
                        "startColumns": "0",
                        "startOffsets": "205",
                        "endColumns": "100",
                        "endOffsets": "305"
                    },
                    "to": {
                        "startLines": "47",
                        "startColumns": "4",
                        "startOffsets": "5601",
                        "endColumns": "104",
                        "endOffsets": "5701"
                    }
                },
                {
                    "source": "C:\\Users\\Mudassar\\.gradle\\caches\\transforms-2\\files-2.1\\4d90089bba98735a4773fb5da4aac47c\\jetified-play-services-places-16.0.0\\res\\values-ta\\values.xml",
                    "from": {
                        "startLines": "4,5",
                        "startColumns": "0,0",
                        "startOffsets": "193,295",
                        "endColumns": "101,90",
                        "endOffsets": "294,385"
                    },
                    "to": {
                        "startLines": "50,51",
                        "startColumns": "4,4",
                        "startOffsets": "5941,6047",
                        "endColumns": "105,94",
                        "endOffsets": "6042,6137"
                    }
                },
                {
                    "source": "C:\\Users\\Mudassar\\.gradle\\caches\\transforms-2\\files-2.1\\d7e0c950707e021378551cecb6624e83\\core-1.1.0\\res\\values-ta\\values-ta.xml",
                    "from": {
                        "startLines": "2",
                        "startColumns": "4",
                        "startOffsets": "55",
                        "endColumns": "100",
                        "endOffsets": "151"
                    },
                    "to": {
                        "startLines": "61",
                        "startColumns": "4",
                        "startOffsets": "6809",
                        "endColumns": "100",
                        "endOffsets": "6905"
                    }
                },
                {
                    "source": "C:\\Users\\Mudassar\\.gradle\\caches\\transforms-2\\files-2.1\\d835d2effcd8e97c306f6a50688d9a8a\\jetified-places-compat-1.0.0\\res\\values-ta\\values.xml",
                    "from": {
                        "startLines": "4,5,6,7,8,9,10,11",
                        "startColumns": "0,0,0,0,0,0,0,0",
                        "startOffsets": "184,251,326,427,489,537,603,681",
                        "endColumns": "66,74,100,61,47,65,77,56",
                        "endOffsets": "250,325,426,488,536,602,680,737"
                    },
                    "to": {
                        "startLines": "52,53,54,55,56,57,58,59",
                        "startColumns": "4,4,4,4,4,4,4,4",
                        "startOffsets": "6142,6213,6292,6397,6463,6515,6585,6667",
                        "endColumns": "70,78,104,65,51,69,81,60",
                        "endOffsets": "6208,6287,6392,6458,6510,6580,6662,6723"
                    }
                },
                {
                    "source": "C:\\Users\\Mudassar\\.gradle\\caches\\transforms-2\\files-2.1\\222cdc43ab70d3d702638d878ca1cedb\\jetified-navigation-ui-2.1.0\\res\\values-ta\\values-ta.xml",
                    "from": {
                        "startLines": "2,3",
                        "startColumns": "4,4",
                        "startOffsets": "55,163",
                        "endColumns": "107,126",
                        "endOffsets": "158,285"
                    },
                    "to": {
                        "startLines": "48,49",
                        "startColumns": "4,4",
                        "startOffsets": "5706,5814",
                        "endColumns": "107,126",
                        "endOffsets": "5809,5936"
                    }
                }
            ]
        }
    ]
}