{
    "logs": [
        {
            "outputFile": "D:\\1 BSCS 8TH\\CarController\\app\\build\\intermediates\\incremental\\mergeDebugResources\\merged.dir\\values-hr\\values-hr.xml",
            "map": [
                {
                    "source": "C:\\Users\\Mudassar\\.gradle\\caches\\transforms-2\\files-2.1\\d835d2effcd8e97c306f6a50688d9a8a\\jetified-places-compat-1.0.0\\res\\values-hr\\values.xml",
                    "from": {
                        "startLines": "4,5,6,7,8,9,10,11",
                        "startColumns": "0,0,0,0,0,0,0,0",
                        "startOffsets": "184,264,328,422,492,539,603,691",
                        "endColumns": "79,63,93,69,46,63,87,56",
                        "endOffsets": "263,327,421,491,538,602,690,747"
                    },
                    "to": {
                        "startLines": "52,53,54,55,56,57,58,59",
                        "startColumns": "4,4,4,4,4,4,4,4",
                        "startOffsets": "6037,6121,6189,6287,6361,6412,6480,6572",
                        "endColumns": "83,67,97,73,50,67,91,60",
                        "endOffsets": "6116,6184,6282,6356,6407,6475,6567,6628"
                    }
                },
                {
                    "source": "C:\\Users\\Mudassar\\.gradle\\caches\\transforms-2\\files-2.1\\d7e0c950707e021378551cecb6624e83\\core-1.1.0\\res\\values-hr\\values-hr.xml",
                    "from": {
                        "startLines": "2",
                        "startColumns": "4",
                        "startOffsets": "55",
                        "endColumns": "100",
                        "endOffsets": "151"
                    },
                    "to": {
                        "startLines": "61",
                        "startColumns": "4",
                        "startOffsets": "6717",
                        "endColumns": "100",
                        "endOffsets": "6813"
                    }
                },
                {
                    "source": "C:\\Users\\Mudassar\\.gradle\\caches\\transforms-2\\files-2.1\\78e7d3f5487dbf3c8bd1a75d0d68a2a0\\appcompat-1.1.0\\res\\values-hr\\values-hr.xml",
                    "from": {
                        "startLines": "2,3,4,5,6,7,8,9,10,11,12,13,14,15,16,17,18,19,20,21,22,23,24,25,26,27,28,29",
                        "startColumns": "4,4,4,4,4,4,4,4,4,4,4,4,4,4,4,4,4,4,4,4,4,4,4,4,4,4,4,4",
                        "startOffsets": "105,210,305,412,498,602,721,806,889,980,1072,1167,1261,1362,1455,1550,1645,1736,1827,1912,2016,2128,2229,2334,2448,2550,2719,2816",
                        "endColumns": "104,94,106,85,103,118,84,82,90,91,94,93,100,92,94,94,90,90,84,103,111,100,104,113,101,168,96,83",
                        "endOffsets": "205,300,407,493,597,716,801,884,975,1067,1162,1256,1357,1450,1545,1640,1731,1822,1907,2011,2123,2224,2329,2443,2545,2714,2811,2895"
                    },
                    "to": {
                        "startLines": "2,3,4,5,6,7,8,9,10,11,12,13,14,15,16,17,18,19,20,21,22,23,24,25,26,27,28,60",
                        "startColumns": "4,4,4,4,4,4,4,4,4,4,4,4,4,4,4,4,4,4,4,4,4,4,4,4,4,4,4,4",
                        "startOffsets": "105,210,305,412,498,602,721,806,889,980,1072,1167,1261,1362,1455,1550,1645,1736,1827,1912,2016,2128,2229,2334,2448,2550,2719,6633",
                        "endColumns": "104,94,106,85,103,118,84,82,90,91,94,93,100,92,94,94,90,90,84,103,111,100,104,113,101,168,96,83",
                        "endOffsets": "205,300,407,493,597,716,801,884,975,1067,1162,1256,1357,1450,1545,1640,1731,1822,1907,2011,2123,2224,2329,2443,2545,2714,2811,6712"
                    }
                },
                {
                    "source": "C:\\Users\\Mudassar\\.gradle\\caches\\transforms-2\\files-2.1\\222cdc43ab70d3d702638d878ca1cedb\\jetified-navigation-ui-2.1.0\\res\\values-hr\\values-hr.xml",
                    "from": {
                        "startLines": "2,3",
                        "startColumns": "4,4",
                        "startOffsets": "55,158",
                        "endColumns": "102,124",
                        "endOffsets": "153,278"
                    },
                    "to": {
                        "startLines": "48,49",
                        "startColumns": "4,4",
                        "startOffsets": "5596,5699",
                        "endColumns": "102,124",
                        "endOffsets": "5694,5819"
                    }
                },
                {
                    "source": "C:\\Users\\Mudassar\\.gradle\\caches\\transforms-2\\files-2.1\\9350583047d9d28e7a4708239acec4f1\\jetified-firebase-messaging-20.0.0\\res\\values-hr\\values.xml",
                    "from": {
                        "startLines": "4",
                        "startColumns": "0",
                        "startOffsets": "205",
                        "endColumns": "99",
                        "endOffsets": "304"
                    },
                    "to": {
                        "startLines": "47",
                        "startColumns": "4",
                        "startOffsets": "5492",
                        "endColumns": "103",
                        "endOffsets": "5591"
                    }
                },
                {
                    "source": "C:\\Users\\Mudassar\\.gradle\\caches\\transforms-2\\files-2.1\\4d90089bba98735a4773fb5da4aac47c\\jetified-play-services-places-16.0.0\\res\\values-hr\\values.xml",
                    "from": {
                        "startLines": "4,5",
                        "startColumns": "0,0",
                        "startOffsets": "193,302",
                        "endColumns": "108,95",
                        "endOffsets": "301,397"
                    },
                    "to": {
                        "startLines": "50,51",
                        "startColumns": "4,4",
                        "startOffsets": "5824,5937",
                        "endColumns": "112,99",
                        "endOffsets": "5932,6032"
                    }
                },
                {
                    "source": "C:\\Users\\Mudassar\\.gradle\\caches\\transforms-2\\files-2.1\\fc1a205467b5c433350d5b0560a1781f\\play-services-base-17.1.0\\res\\values-hr\\values.xml",
                    "from": {
                        "startLines": "4,5,6,7,8,9,10,11,12,13,14,15,16,17,18,19,20",
                        "startColumns": "0,0,0,0,0,0,0,0,0,0,0,0,0,0,0,0,0",
                        "startOffsets": "245,349,538,666,774,990,1118,1259,1391,1600,1705,1893,2019,2225,2394,2488,2576",
                        "endColumns": "103,188,127,107,215,127,140,131,208,104,187,125,205,168,93,87,105",
                        "endOffsets": "348,537,665,773,989,1117,1258,1390,1599,1704,1892,2018,2224,2393,2487,2575,2681"
                    },
                    "to": {
                        "startLines": "29,30,31,32,33,34,35,36,38,39,40,41,42,43,44,45,46",
                        "startColumns": "4,4,4,4,4,4,4,4,4,4,4,4,4,4,4,4,4",
                        "startOffsets": "2816,2924,3113,3245,3357,3573,3705,3850,4177,4386,4495,4683,4813,5019,5192,5290,5382",
                        "endColumns": "107,188,131,111,215,131,144,135,208,108,187,129,205,172,97,91,109",
                        "endOffsets": "2919,3108,3240,3352,3568,3700,3845,3981,4381,4490,4678,4808,5014,5187,5285,5377,5487"
                    }
                },
                {
                    "source": "C:\\Users\\Mudassar\\.gradle\\caches\\transforms-2\\files-2.1\\4bb36207c20871865b7b6196a54ae023\\jetified-play-services-basement-17.0.0\\res\\values-hr\\values.xml",
                    "from": {
                        "startLines": "4",
                        "startColumns": "0",
                        "startOffsets": "247",
                        "endColumns": "190",
                        "endOffsets": "437"
                    },
                    "to": {
                        "startLines": "37",
                        "startColumns": "4",
                        "startOffsets": "3986",
                        "endColumns": "190",
                        "endOffsets": "4172"
                    }
                }
            ]
        }
    ]
}