{
    "logs": [
        {
            "outputFile": "D:\\1 BSCS 8TH\\CarController\\app\\build\\intermediates\\incremental\\mergeDebugResources\\merged.dir\\values-in\\values-in.xml",
            "map": [
                {
                    "source": "C:\\Users\\Mudassar\\.gradle\\caches\\transforms-2\\files-2.1\\4d90089bba98735a4773fb5da4aac47c\\jetified-play-services-places-16.0.0\\res\\values-in\\values.xml",
                    "from": {
                        "startLines": "4,5",
                        "startColumns": "0,0",
                        "startOffsets": "193,297",
                        "endColumns": "103,93",
                        "endOffsets": "296,390"
                    },
                    "to": {
                        "startLines": "68,69",
                        "startColumns": "4,4",
                        "startOffsets": "7153,7261",
                        "endColumns": "107,97",
                        "endOffsets": "7256,7354"
                    }
                },
                {
                    "source": "C:\\Users\\Mudassar\\.gradle\\caches\\transforms-2\\files-2.1\\222cdc43ab70d3d702638d878ca1cedb\\jetified-navigation-ui-2.1.0\\res\\values-in\\values-in.xml",
                    "from": {
                        "startLines": "2,3",
                        "startColumns": "4,4",
                        "startOffsets": "55,165",
                        "endColumns": "109,113",
                        "endOffsets": "160,274"
                    },
                    "to": {
                        "startLines": "66,67",
                        "startColumns": "4,4",
                        "startOffsets": "6929,7039",
                        "endColumns": "109,113",
                        "endOffsets": "7034,7148"
                    }
                },
                {
                    "source": "C:\\Users\\Mudassar\\.gradle\\caches\\transforms-2\\files-2.1\\9350583047d9d28e7a4708239acec4f1\\jetified-firebase-messaging-20.0.0\\res\\values-in\\values.xml",
                    "from": {
                        "startLines": "4",
                        "startColumns": "0",
                        "startOffsets": "205",
                        "endColumns": "103",
                        "endOffsets": "308"
                    },
                    "to": {
                        "startLines": "65",
                        "startColumns": "4",
                        "startOffsets": "6821",
                        "endColumns": "107",
                        "endOffsets": "6924"
                    }
                },
                {
                    "source": "C:\\Users\\Mudassar\\.gradle\\caches\\transforms-2\\files-2.1\\d835d2effcd8e97c306f6a50688d9a8a\\jetified-places-compat-1.0.0\\res\\values-in\\values.xml",
                    "from": {
                        "startLines": "4,5,6,7,8,9,10,11",
                        "startColumns": "0,0,0,0,0,0,0,0",
                        "startOffsets": "184,259,322,414,479,523,596,678",
                        "endColumns": "74,62,91,64,43,72,81,50",
                        "endOffsets": "258,321,413,478,522,595,677,728"
                    },
                    "to": {
                        "startLines": "70,71,72,73,74,75,76,77",
                        "startColumns": "4,4,4,4,4,4,4,4",
                        "startOffsets": "7359,7438,7505,7601,7670,7718,7795,7881",
                        "endColumns": "78,66,95,68,47,76,85,54",
                        "endOffsets": "7433,7500,7596,7665,7713,7790,7876,7931"
                    }
                },
                {
                    "source": "C:\\Users\\Mudassar\\.gradle\\caches\\transforms-2\\files-2.1\\2c829cd8480f9c4cc065b3508607ae1b\\AppIntro-5.1.0\\res\\values-in\\values-in.xml",
                    "from": {
                        "startLines": "2,3",
                        "startColumns": "4,4",
                        "startOffsets": "55,113",
                        "endColumns": "57,56",
                        "endOffsets": "108,165"
                    },
                    "to": {
                        "startLines": "29,30",
                        "startColumns": "4,4",
                        "startOffsets": "2809,2867",
                        "endColumns": "57,56",
                        "endOffsets": "2862,2919"
                    }
                },
                {
                    "source": "C:\\Users\\Mudassar\\.gradle\\caches\\transforms-2\\files-2.1\\d7e0c950707e021378551cecb6624e83\\core-1.1.0\\res\\values-in\\values-in.xml",
                    "from": {
                        "startLines": "2",
                        "startColumns": "4",
                        "startOffsets": "55",
                        "endColumns": "100",
                        "endOffsets": "151"
                    },
                    "to": {
                        "startLines": "79",
                        "startColumns": "4",
                        "startOffsets": "8020",
                        "endColumns": "100",
                        "endOffsets": "8116"
                    }
                },
                {
                    "source": "C:\\Users\\Mudassar\\.gradle\\caches\\transforms-2\\files-2.1\\78e7d3f5487dbf3c8bd1a75d0d68a2a0\\appcompat-1.1.0\\res\\values-in\\values-in.xml",
                    "from": {
                        "startLines": "2,3,4,5,6,7,8,9,10,11,12,13,14,15,16,17,18,19,20,21,22,23,24,25,26,27,28,29",
                        "startColumns": "4,4,4,4,4,4,4,4,4,4,4,4,4,4,4,4,4,4,4,4,4,4,4,4,4,4,4,4",
                        "startOffsets": "105,220,324,429,516,620,736,819,898,989,1081,1176,1270,1371,1464,1559,1653,1744,1835,1920,2023,2128,2229,2333,2442,2550,2710,2809",
                        "endColumns": "114,103,104,86,103,115,82,78,90,91,94,93,100,92,94,93,90,90,84,102,104,100,103,108,107,159,98,83",
                        "endOffsets": "215,319,424,511,615,731,814,893,984,1076,1171,1265,1366,1459,1554,1648,1739,1830,1915,2018,2123,2224,2328,2437,2545,2705,2804,2888"
                    },
                    "to": {
                        "startLines": "2,3,4,5,6,7,8,9,10,11,12,13,14,15,16,17,18,19,20,21,22,23,24,25,26,27,28,78",
                        "startColumns": "4,4,4,4,4,4,4,4,4,4,4,4,4,4,4,4,4,4,4,4,4,4,4,4,4,4,4,4",
                        "startOffsets": "105,220,324,429,516,620,736,819,898,989,1081,1176,1270,1371,1464,1559,1653,1744,1835,1920,2023,2128,2229,2333,2442,2550,2710,7936",
                        "endColumns": "114,103,104,86,103,115,82,78,90,91,94,93,100,92,94,93,90,90,84,102,104,100,103,108,107,159,98,83",
                        "endOffsets": "215,319,424,511,615,731,814,893,984,1076,1171,1265,1366,1459,1554,1648,1739,1830,1915,2018,2123,2224,2328,2437,2545,2705,2804,8015"
                    }
                },
                {
                    "source": "C:\\Users\\Mudassar\\.gradle\\caches\\transforms-2\\files-2.1\\4bb36207c20871865b7b6196a54ae023\\jetified-play-services-basement-17.0.0\\res\\values-in\\values.xml",
                    "from": {
                        "startLines": "4",
                        "startColumns": "0",
                        "startOffsets": "247",
                        "endColumns": "190",
                        "endOffsets": "437"
                    },
                    "to": {
                        "startLines": "39",
                        "startColumns": "4",
                        "startOffsets": "4088",
                        "endColumns": "190",
                        "endOffsets": "4274"
                    }
                },
                {
                    "source": "C:\\Users\\Mudassar\\.gradle\\caches\\transforms-2\\files-2.1\\331a29bf788a80d77947dedb12eb153f\\imagepicker-2.0.0\\res\\values-in\\values-in.xml",
                    "from": {
                        "startLines": "2,3,4,5,6,7,8,9,10,11,12,13,14,15,16,17",
                        "startColumns": "4,4,4,4,4,4,4,4,4,4,4,4,4,4,4,4",
                        "startOffsets": "55,100,144,227,297,373,442,513,612,726,851,888,1012,1064,1134,1185",
                        "endColumns": "44,43,82,69,75,68,70,98,113,124,36,123,51,69,50,76",
                        "endOffsets": "95,139,222,292,368,437,508,607,721,846,883,1007,1059,1129,1180,1257"
                    },
                    "to": {
                        "startLines": "49,50,51,52,53,54,55,56,57,58,59,60,61,62,63,64",
                        "startColumns": "4,4,4,4,4,4,4,4,4,4,4,4,4,4,4,4",
                        "startOffsets": "5614,5659,5703,5786,5856,5932,6001,6072,6171,6285,6410,6447,6571,6623,6693,6744",
                        "endColumns": "44,43,82,69,75,68,70,98,113,124,36,123,51,69,50,76",
                        "endOffsets": "5654,5698,5781,5851,5927,5996,6067,6166,6280,6405,6442,6566,6618,6688,6739,6816"
                    }
                },
                {
                    "source": "C:\\Users\\Mudassar\\.gradle\\caches\\transforms-2\\files-2.1\\fc1a205467b5c433350d5b0560a1781f\\play-services-base-17.1.0\\res\\values-in\\values.xml",
                    "from": {
                        "startLines": "4,5,6,7,8,9,10,11,12,13,14,15,16,17,18,19,20",
                        "startColumns": "0,0,0,0,0,0,0,0,0,0,0,0,0,0,0,0,0",
                        "startOffsets": "245,350,546,670,774,988,1113,1254,1385,1610,1713,1908,2032,2246,2416,2506,2592",
                        "endColumns": "104,195,123,103,213,124,140,130,224,102,194,123,213,169,89,85,103",
                        "endOffsets": "349,545,669,773,987,1112,1253,1384,1609,1712,1907,2031,2245,2415,2505,2591,2695"
                    },
                    "to": {
                        "startLines": "31,32,33,34,35,36,37,38,40,41,42,43,44,45,46,47,48",
                        "startColumns": "4,4,4,4,4,4,4,4,4,4,4,4,4,4,4,4,4",
                        "startOffsets": "2924,3033,3229,3357,3465,3679,3808,3953,4279,4504,4611,4806,4934,5148,5322,5416,5506",
                        "endColumns": "108,195,127,107,213,128,144,134,224,106,194,127,213,173,93,89,107",
                        "endOffsets": "3028,3224,3352,3460,3674,3803,3948,4083,4499,4606,4801,4929,5143,5317,5411,5501,5609"
                    }
                }
            ]
        }
    ]
}