{
    "logs": [
        {
            "outputFile": "D:\\1 BSCS 8TH\\CarController\\app\\build\\intermediates\\incremental\\mergeDebugResources\\merged.dir\\values-az\\values-az.xml",
            "map": [
                {
                    "source": "C:\\Users\\Mudassar\\.gradle\\caches\\transforms-2\\files-2.1\\9350583047d9d28e7a4708239acec4f1\\jetified-firebase-messaging-20.0.0\\res\\values-az\\values.xml",
                    "from": {
                        "startLines": "4",
                        "startColumns": "0",
                        "startOffsets": "205",
                        "endColumns": "102",
                        "endOffsets": "307"
                    },
                    "to": {
                        "startLines": "47",
                        "startColumns": "4",
                        "startOffsets": "5548",
                        "endColumns": "106",
                        "endOffsets": "5650"
                    }
                },
                {
                    "source": "C:\\Users\\Mudassar\\.gradle\\caches\\transforms-2\\files-2.1\\4d90089bba98735a4773fb5da4aac47c\\jetified-play-services-places-16.0.0\\res\\values-az\\values.xml",
                    "from": {
                        "startLines": "4,5",
                        "startColumns": "0,0",
                        "startOffsets": "193,299",
                        "endColumns": "105,92",
                        "endOffsets": "298,391"
                    },
                    "to": {
                        "startLines": "50,51",
                        "startColumns": "4,4",
                        "startOffsets": "5881,5991",
                        "endColumns": "109,96",
                        "endOffsets": "5986,6083"
                    }
                },
                {
                    "source": "C:\\Users\\Mudassar\\.gradle\\caches\\transforms-2\\files-2.1\\d7e0c950707e021378551cecb6624e83\\core-1.1.0\\res\\values-az\\values-az.xml",
                    "from": {
                        "startLines": "2",
                        "startColumns": "4",
                        "startOffsets": "55",
                        "endColumns": "100",
                        "endOffsets": "151"
                    },
                    "to": {
                        "startLines": "61",
                        "startColumns": "4",
                        "startOffsets": "6745",
                        "endColumns": "100",
                        "endOffsets": "6841"
                    }
                },
                {
                    "source": "C:\\Users\\Mudassar\\.gradle\\caches\\transforms-2\\files-2.1\\78e7d3f5487dbf3c8bd1a75d0d68a2a0\\appcompat-1.1.0\\res\\values-az\\values-az.xml",
                    "from": {
                        "startLines": "2,3,4,5,6,7,8,9,10,11,12,13,14,15,16,17,18,19,20,21,22,23,24,25,26,27,28,29",
                        "startColumns": "4,4,4,4,4,4,4,4,4,4,4,4,4,4,4,4,4,4,4,4,4,4,4,4,4,4,4,4",
                        "startOffsets": "105,215,316,426,514,621,735,817,896,987,1079,1173,1272,1373,1466,1561,1655,1746,1838,1922,2027,2133,2233,2342,2447,2549,2707,2813",
                        "endColumns": "109,100,109,87,106,113,81,78,90,91,93,98,100,92,94,93,90,91,83,104,105,99,108,104,101,157,105,82",
                        "endOffsets": "210,311,421,509,616,730,812,891,982,1074,1168,1267,1368,1461,1556,1650,1741,1833,1917,2022,2128,2228,2337,2442,2544,2702,2808,2891"
                    },
                    "to": {
                        "startLines": "2,3,4,5,6,7,8,9,10,11,12,13,14,15,16,17,18,19,20,21,22,23,24,25,26,27,28,60",
                        "startColumns": "4,4,4,4,4,4,4,4,4,4,4,4,4,4,4,4,4,4,4,4,4,4,4,4,4,4,4,4",
                        "startOffsets": "105,215,316,426,514,621,735,817,896,987,1079,1173,1272,1373,1466,1561,1655,1746,1838,1922,2027,2133,2233,2342,2447,2549,2707,6662",
                        "endColumns": "109,100,109,87,106,113,81,78,90,91,93,98,100,92,94,93,90,91,83,104,105,99,108,104,101,157,105,82",
                        "endOffsets": "210,311,421,509,616,730,812,891,982,1074,1168,1267,1368,1461,1556,1650,1741,1833,1917,2022,2128,2228,2337,2442,2544,2702,2808,6740"
                    }
                },
                {
                    "source": "C:\\Users\\Mudassar\\.gradle\\caches\\transforms-2\\files-2.1\\4bb36207c20871865b7b6196a54ae023\\jetified-play-services-basement-17.0.0\\res\\values-az\\values.xml",
                    "from": {
                        "startLines": "4",
                        "startColumns": "0",
                        "startOffsets": "247",
                        "endColumns": "220",
                        "endOffsets": "467"
                    },
                    "to": {
                        "startLines": "37",
                        "startColumns": "4",
                        "startOffsets": "3983",
                        "endColumns": "220",
                        "endOffsets": "4199"
                    }
                },
                {
                    "source": "C:\\Users\\Mudassar\\.gradle\\caches\\transforms-2\\files-2.1\\fc1a205467b5c433350d5b0560a1781f\\play-services-base-17.1.0\\res\\values-az\\values.xml",
                    "from": {
                        "startLines": "4,5,6,7,8,9,10,11,12,13,14,15,16,17,18,19,20",
                        "startColumns": "0,0,0,0,0,0,0,0,0,0,0,0,0,0,0,0,0",
                        "startOffsets": "245,352,539,670,778,983,1114,1260,1391,1616,1724,1904,2039,2242,2424,2514,2605",
                        "endColumns": "106,186,130,107,204,130,145,130,224,107,179,134,202,181,89,90,105",
                        "endOffsets": "351,538,669,777,982,1113,1259,1390,1615,1723,1903,2038,2241,2423,2513,2604,2710"
                    },
                    "to": {
                        "startLines": "29,30,31,32,33,34,35,36,38,39,40,41,42,43,44,45,46",
                        "startColumns": "4,4,4,4,4,4,4,4,4,4,4,4,4,4,4,4,4",
                        "startOffsets": "2813,2924,3111,3246,3358,3563,3698,3848,4204,4429,4541,4721,4860,5063,5249,5343,5438",
                        "endColumns": "110,186,134,111,204,134,149,134,224,111,179,138,202,185,93,94,109",
                        "endOffsets": "2919,3106,3241,3353,3558,3693,3843,3978,4424,4536,4716,4855,5058,5244,5338,5433,5543"
                    }
                },
                {
                    "source": "C:\\Users\\Mudassar\\.gradle\\caches\\transforms-2\\files-2.1\\222cdc43ab70d3d702638d878ca1cedb\\jetified-navigation-ui-2.1.0\\res\\values-az\\values-az.xml",
                    "from": {
                        "startLines": "2,3",
                        "startColumns": "4,4",
                        "startOffsets": "55,162",
                        "endColumns": "106,118",
                        "endOffsets": "157,276"
                    },
                    "to": {
                        "startLines": "48,49",
                        "startColumns": "4,4",
                        "startOffsets": "5655,5762",
                        "endColumns": "106,118",
                        "endOffsets": "5757,5876"
                    }
                },
                {
                    "source": "C:\\Users\\Mudassar\\.gradle\\caches\\transforms-2\\files-2.1\\d835d2effcd8e97c306f6a50688d9a8a\\jetified-places-compat-1.0.0\\res\\values-az\\values.xml",
                    "from": {
                        "startLines": "4,5,6,7,8,9,10,11",
                        "startColumns": "0,0,0,0,0,0,0,0",
                        "startOffsets": "184,256,316,405,469,517,596,670",
                        "endColumns": "71,59,88,63,47,78,73,55",
                        "endOffsets": "255,315,404,468,516,595,669,725"
                    },
                    "to": {
                        "startLines": "52,53,54,55,56,57,58,59",
                        "startColumns": "4,4,4,4,4,4,4,4",
                        "startOffsets": "6088,6164,6228,6321,6389,6441,6524,6602",
                        "endColumns": "75,63,92,67,51,82,77,59",
                        "endOffsets": "6159,6223,6316,6384,6436,6519,6597,6657"
                    }
                }
            ]
        }
    ]
}