{
    "logs": [
        {
            "outputFile": "D:\\1 BSCS 8TH\\CarController\\app\\build\\intermediates\\incremental\\mergeDebugResources\\merged.dir\\values-da\\values-da.xml",
            "map": [
                {
                    "source": "C:\\Users\\Mudassar\\.gradle\\caches\\transforms-2\\files-2.1\\fc1a205467b5c433350d5b0560a1781f\\play-services-base-17.1.0\\res\\values-da\\values.xml",
                    "from": {
                        "startLines": "4,5,6,7,8,9,10,11,12,13,14,15,16,17,18,19,20",
                        "startColumns": "0,0,0,0,0,0,0,0,0,0,0,0,0,0,0,0,0",
                        "startOffsets": "245,349,541,666,773,975,1098,1244,1374,1589,1693,1886,2011,2215,2419,2511,2599",
                        "endColumns": "103,191,124,106,201,122,145,129,214,103,192,124,203,203,91,87,102",
                        "endOffsets": "348,540,665,772,974,1097,1243,1373,1588,1692,1885,2010,2214,2418,2510,2598,2701"
                    },
                    "to": {
                        "startLines": "29,30,31,32,33,34,35,36,38,39,40,41,42,43,44,45,46",
                        "startColumns": "4,4,4,4,4,4,4,4,4,4,4,4,4,4,4,4,4",
                        "startOffsets": "2757,2865,3057,3186,3297,3499,3626,3776,4096,4311,4419,4612,4741,4945,5153,5249,5341",
                        "endColumns": "107,191,128,110,201,126,149,133,214,107,192,128,203,207,95,91,106",
                        "endOffsets": "2860,3052,3181,3292,3494,3621,3771,3905,4306,4414,4607,4736,4940,5148,5244,5336,5443"
                    }
                },
                {
                    "source": "C:\\Users\\Mudassar\\.gradle\\caches\\transforms-2\\files-2.1\\d835d2effcd8e97c306f6a50688d9a8a\\jetified-places-compat-1.0.0\\res\\values-da\\values.xml",
                    "from": {
                        "startLines": "4,5,6,7,8,9,10,11",
                        "startColumns": "0,0,0,0,0,0,0,0",
                        "startOffsets": "184,253,316,407,467,514,581,663",
                        "endColumns": "68,62,90,59,46,66,81,50",
                        "endOffsets": "252,315,406,466,513,580,662,713"
                    },
                    "to": {
                        "startLines": "72,73,74,75,76,77,78,79",
                        "startColumns": "4,4,4,4,4,4,4,4",
                        "startOffsets": "7430,7503,7570,7665,7729,7780,7851,7937",
                        "endColumns": "72,66,94,63,50,70,85,54",
                        "endOffsets": "7498,7565,7660,7724,7775,7846,7932,7987"
                    }
                },
                {
                    "source": "C:\\Users\\Mudassar\\.gradle\\caches\\transforms-2\\files-2.1\\78e7d3f5487dbf3c8bd1a75d0d68a2a0\\appcompat-1.1.0\\res\\values-da\\values-da.xml",
                    "from": {
                        "startLines": "2,3,4,5,6,7,8,9,10,11,12,13,14,15,16,17,18,19,20,21,22,23,24,25,26,27,28,29",
                        "startColumns": "4,4,4,4,4,4,4,4,4,4,4,4,4,4,4,4,4,4,4,4,4,4,4,4,4,4,4,4",
                        "startOffsets": "105,205,299,415,500,600,713,791,868,959,1051,1144,1238,1333,1426,1521,1619,1710,1801,1879,1987,2094,2190,2303,2406,2507,2660,2757",
                        "endColumns": "99,93,115,84,99,112,77,76,90,91,92,93,94,92,94,97,90,90,77,107,106,95,112,102,100,152,96,78",
                        "endOffsets": "200,294,410,495,595,708,786,863,954,1046,1139,1233,1328,1421,1516,1614,1705,1796,1874,1982,2089,2185,2298,2401,2502,2655,2752,2831"
                    },
                    "to": {
                        "startLines": "2,3,4,5,6,7,8,9,10,11,12,13,14,15,16,17,18,19,20,21,22,23,24,25,26,27,28,80",
                        "startColumns": "4,4,4,4,4,4,4,4,4,4,4,4,4,4,4,4,4,4,4,4,4,4,4,4,4,4,4,4",
                        "startOffsets": "105,205,299,415,500,600,713,791,868,959,1051,1144,1238,1333,1426,1521,1619,1710,1801,1879,1987,2094,2190,2303,2406,2507,2660,7992",
                        "endColumns": "99,93,115,84,99,112,77,76,90,91,92,93,94,92,94,97,90,90,77,107,106,95,112,102,100,152,96,78",
                        "endOffsets": "200,294,410,495,595,708,786,863,954,1046,1139,1233,1328,1421,1516,1614,1705,1796,1874,1982,2089,2185,2298,2401,2502,2655,2752,8066"
                    }
                },
                {
                    "source": "C:\\Users\\Mudassar\\.gradle\\caches\\transforms-2\\files-2.1\\331a29bf788a80d77947dedb12eb153f\\imagepicker-2.0.0\\res\\values-da\\values-da.xml",
                    "from": {
                        "startLines": "2,3,4,5,6,7,8,9,10,11,12,13,14,15,16,17,18,19,20,21",
                        "startColumns": "4,4,4,4,4,4,4,4,4,4,4,4,4,4,4,4,4,4,4,4",
                        "startOffsets": "55,100,179,256,299,391,462,542,602,672,742,825,928,1054,1091,1215,1264,1331,1381,1458",
                        "endColumns": "44,78,76,42,91,70,79,59,69,69,82,102,125,36,123,48,66,49,76,63",
                        "endOffsets": "95,174,251,294,386,457,537,597,667,737,820,923,1049,1086,1210,1259,1326,1376,1453,1517"
                    },
                    "to": {
                        "startLines": "47,48,49,50,51,52,53,54,55,56,57,58,59,60,61,62,63,64,65,66",
                        "startColumns": "4,4,4,4,4,4,4,4,4,4,4,4,4,4,4,4,4,4,4,4",
                        "startOffsets": "5448,5493,5572,5649,5692,5784,5855,5935,5995,6065,6135,6218,6321,6447,6484,6608,6657,6724,6774,6851",
                        "endColumns": "44,78,76,42,91,70,79,59,69,69,82,102,125,36,123,48,66,49,76,63",
                        "endOffsets": "5488,5567,5644,5687,5779,5850,5930,5990,6060,6130,6213,6316,6442,6479,6603,6652,6719,6769,6846,6910"
                    }
                },
                {
                    "source": "C:\\Users\\Mudassar\\.gradle\\caches\\transforms-2\\files-2.1\\4bb36207c20871865b7b6196a54ae023\\jetified-play-services-basement-17.0.0\\res\\values-da\\values.xml",
                    "from": {
                        "startLines": "4",
                        "startColumns": "0",
                        "startOffsets": "247",
                        "endColumns": "185",
                        "endOffsets": "432"
                    },
                    "to": {
                        "startLines": "37",
                        "startColumns": "4",
                        "startOffsets": "3910",
                        "endColumns": "185",
                        "endOffsets": "4091"
                    }
                },
                {
                    "source": "C:\\Users\\Mudassar\\.gradle\\caches\\transforms-2\\files-2.1\\222cdc43ab70d3d702638d878ca1cedb\\jetified-navigation-ui-2.1.0\\res\\values-da\\values-da.xml",
                    "from": {
                        "startLines": "2,3",
                        "startColumns": "4,4",
                        "startOffsets": "55,160",
                        "endColumns": "104,108",
                        "endOffsets": "155,264"
                    },
                    "to": {
                        "startLines": "68,69",
                        "startColumns": "4,4",
                        "startOffsets": "7021,7126",
                        "endColumns": "104,108",
                        "endOffsets": "7121,7230"
                    }
                },
                {
                    "source": "C:\\Users\\Mudassar\\.gradle\\caches\\transforms-2\\files-2.1\\4d90089bba98735a4773fb5da4aac47c\\jetified-play-services-places-16.0.0\\res\\values-da\\values.xml",
                    "from": {
                        "startLines": "4,5",
                        "startColumns": "0,0",
                        "startOffsets": "193,291",
                        "endColumns": "97,88",
                        "endOffsets": "290,379"
                    },
                    "to": {
                        "startLines": "70,71",
                        "startColumns": "4,4",
                        "startOffsets": "7235,7337",
                        "endColumns": "101,92",
                        "endOffsets": "7332,7425"
                    }
                },
                {
                    "source": "C:\\Users\\Mudassar\\.gradle\\caches\\transforms-2\\files-2.1\\d7e0c950707e021378551cecb6624e83\\core-1.1.0\\res\\values-da\\values-da.xml",
                    "from": {
                        "startLines": "2",
                        "startColumns": "4",
                        "startOffsets": "55",
                        "endColumns": "100",
                        "endOffsets": "151"
                    },
                    "to": {
                        "startLines": "81",
                        "startColumns": "4",
                        "startOffsets": "8071",
                        "endColumns": "100",
                        "endOffsets": "8167"
                    }
                },
                {
                    "source": "C:\\Users\\Mudassar\\.gradle\\caches\\transforms-2\\files-2.1\\9350583047d9d28e7a4708239acec4f1\\jetified-firebase-messaging-20.0.0\\res\\values-da\\values.xml",
                    "from": {
                        "startLines": "4",
                        "startColumns": "0",
                        "startOffsets": "205",
                        "endColumns": "101",
                        "endOffsets": "306"
                    },
                    "to": {
                        "startLines": "67",
                        "startColumns": "4",
                        "startOffsets": "6915",
                        "endColumns": "105",
                        "endOffsets": "7016"
                    }
                }
            ]
        }
    ]
}