{
    "logs": [
        {
            "outputFile": "D:\\1 BSCS 8TH\\CarController\\app\\build\\intermediates\\incremental\\mergeDebugResources\\merged.dir\\values-zh-rHK\\values-zh-rHK.xml",
            "map": [
                {
                    "source": "C:\\Users\\Mudassar\\.gradle\\caches\\transforms-2\\files-2.1\\d7e0c950707e021378551cecb6624e83\\core-1.1.0\\res\\values-zh-rHK\\values-zh-rHK.xml",
                    "from": {
                        "startLines": "2",
                        "startColumns": "4",
                        "startOffsets": "55",
                        "endColumns": "100",
                        "endOffsets": "151"
                    },
                    "to": {
                        "startLines": "61",
                        "startColumns": "4",
                        "startOffsets": "6041",
                        "endColumns": "100",
                        "endOffsets": "6137"
                    }
                },
                {
                    "source": "C:\\Users\\Mudassar\\.gradle\\caches\\transforms-2\\files-2.1\\222cdc43ab70d3d702638d878ca1cedb\\jetified-navigation-ui-2.1.0\\res\\values-zh-rHK\\values-zh-rHK.xml",
                    "from": {
                        "startLines": "2,3",
                        "startColumns": "4,4",
                        "startOffsets": "55,154",
                        "endColumns": "98,99",
                        "endOffsets": "149,249"
                    },
                    "to": {
                        "startLines": "48,49",
                        "startColumns": "4,4",
                        "startOffsets": "5082,5181",
                        "endColumns": "98,99",
                        "endOffsets": "5176,5276"
                    }
                },
                {
                    "source": "C:\\Users\\Mudassar\\.gradle\\caches\\transforms-2\\files-2.1\\4bb36207c20871865b7b6196a54ae023\\jetified-play-services-basement-17.0.0\\res\\values-zh-rHK\\values.xml",
                    "from": {
                        "startLines": "4",
                        "startColumns": "0",
                        "startOffsets": "251",
                        "endColumns": "166",
                        "endOffsets": "417"
                    },
                    "to": {
                        "startLines": "37",
                        "startColumns": "4",
                        "startOffsets": "3688",
                        "endColumns": "166",
                        "endOffsets": "3850"
                    }
                },
                {
                    "source": "C:\\Users\\Mudassar\\.gradle\\caches\\transforms-2\\files-2.1\\4d90089bba98735a4773fb5da4aac47c\\jetified-play-services-places-16.0.0\\res\\values-zh-rHK\\values.xml",
                    "from": {
                        "startLines": "4,5",
                        "startColumns": "0,0",
                        "startOffsets": "197,288",
                        "endColumns": "90,87",
                        "endOffsets": "287,375"
                    },
                    "to": {
                        "startLines": "50,51",
                        "startColumns": "4,4",
                        "startOffsets": "5281,5376",
                        "endColumns": "94,91",
                        "endOffsets": "5371,5463"
                    }
                },
                {
                    "source": "C:\\Users\\Mudassar\\.gradle\\caches\\transforms-2\\files-2.1\\fc1a205467b5c433350d5b0560a1781f\\play-services-base-17.1.0\\res\\values-zh-rHK\\values.xml",
                    "from": {
                        "startLines": "4,5,6,7,8,9,10,11,12,13,14,15,16,17,18,19,20",
                        "startColumns": "0,0,0,0,0,0,0,0,0,0,0,0,0,0,0,0,0",
                        "startOffsets": "249,348,508,621,721,887,1001,1129,1247,1416,1515,1675,1788,1954,2088,2169,2252",
                        "endColumns": "98,159,112,99,165,113,127,117,168,98,159,112,165,133,80,82,96",
                        "endOffsets": "347,507,620,720,886,1000,1128,1246,1415,1514,1674,1787,1953,2087,2168,2251,2348"
                    },
                    "to": {
                        "startLines": "29,30,31,32,33,34,35,36,38,39,40,41,42,43,44,45,46",
                        "startColumns": "4,4,4,4,4,4,4,4,4,4,4,4,4,4,4,4,4",
                        "startOffsets": "2666,2769,2929,3046,3150,3316,3434,3566,3855,4024,4127,4287,4404,4570,4708,4793,4880",
                        "endColumns": "102,159,116,103,165,117,131,121,168,102,159,116,165,137,84,86,100",
                        "endOffsets": "2764,2924,3041,3145,3311,3429,3561,3683,4019,4122,4282,4399,4565,4703,4788,4875,4976"
                    }
                },
                {
                    "source": "C:\\Users\\Mudassar\\.gradle\\caches\\transforms-2\\files-2.1\\9350583047d9d28e7a4708239acec4f1\\jetified-firebase-messaging-20.0.0\\res\\values-zh-rHK\\values.xml",
                    "from": {
                        "startLines": "4",
                        "startColumns": "0",
                        "startOffsets": "209",
                        "endColumns": "96",
                        "endOffsets": "305"
                    },
                    "to": {
                        "startLines": "47",
                        "startColumns": "4",
                        "startOffsets": "4981",
                        "endColumns": "100",
                        "endOffsets": "5077"
                    }
                },
                {
                    "source": "C:\\Users\\Mudassar\\.gradle\\caches\\transforms-2\\files-2.1\\d835d2effcd8e97c306f6a50688d9a8a\\jetified-places-compat-1.0.0\\res\\values-zh-rHK\\values.xml",
                    "from": {
                        "startLines": "4,5,6,7,8,9,10,11",
                        "startColumns": "0,0,0,0,0,0,0,0",
                        "startOffsets": "188,250,305,388,447,488,551,605",
                        "endColumns": "61,54,82,58,40,62,53,45",
                        "endOffsets": "249,304,387,446,487,550,604,650"
                    },
                    "to": {
                        "startLines": "52,53,54,55,56,57,58,59",
                        "startColumns": "4,4,4,4,4,4,4,4",
                        "startOffsets": "5468,5534,5593,5680,5743,5788,5855,5913",
                        "endColumns": "65,58,86,62,44,66,57,49",
                        "endOffsets": "5529,5588,5675,5738,5783,5850,5908,5958"
                    }
                },
                {
                    "source": "C:\\Users\\Mudassar\\.gradle\\caches\\transforms-2\\files-2.1\\78e7d3f5487dbf3c8bd1a75d0d68a2a0\\appcompat-1.1.0\\res\\values-zh-rHK\\values-zh-rHK.xml",
                    "from": {
                        "startLines": "2,3,4,5,6,7,8,9,10,11,12,13,14,15,16,17,18,19,20,21,22,23,24,25,26,27,28,29",
                        "startColumns": "4,4,4,4,4,4,4,4,4,4,4,4,4,4,4,4,4,4,4,4,4,4,4,4,4,4,4,4",
                        "startOffsets": "105,200,293,393,475,572,680,757,833,925,1018,1109,1205,1301,1395,1491,1583,1675,1767,1844,1940,2035,2130,2227,2323,2421,2572,2666",
                        "endColumns": "94,92,99,81,96,107,76,75,91,92,90,95,95,93,95,91,91,91,76,95,94,94,96,95,97,150,93,77",
                        "endOffsets": "195,288,388,470,567,675,752,828,920,1013,1104,1200,1296,1390,1486,1578,1670,1762,1839,1935,2030,2125,2222,2318,2416,2567,2661,2739"
                    },
                    "to": {
                        "startLines": "2,3,4,5,6,7,8,9,10,11,12,13,14,15,16,17,18,19,20,21,22,23,24,25,26,27,28,60",
                        "startColumns": "4,4,4,4,4,4,4,4,4,4,4,4,4,4,4,4,4,4,4,4,4,4,4,4,4,4,4,4",
                        "startOffsets": "105,200,293,393,475,572,680,757,833,925,1018,1109,1205,1301,1395,1491,1583,1675,1767,1844,1940,2035,2130,2227,2323,2421,2572,5963",
                        "endColumns": "94,92,99,81,96,107,76,75,91,92,90,95,95,93,95,91,91,91,76,95,94,94,96,95,97,150,93,77",
                        "endOffsets": "195,288,388,470,567,675,752,828,920,1013,1104,1200,1296,1390,1486,1578,1670,1762,1839,1935,2030,2125,2222,2318,2416,2567,2661,6036"
                    }
                }
            ]
        }
    ]
}