{
    "logs": [
        {
            "outputFile": "D:\\1 BSCS 8TH\\CarController\\app\\build\\intermediates\\incremental\\mergeDebugResources\\merged.dir\\values-iw\\values-iw.xml",
            "map": [
                {
                    "source": "C:\\Users\\Mudassar\\.gradle\\caches\\transforms-2\\files-2.1\\222cdc43ab70d3d702638d878ca1cedb\\jetified-navigation-ui-2.1.0\\res\\values-iw\\values-iw.xml",
                    "from": {
                        "startLines": "2,3",
                        "startColumns": "4,4",
                        "startOffsets": "55,161",
                        "endColumns": "105,119",
                        "endOffsets": "156,276"
                    },
                    "to": {
                        "startLines": "48,49",
                        "startColumns": "4,4",
                        "startOffsets": "5424,5530",
                        "endColumns": "105,119",
                        "endOffsets": "5525,5645"
                    }
                },
                {
                    "source": "C:\\Users\\Mudassar\\.gradle\\caches\\transforms-2\\files-2.1\\9350583047d9d28e7a4708239acec4f1\\jetified-firebase-messaging-20.0.0\\res\\values-iw\\values.xml",
                    "from": {
                        "startLines": "4",
                        "startColumns": "0",
                        "startOffsets": "205",
                        "endColumns": "99",
                        "endOffsets": "304"
                    },
                    "to": {
                        "startLines": "47",
                        "startColumns": "4",
                        "startOffsets": "5320",
                        "endColumns": "103",
                        "endOffsets": "5419"
                    }
                },
                {
                    "source": "C:\\Users\\Mudassar\\.gradle\\caches\\transforms-2\\files-2.1\\4d90089bba98735a4773fb5da4aac47c\\jetified-play-services-places-16.0.0\\res\\values-iw\\values.xml",
                    "from": {
                        "startLines": "4,5",
                        "startColumns": "0,0",
                        "startOffsets": "193,293",
                        "endColumns": "99,90",
                        "endOffsets": "292,383"
                    },
                    "to": {
                        "startLines": "50,51",
                        "startColumns": "4,4",
                        "startOffsets": "5650,5754",
                        "endColumns": "103,94",
                        "endOffsets": "5749,5844"
                    }
                },
                {
                    "source": "C:\\Users\\Mudassar\\.gradle\\caches\\transforms-2\\files-2.1\\d835d2effcd8e97c306f6a50688d9a8a\\jetified-places-compat-1.0.0\\res\\values-iw\\values.xml",
                    "from": {
                        "startLines": "4,5,6,7,8,9,10,11",
                        "startColumns": "0,0,0,0,0,0,0,0",
                        "startOffsets": "184,251,312,403,465,509,579,657",
                        "endColumns": "66,60,90,61,43,69,77,52",
                        "endOffsets": "250,311,402,464,508,578,656,709"
                    },
                    "to": {
                        "startLines": "52,53,54,55,56,57,58,59",
                        "startColumns": "4,4,4,4,4,4,4,4",
                        "startOffsets": "5849,5920,5985,6080,6146,6194,6268,6350",
                        "endColumns": "70,64,94,65,47,73,81,56",
                        "endOffsets": "5915,5980,6075,6141,6189,6263,6345,6402"
                    }
                },
                {
                    "source": "C:\\Users\\Mudassar\\.gradle\\caches\\transforms-2\\files-2.1\\fc1a205467b5c433350d5b0560a1781f\\play-services-base-17.1.0\\res\\values-iw\\values.xml",
                    "from": {
                        "startLines": "4,5,6,7,8,9,10,11,12,13,14,15,16,17,18,19,20",
                        "startColumns": "0,0,0,0,0,0,0,0,0,0,0,0,0,0,0,0,0",
                        "startOffsets": "245,346,532,655,757,955,1078,1216,1344,1539,1640,1816,1937,2130,2301,2387,2473",
                        "endColumns": "100,185,122,101,197,122,137,127,194,100,175,120,192,170,85,85,105",
                        "endOffsets": "345,531,654,756,954,1077,1215,1343,1538,1639,1815,1936,2129,2300,2386,2472,2578"
                    },
                    "to": {
                        "startLines": "29,30,31,32,33,34,35,36,38,39,40,41,42,43,44,45,46",
                        "startColumns": "4,4,4,4,4,4,4,4,4,4,4,4,4,4,4,4,4",
                        "startOffsets": "2761,2866,3052,3179,3285,3483,3610,3752,4061,4256,4361,4537,4662,4855,5030,5120,5210",
                        "endColumns": "104,185,126,105,197,126,141,131,194,104,175,124,192,174,89,89,109",
                        "endOffsets": "2861,3047,3174,3280,3478,3605,3747,3879,4251,4356,4532,4657,4850,5025,5115,5205,5315"
                    }
                },
                {
                    "source": "C:\\Users\\Mudassar\\.gradle\\caches\\transforms-2\\files-2.1\\78e7d3f5487dbf3c8bd1a75d0d68a2a0\\appcompat-1.1.0\\res\\values-iw\\values-iw.xml",
                    "from": {
                        "startLines": "2,3,4,5,6,7,8,9,10,11,12,13,14,15,16,17,18,19,20,21,22,23,24,25,26,27,28,29",
                        "startColumns": "4,4,4,4,4,4,4,4,4,4,4,4,4,4,4,4,4,4,4,4,4,4,4,4,4,4,4,4",
                        "startOffsets": "105,210,310,418,502,604,720,799,878,969,1062,1156,1250,1351,1444,1539,1632,1723,1815,1895,2000,2103,2201,2306,2408,2510,2664,2761",
                        "endColumns": "104,99,107,83,101,115,78,78,90,92,93,93,100,92,94,92,90,91,79,104,102,97,104,101,101,153,96,80",
                        "endOffsets": "205,305,413,497,599,715,794,873,964,1057,1151,1245,1346,1439,1534,1627,1718,1810,1890,1995,2098,2196,2301,2403,2505,2659,2756,2837"
                    },
                    "to": {
                        "startLines": "2,3,4,5,6,7,8,9,10,11,12,13,14,15,16,17,18,19,20,21,22,23,24,25,26,27,28,60",
                        "startColumns": "4,4,4,4,4,4,4,4,4,4,4,4,4,4,4,4,4,4,4,4,4,4,4,4,4,4,4,4",
                        "startOffsets": "105,210,310,418,502,604,720,799,878,969,1062,1156,1250,1351,1444,1539,1632,1723,1815,1895,2000,2103,2201,2306,2408,2510,2664,6407",
                        "endColumns": "104,99,107,83,101,115,78,78,90,92,93,93,100,92,94,92,90,91,79,104,102,97,104,101,101,153,96,80",
                        "endOffsets": "205,305,413,497,599,715,794,873,964,1057,1151,1245,1346,1439,1534,1627,1718,1810,1890,1995,2098,2196,2301,2403,2505,2659,2756,6483"
                    }
                },
                {
                    "source": "C:\\Users\\Mudassar\\.gradle\\caches\\transforms-2\\files-2.1\\4bb36207c20871865b7b6196a54ae023\\jetified-play-services-basement-17.0.0\\res\\values-iw\\values.xml",
                    "from": {
                        "startLines": "4",
                        "startColumns": "0",
                        "startOffsets": "247",
                        "endColumns": "176",
                        "endOffsets": "423"
                    },
                    "to": {
                        "startLines": "37",
                        "startColumns": "4",
                        "startOffsets": "3884",
                        "endColumns": "176",
                        "endOffsets": "4056"
                    }
                },
                {
                    "source": "C:\\Users\\Mudassar\\.gradle\\caches\\transforms-2\\files-2.1\\d7e0c950707e021378551cecb6624e83\\core-1.1.0\\res\\values-iw\\values-iw.xml",
                    "from": {
                        "startLines": "2",
                        "startColumns": "4",
                        "startOffsets": "55",
                        "endColumns": "100",
                        "endOffsets": "151"
                    },
                    "to": {
                        "startLines": "61",
                        "startColumns": "4",
                        "startOffsets": "6488",
                        "endColumns": "100",
                        "endOffsets": "6584"
                    }
                }
            ]
        }
    ]
}