{
    "logs": [
        {
            "outputFile": "D:\\1 BSCS 8TH\\CarController\\app\\build\\intermediates\\incremental\\mergeDebugResources\\merged.dir\\values-gu\\values-gu.xml",
            "map": [
                {
                    "source": "C:\\Users\\Mudassar\\.gradle\\caches\\transforms-2\\files-2.1\\9350583047d9d28e7a4708239acec4f1\\jetified-firebase-messaging-20.0.0\\res\\values-gu\\values.xml",
                    "from": {
                        "startLines": "4",
                        "startColumns": "0",
                        "startOffsets": "205",
                        "endColumns": "99",
                        "endOffsets": "304"
                    },
                    "to": {
                        "startLines": "47",
                        "startColumns": "4",
                        "startOffsets": "5453",
                        "endColumns": "103",
                        "endOffsets": "5552"
                    }
                },
                {
                    "source": "C:\\Users\\Mudassar\\.gradle\\caches\\transforms-2\\files-2.1\\4d90089bba98735a4773fb5da4aac47c\\jetified-play-services-places-16.0.0\\res\\values-gu\\values.xml",
                    "from": {
                        "startLines": "4,5",
                        "startColumns": "0,0",
                        "startOffsets": "193,291",
                        "endColumns": "97,89",
                        "endOffsets": "290,380"
                    },
                    "to": {
                        "startLines": "50,51",
                        "startColumns": "4,4",
                        "startOffsets": "5782,5884",
                        "endColumns": "101,93",
                        "endOffsets": "5879,5973"
                    }
                },
                {
                    "source": "C:\\Users\\Mudassar\\.gradle\\caches\\transforms-2\\files-2.1\\222cdc43ab70d3d702638d878ca1cedb\\jetified-navigation-ui-2.1.0\\res\\values-gu\\values-gu.xml",
                    "from": {
                        "startLines": "2,3",
                        "startColumns": "4,4",
                        "startOffsets": "55,165",
                        "endColumns": "109,114",
                        "endOffsets": "160,275"
                    },
                    "to": {
                        "startLines": "48,49",
                        "startColumns": "4,4",
                        "startOffsets": "5557,5667",
                        "endColumns": "109,114",
                        "endOffsets": "5662,5777"
                    }
                },
                {
                    "source": "C:\\Users\\Mudassar\\.gradle\\caches\\transforms-2\\files-2.1\\d835d2effcd8e97c306f6a50688d9a8a\\jetified-places-compat-1.0.0\\res\\values-gu\\values.xml",
                    "from": {
                        "startLines": "4,5,6,7,8,9,10,11",
                        "startColumns": "0,0,0,0,0,0,0,0",
                        "startOffsets": "184,253,318,409,470,515,586,661",
                        "endColumns": "68,64,90,60,44,70,74,55",
                        "endOffsets": "252,317,408,469,514,585,660,716"
                    },
                    "to": {
                        "startLines": "52,53,54,55,56,57,58,59",
                        "startColumns": "4,4,4,4,4,4,4,4",
                        "startOffsets": "5978,6051,6120,6215,6280,6329,6404,6483",
                        "endColumns": "72,68,94,64,48,74,78,59",
                        "endOffsets": "6046,6115,6210,6275,6324,6399,6478,6538"
                    }
                },
                {
                    "source": "C:\\Users\\Mudassar\\.gradle\\caches\\transforms-2\\files-2.1\\78e7d3f5487dbf3c8bd1a75d0d68a2a0\\appcompat-1.1.0\\res\\values-gu\\values-gu.xml",
                    "from": {
                        "startLines": "2,3,4,5,6,7,8,9,10,11,12,13,14,15,16,17,18,19,20,21,22,23,24,25,26,27,28,29",
                        "startColumns": "4,4,4,4,4,4,4,4,4,4,4,4,4,4,4,4,4,4,4,4,4,4,4,4,4,4,4,4",
                        "startOffsets": "105,212,316,423,510,610,730,808,886,977,1069,1164,1258,1359,1452,1547,1641,1732,1823,1902,2008,2109,2206,2315,2415,2525,2685,2788",
                        "endColumns": "106,103,106,86,99,119,77,77,90,91,94,93,100,92,94,93,90,90,78,105,100,96,108,99,109,159,102,79",
                        "endOffsets": "207,311,418,505,605,725,803,881,972,1064,1159,1253,1354,1447,1542,1636,1727,1818,1897,2003,2104,2201,2310,2410,2520,2680,2783,2863"
                    },
                    "to": {
                        "startLines": "2,3,4,5,6,7,8,9,10,11,12,13,14,15,16,17,18,19,20,21,22,23,24,25,26,27,28,60",
                        "startColumns": "4,4,4,4,4,4,4,4,4,4,4,4,4,4,4,4,4,4,4,4,4,4,4,4,4,4,4,4",
                        "startOffsets": "105,212,316,423,510,610,730,808,886,977,1069,1164,1258,1359,1452,1547,1641,1732,1823,1902,2008,2109,2206,2315,2415,2525,2685,6543",
                        "endColumns": "106,103,106,86,99,119,77,77,90,91,94,93,100,92,94,93,90,90,78,105,100,96,108,99,109,159,102,79",
                        "endOffsets": "207,311,418,505,605,725,803,881,972,1064,1159,1253,1354,1447,1542,1636,1727,1818,1897,2003,2104,2201,2310,2410,2520,2680,2783,6618"
                    }
                },
                {
                    "source": "C:\\Users\\Mudassar\\.gradle\\caches\\transforms-2\\files-2.1\\d7e0c950707e021378551cecb6624e83\\core-1.1.0\\res\\values-gu\\values-gu.xml",
                    "from": {
                        "startLines": "2",
                        "startColumns": "4",
                        "startOffsets": "55",
                        "endColumns": "100",
                        "endOffsets": "151"
                    },
                    "to": {
                        "startLines": "61",
                        "startColumns": "4",
                        "startOffsets": "6623",
                        "endColumns": "100",
                        "endOffsets": "6719"
                    }
                },
                {
                    "source": "C:\\Users\\Mudassar\\.gradle\\caches\\transforms-2\\files-2.1\\4bb36207c20871865b7b6196a54ae023\\jetified-play-services-basement-17.0.0\\res\\values-gu\\values.xml",
                    "from": {
                        "startLines": "4",
                        "startColumns": "0",
                        "startOffsets": "247",
                        "endColumns": "205",
                        "endOffsets": "452"
                    },
                    "to": {
                        "startLines": "37",
                        "startColumns": "4",
                        "startOffsets": "3928",
                        "endColumns": "205",
                        "endOffsets": "4129"
                    }
                },
                {
                    "source": "C:\\Users\\Mudassar\\.gradle\\caches\\transforms-2\\files-2.1\\fc1a205467b5c433350d5b0560a1781f\\play-services-base-17.1.0\\res\\values-gu\\values.xml",
                    "from": {
                        "startLines": "4,5,6,7,8,9,10,11,12,13,14,15,16,17,18,19,20",
                        "startColumns": "0,0,0,0,0,0,0,0,0,0,0,0,0,0,0,0,0",
                        "startOffsets": "245,351,549,672,782,979,1099,1236,1361,1568,1674,1869,1992,2194,2370,2457,2549",
                        "endColumns": "105,197,122,109,196,119,136,124,206,105,194,122,201,175,86,91,106",
                        "endOffsets": "350,548,671,781,978,1098,1235,1360,1567,1673,1868,1991,2193,2369,2456,2548,2655"
                    },
                    "to": {
                        "startLines": "29,30,31,32,33,34,35,36,38,39,40,41,42,43,44,45,46",
                        "startColumns": "4,4,4,4,4,4,4,4,4,4,4,4,4,4,4,4,4",
                        "startOffsets": "2788,2898,3096,3223,3337,3534,3658,3799,4134,4341,4451,4646,4773,4975,5155,5246,5342",
                        "endColumns": "109,197,126,113,196,123,140,128,206,109,194,126,201,179,90,95,110",
                        "endOffsets": "2893,3091,3218,3332,3529,3653,3794,3923,4336,4446,4641,4768,4970,5150,5241,5337,5448"
                    }
                }
            ]
        }
    ]
}