{
    "logs": [
        {
            "outputFile": "D:\\1 BSCS 8TH\\CarController\\app\\build\\intermediates\\incremental\\mergeDebugResources\\merged.dir\\values-or\\values-or.xml",
            "map": [
                {
                    "source": "C:\\Users\\Mudassar\\.gradle\\caches\\transforms-2\\files-2.1\\9350583047d9d28e7a4708239acec4f1\\jetified-firebase-messaging-20.0.0\\res\\values-or\\values.xml",
                    "from": {
                        "startLines": "4",
                        "startColumns": "0",
                        "startOffsets": "205",
                        "endColumns": "102",
                        "endOffsets": "307"
                    },
                    "to": {
                        "startLines": "47",
                        "startColumns": "4",
                        "startOffsets": "5634",
                        "endColumns": "106",
                        "endOffsets": "5736"
                    }
                },
                {
                    "source": "C:\\Users\\Mudassar\\.gradle\\caches\\transforms-2\\files-2.1\\78e7d3f5487dbf3c8bd1a75d0d68a2a0\\appcompat-1.1.0\\res\\values-or\\values-or.xml",
                    "from": {
                        "startLines": "2,3,4,5,6,7,8,9,10,11,12,13,14,15,16,17,18,19,20,21,22,23,24,25,26,27,28,29",
                        "startColumns": "4,4,4,4,4,4,4,4,4,4,4,4,4,4,4,4,4,4,4,4,4,4,4,4,4,4,4,4",
                        "startOffsets": "105,224,334,441,527,631,751,829,906,997,1089,1185,1280,1381,1474,1569,1665,1756,1846,1934,2044,2148,2254,2365,2469,2587,2750,2856",
                        "endColumns": "118,109,106,85,103,119,77,76,90,91,95,94,100,92,94,95,90,89,87,109,103,105,110,103,117,162,105,88",
                        "endOffsets": "219,329,436,522,626,746,824,901,992,1084,1180,1275,1376,1469,1564,1660,1751,1841,1929,2039,2143,2249,2360,2464,2582,2745,2851,2940"
                    },
                    "to": {
                        "startLines": "2,3,4,5,6,7,8,9,10,11,12,13,14,15,16,17,18,19,20,21,22,23,24,25,26,27,28,58",
                        "startColumns": "4,4,4,4,4,4,4,4,4,4,4,4,4,4,4,4,4,4,4,4,4,4,4,4,4,4,4,4",
                        "startOffsets": "105,224,334,441,527,631,751,829,906,997,1089,1185,1280,1381,1474,1569,1665,1756,1846,1934,2044,2148,2254,2365,2469,2587,2750,6584",
                        "endColumns": "118,109,106,85,103,119,77,76,90,91,95,94,100,92,94,95,90,89,87,109,103,105,110,103,117,162,105,88",
                        "endOffsets": "219,329,436,522,626,746,824,901,992,1084,1180,1275,1376,1469,1564,1660,1751,1841,1929,2039,2143,2249,2360,2464,2582,2745,2851,6668"
                    }
                },
                {
                    "source": "C:\\Users\\Mudassar\\.gradle\\caches\\transforms-2\\files-2.1\\d7e0c950707e021378551cecb6624e83\\core-1.1.0\\res\\values-or\\values-or.xml",
                    "from": {
                        "startLines": "2",
                        "startColumns": "4",
                        "startOffsets": "55",
                        "endColumns": "100",
                        "endOffsets": "151"
                    },
                    "to": {
                        "startLines": "59",
                        "startColumns": "4",
                        "startOffsets": "6673",
                        "endColumns": "100",
                        "endOffsets": "6769"
                    }
                },
                {
                    "source": "C:\\Users\\Mudassar\\.gradle\\caches\\transforms-2\\files-2.1\\fc1a205467b5c433350d5b0560a1781f\\play-services-base-17.1.0\\res\\values-or\\values.xml",
                    "from": {
                        "startLines": "4,5,6,7,8,9,10,11,12,13,14,15,16,17,18,19,20",
                        "startColumns": "0,0,0,0,0,0,0,0,0,0,0,0,0,0,0,0,0",
                        "startOffsets": "245,354,547,678,793,1008,1142,1283,1418,1645,1756,1948,2080,2291,2475,2566,2664",
                        "endColumns": "108,192,130,114,214,133,140,134,226,110,191,131,210,183,90,97,111",
                        "endOffsets": "353,546,677,792,1007,1141,1282,1417,1644,1755,1947,2079,2290,2474,2565,2663,2775"
                    },
                    "to": {
                        "startLines": "29,30,31,32,33,34,35,36,38,39,40,41,42,43,44,45,46",
                        "startColumns": "4,4,4,4,4,4,4,4,4,4,4,4,4,4,4,4,4",
                        "startOffsets": "2856,2969,3162,3297,3416,3631,3769,3914,4252,4479,4594,4786,4922,5133,5321,5416,5518",
                        "endColumns": "112,192,134,118,214,137,144,138,226,114,191,135,210,187,94,101,115",
                        "endOffsets": "2964,3157,3292,3411,3626,3764,3909,4048,4474,4589,4781,4917,5128,5316,5411,5513,5629"
                    }
                },
                {
                    "source": "C:\\Users\\Mudassar\\.gradle\\caches\\transforms-2\\files-2.1\\4bb36207c20871865b7b6196a54ae023\\jetified-play-services-basement-17.0.0\\res\\values-or\\values.xml",
                    "from": {
                        "startLines": "4",
                        "startColumns": "0",
                        "startOffsets": "247",
                        "endColumns": "198",
                        "endOffsets": "445"
                    },
                    "to": {
                        "startLines": "37",
                        "startColumns": "4",
                        "startOffsets": "4053",
                        "endColumns": "198",
                        "endOffsets": "4247"
                    }
                },
                {
                    "source": "C:\\Users\\Mudassar\\.gradle\\caches\\transforms-2\\files-2.1\\222cdc43ab70d3d702638d878ca1cedb\\jetified-navigation-ui-2.1.0\\res\\values-or\\values-or.xml",
                    "from": {
                        "startLines": "2,3",
                        "startColumns": "4,4",
                        "startOffsets": "55,172",
                        "endColumns": "116,120",
                        "endOffsets": "167,288"
                    },
                    "to": {
                        "startLines": "48,49",
                        "startColumns": "4,4",
                        "startOffsets": "5741,5858",
                        "endColumns": "116,120",
                        "endOffsets": "5853,5974"
                    }
                },
                {
                    "source": "C:\\Users\\Mudassar\\.gradle\\caches\\transforms-2\\files-2.1\\d835d2effcd8e97c306f6a50688d9a8a\\jetified-places-compat-1.0.0\\res\\values-or\\values.xml",
                    "from": {
                        "startLines": "4,5,6,7,8,9,10,11",
                        "startColumns": "0,0,0,0,0,0,0,0",
                        "startOffsets": "184,260,330,423,493,545,617,697",
                        "endColumns": "75,69,92,69,51,71,79,59",
                        "endOffsets": "259,329,422,492,544,616,696,756"
                    },
                    "to": {
                        "startLines": "50,51,52,53,54,55,56,57",
                        "startColumns": "4,4,4,4,4,4,4,4",
                        "startOffsets": "5979,6059,6133,6230,6304,6360,6436,6520",
                        "endColumns": "79,73,96,73,55,75,83,63",
                        "endOffsets": "6054,6128,6225,6299,6355,6431,6515,6579"
                    }
                }
            ]
        }
    ]
}