{
    "logs": [
        {
            "outputFile": "D:\\1 BSCS 8TH\\CarController\\app\\build\\intermediates\\incremental\\mergeDebugResources\\merged.dir\\values-hu\\values-hu.xml",
            "map": [
                {
                    "source": "C:\\Users\\Mudassar\\.gradle\\caches\\transforms-2\\files-2.1\\222cdc43ab70d3d702638d878ca1cedb\\jetified-navigation-ui-2.1.0\\res\\values-hu\\values-hu.xml",
                    "from": {
                        "startLines": "2,3",
                        "startColumns": "4,4",
                        "startOffsets": "55,167",
                        "endColumns": "111,119",
                        "endOffsets": "162,282"
                    },
                    "to": {
                        "startLines": "50,51",
                        "startColumns": "4,4",
                        "startOffsets": "5994,6106",
                        "endColumns": "111,119",
                        "endOffsets": "6101,6221"
                    }
                },
                {
                    "source": "C:\\Users\\Mudassar\\.gradle\\caches\\transforms-2\\files-2.1\\4d90089bba98735a4773fb5da4aac47c\\jetified-play-services-places-16.0.0\\res\\values-hu\\values.xml",
                    "from": {
                        "startLines": "4,5",
                        "startColumns": "0,0",
                        "startOffsets": "193,295",
                        "endColumns": "101,92",
                        "endOffsets": "294,387"
                    },
                    "to": {
                        "startLines": "52,53",
                        "startColumns": "4,4",
                        "startOffsets": "6226,6332",
                        "endColumns": "105,96",
                        "endOffsets": "6327,6424"
                    }
                },
                {
                    "source": "C:\\Users\\Mudassar\\.gradle\\caches\\transforms-2\\files-2.1\\9350583047d9d28e7a4708239acec4f1\\jetified-firebase-messaging-20.0.0\\res\\values-hu\\values.xml",
                    "from": {
                        "startLines": "4",
                        "startColumns": "0",
                        "startOffsets": "205",
                        "endColumns": "99",
                        "endOffsets": "304"
                    },
                    "to": {
                        "startLines": "49",
                        "startColumns": "4",
                        "startOffsets": "5890",
                        "endColumns": "103",
                        "endOffsets": "5989"
                    }
                },
                {
                    "source": "C:\\Users\\Mudassar\\.gradle\\caches\\transforms-2\\files-2.1\\2c829cd8480f9c4cc065b3508607ae1b\\AppIntro-5.1.0\\res\\values-hu\\values-hu.xml",
                    "from": {
                        "startLines": "2,3",
                        "startColumns": "4,4",
                        "startOffsets": "55,110",
                        "endColumns": "54,58",
                        "endOffsets": "105,164"
                    },
                    "to": {
                        "startLines": "29,30",
                        "startColumns": "4,4",
                        "startOffsets": "2859,2914",
                        "endColumns": "54,58",
                        "endOffsets": "2909,2968"
                    }
                },
                {
                    "source": "C:\\Users\\Mudassar\\.gradle\\caches\\transforms-2\\files-2.1\\d835d2effcd8e97c306f6a50688d9a8a\\jetified-places-compat-1.0.0\\res\\values-hu\\values.xml",
                    "from": {
                        "startLines": "4,5,6,7,8,9,10,11",
                        "startColumns": "0,0,0,0,0,0,0,0",
                        "startOffsets": "184,257,328,435,499,543,611,699",
                        "endColumns": "72,70,106,63,43,67,87,45",
                        "endOffsets": "256,327,434,498,542,610,698,744"
                    },
                    "to": {
                        "startLines": "54,55,56,57,58,59,60,61",
                        "startColumns": "4,4,4,4,4,4,4,4",
                        "startOffsets": "6429,6506,6581,6692,6760,6808,6880,6972",
                        "endColumns": "76,74,110,67,47,71,91,49",
                        "endOffsets": "6501,6576,6687,6755,6803,6875,6967,7017"
                    }
                },
                {
                    "source": "C:\\Users\\Mudassar\\.gradle\\caches\\transforms-2\\files-2.1\\78e7d3f5487dbf3c8bd1a75d0d68a2a0\\appcompat-1.1.0\\res\\values-hu\\values-hu.xml",
                    "from": {
                        "startLines": "2,3,4,5,6,7,8,9,10,11,12,13,14,15,16,17,18,19,20,21,22,23,24,25,26,27,28,29",
                        "startColumns": "4,4,4,4,4,4,4,4,4,4,4,4,4,4,4,4,4,4,4,4,4,4,4,4,4,4,4,4",
                        "startOffsets": "105,213,305,420,504,619,742,819,895,986,1078,1173,1267,1368,1461,1556,1651,1742,1833,1915,2025,2135,2235,2346,2455,2574,2756,2859",
                        "endColumns": "107,91,114,83,114,122,76,75,90,91,94,93,100,92,94,94,90,90,81,109,109,99,110,108,118,181,102,82",
                        "endOffsets": "208,300,415,499,614,737,814,890,981,1073,1168,1262,1363,1456,1551,1646,1737,1828,1910,2020,2130,2230,2341,2450,2569,2751,2854,2937"
                    },
                    "to": {
                        "startLines": "2,3,4,5,6,7,8,9,10,11,12,13,14,15,16,17,18,19,20,21,22,23,24,25,26,27,28,62",
                        "startColumns": "4,4,4,4,4,4,4,4,4,4,4,4,4,4,4,4,4,4,4,4,4,4,4,4,4,4,4,4",
                        "startOffsets": "105,213,305,420,504,619,742,819,895,986,1078,1173,1267,1368,1461,1556,1651,1742,1833,1915,2025,2135,2235,2346,2455,2574,2756,7022",
                        "endColumns": "107,91,114,83,114,122,76,75,90,91,94,93,100,92,94,94,90,90,81,109,109,99,110,108,118,181,102,82",
                        "endOffsets": "208,300,415,499,614,737,814,890,981,1073,1168,1262,1363,1456,1551,1646,1737,1828,1910,2020,2130,2230,2341,2450,2569,2751,2854,7100"
                    }
                },
                {
                    "source": "C:\\Users\\Mudassar\\.gradle\\caches\\transforms-2\\files-2.1\\4bb36207c20871865b7b6196a54ae023\\jetified-play-services-basement-17.0.0\\res\\values-hu\\values.xml",
                    "from": {
                        "startLines": "4",
                        "startColumns": "0",
                        "startOffsets": "247",
                        "endColumns": "235",
                        "endOffsets": "482"
                    },
                    "to": {
                        "startLines": "39",
                        "startColumns": "4",
                        "startOffsets": "4211",
                        "endColumns": "235",
                        "endOffsets": "4442"
                    }
                },
                {
                    "source": "C:\\Users\\Mudassar\\.gradle\\caches\\transforms-2\\files-2.1\\d7e0c950707e021378551cecb6624e83\\core-1.1.0\\res\\values-hu\\values-hu.xml",
                    "from": {
                        "startLines": "2",
                        "startColumns": "4",
                        "startOffsets": "55",
                        "endColumns": "100",
                        "endOffsets": "151"
                    },
                    "to": {
                        "startLines": "63",
                        "startColumns": "4",
                        "startOffsets": "7105",
                        "endColumns": "100",
                        "endOffsets": "7201"
                    }
                },
                {
                    "source": "C:\\Users\\Mudassar\\.gradle\\caches\\transforms-2\\files-2.1\\fc1a205467b5c433350d5b0560a1781f\\play-services-base-17.1.0\\res\\values-hu\\values.xml",
                    "from": {
                        "startLines": "4,5,6,7,8,9,10,11,12,13,14,15,16,17,18,19,20",
                        "startColumns": "0,0,0,0,0,0,0,0,0,0,0,0,0,0,0,0,0",
                        "startOffsets": "245,354,570,706,813,1040,1176,1324,1459,1688,1794,2010,2145,2376,2574,2671,2765",
                        "endColumns": "108,215,135,106,226,135,147,134,228,105,215,134,230,197,96,93,112",
                        "endOffsets": "353,569,705,812,1039,1175,1323,1458,1687,1793,2009,2144,2375,2573,2670,2764,2877"
                    },
                    "to": {
                        "startLines": "31,32,33,34,35,36,37,38,40,41,42,43,44,45,46,47,48",
                        "startColumns": "4,4,4,4,4,4,4,4,4,4,4,4,4,4,4,4,4",
                        "startOffsets": "2973,3086,3302,3442,3553,3780,3920,4072,4447,4676,4786,5002,5141,5372,5574,5675,5773",
                        "endColumns": "112,215,139,110,226,139,151,138,228,109,215,138,230,201,100,97,116",
                        "endOffsets": "3081,3297,3437,3548,3775,3915,4067,4206,4671,4781,4997,5136,5367,5569,5670,5768,5885"
                    }
                }
            ]
        }
    ]
}