{
    "logs": [
        {
            "outputFile": "D:\\1 BSCS 8TH\\CarController\\app\\build\\intermediates\\incremental\\mergeDebugResources\\merged.dir\\values-sw600dp-v13\\values-sw600dp-v13.xml",
            "map": [
                {
                    "source": "C:\\Users\\Mudassar\\.gradle\\caches\\transforms-2\\files-2.1\\331a29bf788a80d77947dedb12eb153f\\imagepicker-2.0.0\\res\\values-sw600dp-v13\\values-sw600dp-v13.xml",
                    "from": {
                        "startLines": "2,3",
                        "startColumns": "4,4",
                        "startOffsets": "55,101",
                        "endColumns": "45,44",
                        "endOffsets": "96,141"
                    },
                    "to": {
                        "startLines": "21,22",
                        "startColumns": "4,4",
                        "startOffsets": "1290,1336",
                        "endColumns": "45,44",
                        "endOffsets": "1331,1376"
                    }
                },
                {
                    "source": "C:\\Users\\Mudassar\\.gradle\\caches\\transforms-2\\files-2.1\\d002a626b16cb07b5e35213d375ca581\\material-1.1.0-alpha04\\res\\values-sw600dp-v13\\values-sw600dp-v13.xml",
                    "from": {
                        "startLines": "2,3,4,5,6,7,8,10,11,12,13,14",
                        "startColumns": "4,4,4,4,4,4,4,4,4,4,4,4",
                        "startOffsets": "55,115,185,256,328,386,444,553,617,673,732,795",
                        "endLines": "2,3,4,5,6,7,9,10,11,12,13,17",
                        "endColumns": "59,69,70,71,57,57,10,63,55,58,62,10",
                        "endOffsets": "110,180,251,323,381,439,548,612,668,727,790,962"
                    },
                    "to": {
                        "startLines": "12,13,14,15,16,17,18,20,25,26,27,28",
                        "startColumns": "4,4,4,4,4,4,4,4,4,4,4,4",
                        "startOffsets": "728,788,858,929,1001,1059,1117,1226,1540,1596,1655,1718",
                        "endLines": "12,13,14,15,16,17,19,20,25,26,27,31",
                        "endColumns": "59,69,70,71,57,57,10,63,55,58,62,10",
                        "endOffsets": "783,853,924,996,1054,1112,1221,1285,1591,1650,1713,1885"
                    }
                },
                {
                    "source": "C:\\Users\\Mudassar\\.gradle\\caches\\transforms-2\\files-2.1\\1f4caf66e248e3688098eaaf0acf1fa0\\jetified-firebase-inappmessaging-display-17.0.4\\res\\values-sw600dp-v13\\values-sw600dp-v13.xml",
                    "from": {
                        "startLines": "2,3",
                        "startColumns": "4,4",
                        "startOffsets": "55,135",
                        "endColumns": "79,78",
                        "endOffsets": "130,209"
                    },
                    "to": {
                        "startLines": "23,24",
                        "startColumns": "4,4",
                        "startOffsets": "1381,1461",
                        "endColumns": "79,78",
                        "endOffsets": "1456,1535"
                    }
                },
                {
                    "source": "C:\\Users\\Mudassar\\.gradle\\caches\\transforms-2\\files-2.1\\2c829cd8480f9c4cc065b3508607ae1b\\AppIntro-5.1.0\\res\\values-sw600dp-v13\\values-sw600dp-v13.xml",
                    "from": {
                        "startLines": "2,3",
                        "startColumns": "4,4",
                        "startOffsets": "55,113",
                        "endColumns": "57,58",
                        "endOffsets": "108,167"
                    },
                    "to": {
                        "startLines": "10,11",
                        "startColumns": "4,4",
                        "startOffsets": "611,669",
                        "endColumns": "57,58",
                        "endOffsets": "664,723"
                    }
                },
                {
                    "source": "C:\\Users\\Mudassar\\.gradle\\caches\\transforms-2\\files-2.1\\78e7d3f5487dbf3c8bd1a75d0d68a2a0\\appcompat-1.1.0\\res\\values-sw600dp-v13\\values-sw600dp-v13.xml",
                    "from": {
                        "startLines": "2,3,4,5,6,7,8,9",
                        "startColumns": "4,4,4,4,4,4,4,4",
                        "startOffsets": "55,124,193,263,337,413,472,543",
                        "endColumns": "68,68,69,73,75,58,70,67",
                        "endOffsets": "119,188,258,332,408,467,538,606"
                    }
                }
            ]
        }
    ]
}