{
    "logs": [
        {
            "outputFile": "D:\\1 BSCS 8TH\\CarController\\app\\build\\intermediates\\incremental\\mergeDebugResources\\merged.dir\\values-small-v4\\values-small-v4.xml",
            "map": [
                {
                    "source": "C:\\Users\\Mudassar\\.gradle\\caches\\transforms-2\\files-2.1\\d002a626b16cb07b5e35213d375ca581\\material-1.1.0-alpha04\\res\\values-small-v4\\values-small-v4.xml",
                    "from": {
                        "startLines": "2,3,4,5",
                        "startColumns": "4,4,4,4",
                        "startOffsets": "55,128,198,270",
                        "endColumns": "72,69,71,69",
                        "endOffsets": "123,193,265,335"
                    }
                }
            ]
        }
    ]
}