{
    "logs": [
        {
            "outputFile": "D:\\1 BSCS 8TH\\CarController\\app\\build\\intermediates\\incremental\\mergeDebugResources\\merged.dir\\values-am\\values-am.xml",
            "map": [
                {
                    "source": "C:\\Users\\Mudassar\\.gradle\\caches\\transforms-2\\files-2.1\\4bb36207c20871865b7b6196a54ae023\\jetified-play-services-basement-17.0.0\\res\\values-am\\values.xml",
                    "from": {
                        "startLines": "4",
                        "startColumns": "0",
                        "startOffsets": "247",
                        "endColumns": "190",
                        "endOffsets": "437"
                    },
                    "to": {
                        "startLines": "37",
                        "startColumns": "4",
                        "startOffsets": "3806",
                        "endColumns": "190",
                        "endOffsets": "3992"
                    }
                },
                {
                    "source": "C:\\Users\\Mudassar\\.gradle\\caches\\transforms-2\\files-2.1\\d835d2effcd8e97c306f6a50688d9a8a\\jetified-places-compat-1.0.0\\res\\values-am\\values.xml",
                    "from": {
                        "startLines": "4,5,6,7,8,9,10,11",
                        "startColumns": "0,0,0,0,0,0,0,0",
                        "startOffsets": "184,249,307,391,451,493,557,623",
                        "endColumns": "64,57,83,59,41,63,65,50",
                        "endOffsets": "248,306,390,450,492,556,622,673"
                    },
                    "to": {
                        "startLines": "52,53,54,55,56,57,58,59",
                        "startColumns": "4,4,4,4,4,4,4,4",
                        "startOffsets": "5729,5798,5860,5948,6012,6058,6126,6196",
                        "endColumns": "68,61,87,63,45,67,69,54",
                        "endOffsets": "5793,5855,5943,6007,6053,6121,6191,6246"
                    }
                },
                {
                    "source": "C:\\Users\\Mudassar\\.gradle\\caches\\transforms-2\\files-2.1\\4d90089bba98735a4773fb5da4aac47c\\jetified-play-services-places-16.0.0\\res\\values-am\\values.xml",
                    "from": {
                        "startLines": "4,5",
                        "startColumns": "0,0",
                        "startOffsets": "193,288",
                        "endColumns": "94,89",
                        "endOffsets": "287,377"
                    },
                    "to": {
                        "startLines": "50,51",
                        "startColumns": "4,4",
                        "startOffsets": "5536,5635",
                        "endColumns": "98,93",
                        "endOffsets": "5630,5724"
                    }
                },
                {
                    "source": "C:\\Users\\Mudassar\\.gradle\\caches\\transforms-2\\files-2.1\\222cdc43ab70d3d702638d878ca1cedb\\jetified-navigation-ui-2.1.0\\res\\values-am\\values-am.xml",
                    "from": {
                        "startLines": "2,3",
                        "startColumns": "4,4",
                        "startOffsets": "55,159",
                        "endColumns": "103,109",
                        "endOffsets": "154,264"
                    },
                    "to": {
                        "startLines": "48,49",
                        "startColumns": "4,4",
                        "startOffsets": "5322,5426",
                        "endColumns": "103,109",
                        "endOffsets": "5421,5531"
                    }
                },
                {
                    "source": "C:\\Users\\Mudassar\\.gradle\\caches\\transforms-2\\files-2.1\\9350583047d9d28e7a4708239acec4f1\\jetified-firebase-messaging-20.0.0\\res\\values-am\\values.xml",
                    "from": {
                        "startLines": "4",
                        "startColumns": "0",
                        "startOffsets": "205",
                        "endColumns": "99",
                        "endOffsets": "304"
                    },
                    "to": {
                        "startLines": "47",
                        "startColumns": "4",
                        "startOffsets": "5218",
                        "endColumns": "103",
                        "endOffsets": "5317"
                    }
                },
                {
                    "source": "C:\\Users\\Mudassar\\.gradle\\caches\\transforms-2\\files-2.1\\fc1a205467b5c433350d5b0560a1781f\\play-services-base-17.1.0\\res\\values-am\\values.xml",
                    "from": {
                        "startLines": "4,5,6,7,8,9,10,11,12,13,14,15,16,17,18,19,20",
                        "startColumns": "0,0,0,0,0,0,0,0,0,0,0,0,0,0,0,0,0",
                        "startOffsets": "245,345,516,636,736,922,1043,1177,1304,1491,1592,1768,1889,2083,2236,2322,2405",
                        "endColumns": "99,170,119,99,185,120,133,126,186,100,175,120,193,152,85,82,95",
                        "endOffsets": "344,515,635,735,921,1042,1176,1303,1490,1591,1767,1888,2082,2235,2321,2404,2500"
                    },
                    "to": {
                        "startLines": "29,30,31,32,33,34,35,36,38,39,40,41,42,43,44,45,46",
                        "startColumns": "4,4,4,4,4,4,4,4,4,4,4,4,4,4,4,4,4",
                        "startOffsets": "2723,2827,2998,3122,3226,3412,3537,3675,3997,4184,4289,4465,4590,4784,4941,5031,5118",
                        "endColumns": "103,170,123,103,185,124,137,130,186,104,175,124,193,156,89,86,99",
                        "endOffsets": "2822,2993,3117,3221,3407,3532,3670,3801,4179,4284,4460,4585,4779,4936,5026,5113,5213"
                    }
                },
                {
                    "source": "C:\\Users\\Mudassar\\.gradle\\caches\\transforms-2\\files-2.1\\78e7d3f5487dbf3c8bd1a75d0d68a2a0\\appcompat-1.1.0\\res\\values-am\\values-am.xml",
                    "from": {
                        "startLines": "2,3,4,5,6,7,8,9,10,11,12,13,14,15,16,17,18,19,20,21,22,23,24,25,26,27,28,29",
                        "startColumns": "4,4,4,4,4,4,4,4,4,4,4,4,4,4,4,4,4,4,4,4,4,4,4,4,4,4,4,4",
                        "startOffsets": "105,203,301,407,493,596,713,791,868,959,1051,1143,1237,1338,1431,1526,1619,1710,1801,1880,1980,2080,2176,2278,2378,2477,2627,2723",
                        "endColumns": "97,97,105,85,102,116,77,76,90,91,91,93,100,92,94,92,90,90,78,99,99,95,101,99,98,149,95,78",
                        "endOffsets": "198,296,402,488,591,708,786,863,954,1046,1138,1232,1333,1426,1521,1614,1705,1796,1875,1975,2075,2171,2273,2373,2472,2622,2718,2797"
                    },
                    "to": {
                        "startLines": "2,3,4,5,6,7,8,9,10,11,12,13,14,15,16,17,18,19,20,21,22,23,24,25,26,27,28,60",
                        "startColumns": "4,4,4,4,4,4,4,4,4,4,4,4,4,4,4,4,4,4,4,4,4,4,4,4,4,4,4,4",
                        "startOffsets": "105,203,301,407,493,596,713,791,868,959,1051,1143,1237,1338,1431,1526,1619,1710,1801,1880,1980,2080,2176,2278,2378,2477,2627,6251",
                        "endColumns": "97,97,105,85,102,116,77,76,90,91,91,93,100,92,94,92,90,90,78,99,99,95,101,99,98,149,95,78",
                        "endOffsets": "198,296,402,488,591,708,786,863,954,1046,1138,1232,1333,1426,1521,1614,1705,1796,1875,1975,2075,2171,2273,2373,2472,2622,2718,6325"
                    }
                },
                {
                    "source": "C:\\Users\\Mudassar\\.gradle\\caches\\transforms-2\\files-2.1\\d7e0c950707e021378551cecb6624e83\\core-1.1.0\\res\\values-am\\values-am.xml",
                    "from": {
                        "startLines": "2",
                        "startColumns": "4",
                        "startOffsets": "55",
                        "endColumns": "100",
                        "endOffsets": "151"
                    },
                    "to": {
                        "startLines": "61",
                        "startColumns": "4",
                        "startOffsets": "6330",
                        "endColumns": "100",
                        "endOffsets": "6426"
                    }
                }
            ]
        }
    ]
}