{
    "logs": [
        {
            "outputFile": "D:\\1 BSCS 8TH\\CarController\\app\\build\\intermediates\\incremental\\mergeDebugResources\\merged.dir\\values-fi\\values-fi.xml",
            "map": [
                {
                    "source": "C:\\Users\\Mudassar\\.gradle\\caches\\transforms-2\\files-2.1\\78e7d3f5487dbf3c8bd1a75d0d68a2a0\\appcompat-1.1.0\\res\\values-fi\\values-fi.xml",
                    "from": {
                        "startLines": "2,3,4,5,6,7,8,9,10,11,12,13,14,15,16,17,18,19,20,21,22,23,24,25,26,27,28,29",
                        "startColumns": "4,4,4,4,4,4,4,4,4,4,4,4,4,4,4,4,4,4,4,4,4,4,4,4,4,4,4,4",
                        "startOffsets": "105,213,313,422,508,613,731,817,897,988,1080,1175,1269,1364,1457,1553,1652,1743,1837,1916,2023,2124,2221,2327,2427,2525,2675,2775",
                        "endColumns": "107,99,108,85,104,117,85,79,90,91,94,93,94,92,95,98,90,93,78,106,100,96,105,99,97,149,99,79",
                        "endOffsets": "208,308,417,503,608,726,812,892,983,1075,1170,1264,1359,1452,1548,1647,1738,1832,1911,2018,2119,2216,2322,2422,2520,2670,2770,2850"
                    },
                    "to": {
                        "startLines": "2,3,4,5,6,7,8,9,10,11,12,13,14,15,16,17,18,19,20,21,22,23,24,25,26,27,28,60",
                        "startColumns": "4,4,4,4,4,4,4,4,4,4,4,4,4,4,4,4,4,4,4,4,4,4,4,4,4,4,4,4",
                        "startOffsets": "105,213,313,422,508,613,731,817,897,988,1080,1175,1269,1364,1457,1553,1652,1743,1837,1916,2023,2124,2221,2327,2427,2525,2675,6532",
                        "endColumns": "107,99,108,85,104,117,85,79,90,91,94,93,94,92,95,98,90,93,78,106,100,96,105,99,97,149,99,79",
                        "endOffsets": "208,308,417,503,608,726,812,892,983,1075,1170,1264,1359,1452,1548,1647,1738,1832,1911,2018,2119,2216,2322,2422,2520,2670,2770,6607"
                    }
                },
                {
                    "source": "C:\\Users\\Mudassar\\.gradle\\caches\\transforms-2\\files-2.1\\fc1a205467b5c433350d5b0560a1781f\\play-services-base-17.1.0\\res\\values-fi\\values.xml",
                    "from": {
                        "startLines": "4,5,6,7,8,9,10,11,12,13,14,15,16,17,18,19,20",
                        "startColumns": "0,0,0,0,0,0,0,0,0,0,0,0,0,0,0,0,0",
                        "startOffsets": "245,354,539,668,772,974,1098,1240,1372,1572,1676,1856,1980,2187,2352,2444,2540",
                        "endColumns": "108,184,128,103,201,123,141,131,199,103,179,123,206,164,91,95,107",
                        "endOffsets": "353,538,667,771,973,1097,1239,1371,1571,1675,1855,1979,2186,2351,2443,2539,2647"
                    },
                    "to": {
                        "startLines": "29,30,31,32,33,34,35,36,38,39,40,41,42,43,44,45,46",
                        "startColumns": "4,4,4,4,4,4,4,4,4,4,4,4,4,4,4,4,4",
                        "startOffsets": "2775,2888,3073,3206,3314,3516,3644,3790,4135,4335,4443,4623,4751,4958,5127,5223,5323",
                        "endColumns": "112,184,132,107,201,127,145,135,199,107,179,127,206,168,95,99,111",
                        "endOffsets": "2883,3068,3201,3309,3511,3639,3785,3921,4330,4438,4618,4746,4953,5122,5218,5318,5430"
                    }
                },
                {
                    "source": "C:\\Users\\Mudassar\\.gradle\\caches\\transforms-2\\files-2.1\\d835d2effcd8e97c306f6a50688d9a8a\\jetified-places-compat-1.0.0\\res\\values-fi\\values.xml",
                    "from": {
                        "startLines": "4,5,6,7,8,9,10,11",
                        "startColumns": "0,0,0,0,0,0,0,0",
                        "startOffsets": "184,255,320,409,470,516,589,661",
                        "endColumns": "70,64,88,60,45,72,71,56",
                        "endOffsets": "254,319,408,469,515,588,660,717"
                    },
                    "to": {
                        "startLines": "52,53,54,55,56,57,58,59",
                        "startColumns": "4,4,4,4,4,4,4,4",
                        "startOffsets": "5966,6041,6110,6203,6268,6318,6395,6471",
                        "endColumns": "74,68,92,64,49,76,75,60",
                        "endOffsets": "6036,6105,6198,6263,6313,6390,6466,6527"
                    }
                },
                {
                    "source": "C:\\Users\\Mudassar\\.gradle\\caches\\transforms-2\\files-2.1\\222cdc43ab70d3d702638d878ca1cedb\\jetified-navigation-ui-2.1.0\\res\\values-fi\\values-fi.xml",
                    "from": {
                        "startLines": "2,3",
                        "startColumns": "4,4",
                        "startOffsets": "55,161",
                        "endColumns": "105,122",
                        "endOffsets": "156,279"
                    },
                    "to": {
                        "startLines": "48,49",
                        "startColumns": "4,4",
                        "startOffsets": "5538,5644",
                        "endColumns": "105,122",
                        "endOffsets": "5639,5762"
                    }
                },
                {
                    "source": "C:\\Users\\Mudassar\\.gradle\\caches\\transforms-2\\files-2.1\\4d90089bba98735a4773fb5da4aac47c\\jetified-play-services-places-16.0.0\\res\\values-fi\\values.xml",
                    "from": {
                        "startLines": "4,5",
                        "startColumns": "0,0",
                        "startOffsets": "193,294",
                        "endColumns": "100,89",
                        "endOffsets": "293,383"
                    },
                    "to": {
                        "startLines": "50,51",
                        "startColumns": "4,4",
                        "startOffsets": "5767,5872",
                        "endColumns": "104,93",
                        "endOffsets": "5867,5961"
                    }
                },
                {
                    "source": "C:\\Users\\Mudassar\\.gradle\\caches\\transforms-2\\files-2.1\\d7e0c950707e021378551cecb6624e83\\core-1.1.0\\res\\values-fi\\values-fi.xml",
                    "from": {
                        "startLines": "2",
                        "startColumns": "4",
                        "startOffsets": "55",
                        "endColumns": "100",
                        "endOffsets": "151"
                    },
                    "to": {
                        "startLines": "61",
                        "startColumns": "4",
                        "startOffsets": "6612",
                        "endColumns": "100",
                        "endOffsets": "6708"
                    }
                },
                {
                    "source": "C:\\Users\\Mudassar\\.gradle\\caches\\transforms-2\\files-2.1\\9350583047d9d28e7a4708239acec4f1\\jetified-firebase-messaging-20.0.0\\res\\values-fi\\values.xml",
                    "from": {
                        "startLines": "4",
                        "startColumns": "0",
                        "startOffsets": "205",
                        "endColumns": "98",
                        "endOffsets": "303"
                    },
                    "to": {
                        "startLines": "47",
                        "startColumns": "4",
                        "startOffsets": "5435",
                        "endColumns": "102",
                        "endOffsets": "5533"
                    }
                },
                {
                    "source": "C:\\Users\\Mudassar\\.gradle\\caches\\transforms-2\\files-2.1\\4bb36207c20871865b7b6196a54ae023\\jetified-play-services-basement-17.0.0\\res\\values-fi\\values.xml",
                    "from": {
                        "startLines": "4",
                        "startColumns": "0",
                        "startOffsets": "247",
                        "endColumns": "208",
                        "endOffsets": "455"
                    },
                    "to": {
                        "startLines": "37",
                        "startColumns": "4",
                        "startOffsets": "3926",
                        "endColumns": "208",
                        "endOffsets": "4130"
                    }
                }
            ]
        }
    ]
}