{
    "logs": [
        {
            "outputFile": "D:\\1 BSCS 8TH\\CarController\\app\\build\\intermediates\\incremental\\mergeDebugResources\\merged.dir\\values-pa\\values-pa.xml",
            "map": [
                {
                    "source": "C:\\Users\\Mudassar\\.gradle\\caches\\transforms-2\\files-2.1\\fc1a205467b5c433350d5b0560a1781f\\play-services-base-17.1.0\\res\\values-pa\\values.xml",
                    "from": {
                        "startLines": "4,5,6,7,8,9,10,11,12,13,14,15,16,17,18,19,20",
                        "startColumns": "0,0,0,0,0,0,0,0,0,0,0,0,0,0,0,0,0",
                        "startOffsets": "245,350,555,683,790,996,1123,1262,1391,1612,1719,1923,2053,2265,2452,2544,2636",
                        "endColumns": "104,204,127,106,205,126,138,128,220,106,203,129,211,186,91,91,106",
                        "endOffsets": "349,554,682,789,995,1122,1261,1390,1611,1718,1922,2052,2264,2451,2543,2635,2742"
                    },
                    "to": {
                        "startLines": "29,30,31,32,33,34,35,36,38,39,40,41,42,43,44,45,46",
                        "startColumns": "4,4,4,4,4,4,4,4,4,4,4,4,4,4,4,4,4",
                        "startOffsets": "2767,2876,3081,3213,3324,3530,3661,3804,4147,4368,4479,4683,4817,5029,5220,5316,5412",
                        "endColumns": "108,204,131,110,205,130,142,132,220,110,203,133,211,190,95,95,110",
                        "endOffsets": "2871,3076,3208,3319,3525,3656,3799,3932,4363,4474,4678,4812,5024,5215,5311,5407,5518"
                    }
                },
                {
                    "source": "C:\\Users\\Mudassar\\.gradle\\caches\\transforms-2\\files-2.1\\d835d2effcd8e97c306f6a50688d9a8a\\jetified-places-compat-1.0.0\\res\\values-pa\\values.xml",
                    "from": {
                        "startLines": "4,5,6,7,8,9,10,11",
                        "startColumns": "0,0,0,0,0,0,0,0",
                        "startOffsets": "184,255,318,409,470,516,586,663",
                        "endColumns": "70,62,90,60,45,69,76,57",
                        "endOffsets": "254,317,408,469,515,585,662,720"
                    },
                    "to": {
                        "startLines": "52,53,54,55,56,57,58,59",
                        "startColumns": "4,4,4,4,4,4,4,4",
                        "startOffsets": "6058,6133,6200,6295,6360,6410,6484,6565",
                        "endColumns": "74,66,94,64,49,73,80,61",
                        "endOffsets": "6128,6195,6290,6355,6405,6479,6560,6622"
                    }
                },
                {
                    "source": "C:\\Users\\Mudassar\\.gradle\\caches\\transforms-2\\files-2.1\\9350583047d9d28e7a4708239acec4f1\\jetified-firebase-messaging-20.0.0\\res\\values-pa\\values.xml",
                    "from": {
                        "startLines": "4",
                        "startColumns": "0",
                        "startOffsets": "205",
                        "endColumns": "99",
                        "endOffsets": "304"
                    },
                    "to": {
                        "startLines": "47",
                        "startColumns": "4",
                        "startOffsets": "5523",
                        "endColumns": "103",
                        "endOffsets": "5622"
                    }
                },
                {
                    "source": "C:\\Users\\Mudassar\\.gradle\\caches\\transforms-2\\files-2.1\\d7e0c950707e021378551cecb6624e83\\core-1.1.0\\res\\values-pa\\values-pa.xml",
                    "from": {
                        "startLines": "2",
                        "startColumns": "4",
                        "startOffsets": "55",
                        "endColumns": "100",
                        "endOffsets": "151"
                    },
                    "to": {
                        "startLines": "61",
                        "startColumns": "4",
                        "startOffsets": "6706",
                        "endColumns": "100",
                        "endOffsets": "6802"
                    }
                },
                {
                    "source": "C:\\Users\\Mudassar\\.gradle\\caches\\transforms-2\\files-2.1\\222cdc43ab70d3d702638d878ca1cedb\\jetified-navigation-ui-2.1.0\\res\\values-pa\\values-pa.xml",
                    "from": {
                        "startLines": "2,3",
                        "startColumns": "4,4",
                        "startOffsets": "55,170",
                        "endColumns": "114,117",
                        "endOffsets": "165,283"
                    },
                    "to": {
                        "startLines": "48,49",
                        "startColumns": "4,4",
                        "startOffsets": "5627,5742",
                        "endColumns": "114,117",
                        "endOffsets": "5737,5855"
                    }
                },
                {
                    "source": "C:\\Users\\Mudassar\\.gradle\\caches\\transforms-2\\files-2.1\\4d90089bba98735a4773fb5da4aac47c\\jetified-play-services-places-16.0.0\\res\\values-pa\\values.xml",
                    "from": {
                        "startLines": "4,5",
                        "startColumns": "0,0",
                        "startOffsets": "193,293",
                        "endColumns": "99,89",
                        "endOffsets": "292,382"
                    },
                    "to": {
                        "startLines": "50,51",
                        "startColumns": "4,4",
                        "startOffsets": "5860,5964",
                        "endColumns": "103,93",
                        "endOffsets": "5959,6053"
                    }
                },
                {
                    "source": "C:\\Users\\Mudassar\\.gradle\\caches\\transforms-2\\files-2.1\\78e7d3f5487dbf3c8bd1a75d0d68a2a0\\appcompat-1.1.0\\res\\values-pa\\values-pa.xml",
                    "from": {
                        "startLines": "2,3,4,5,6,7,8,9,10,11,12,13,14,15,16,17,18,19,20,21,22,23,24,25,26,27,28,29",
                        "startColumns": "4,4,4,4,4,4,4,4,4,4,4,4,4,4,4,4,4,4,4,4,4,4,4,4,4,4,4,4",
                        "startOffsets": "105,208,305,410,496,596,709,787,865,956,1048,1142,1236,1337,1430,1525,1619,1710,1801,1879,1989,2092,2188,2299,2401,2511,2670,2767",
                        "endColumns": "102,96,104,85,99,112,77,77,90,91,93,93,100,92,94,93,90,90,77,109,102,95,110,101,109,158,96,78",
                        "endOffsets": "203,300,405,491,591,704,782,860,951,1043,1137,1231,1332,1425,1520,1614,1705,1796,1874,1984,2087,2183,2294,2396,2506,2665,2762,2841"
                    },
                    "to": {
                        "startLines": "2,3,4,5,6,7,8,9,10,11,12,13,14,15,16,17,18,19,20,21,22,23,24,25,26,27,28,60",
                        "startColumns": "4,4,4,4,4,4,4,4,4,4,4,4,4,4,4,4,4,4,4,4,4,4,4,4,4,4,4,4",
                        "startOffsets": "105,208,305,410,496,596,709,787,865,956,1048,1142,1236,1337,1430,1525,1619,1710,1801,1879,1989,2092,2188,2299,2401,2511,2670,6627",
                        "endColumns": "102,96,104,85,99,112,77,77,90,91,93,93,100,92,94,93,90,90,77,109,102,95,110,101,109,158,96,78",
                        "endOffsets": "203,300,405,491,591,704,782,860,951,1043,1137,1231,1332,1425,1520,1614,1705,1796,1874,1984,2087,2183,2294,2396,2506,2665,2762,6701"
                    }
                },
                {
                    "source": "C:\\Users\\Mudassar\\.gradle\\caches\\transforms-2\\files-2.1\\4bb36207c20871865b7b6196a54ae023\\jetified-play-services-basement-17.0.0\\res\\values-pa\\values.xml",
                    "from": {
                        "startLines": "4",
                        "startColumns": "0",
                        "startOffsets": "247",
                        "endColumns": "209",
                        "endOffsets": "456"
                    },
                    "to": {
                        "startLines": "37",
                        "startColumns": "4",
                        "startOffsets": "3937",
                        "endColumns": "209",
                        "endOffsets": "4142"
                    }
                }
            ]
        }
    ]
}