{
    "logs": [
        {
            "outputFile": "D:\\1 BSCS 8TH\\CarController\\app\\build\\intermediates\\incremental\\mergeDebugResources\\merged.dir\\values-uz\\values-uz.xml",
            "map": [
                {
                    "source": "C:\\Users\\Mudassar\\.gradle\\caches\\transforms-2\\files-2.1\\d7e0c950707e021378551cecb6624e83\\core-1.1.0\\res\\values-uz\\values-uz.xml",
                    "from": {
                        "startLines": "2",
                        "startColumns": "4",
                        "startOffsets": "55",
                        "endColumns": "100",
                        "endOffsets": "151"
                    },
                    "to": {
                        "startLines": "61",
                        "startColumns": "4",
                        "startOffsets": "6724",
                        "endColumns": "100",
                        "endOffsets": "6820"
                    }
                },
                {
                    "source": "C:\\Users\\Mudassar\\.gradle\\caches\\transforms-2\\files-2.1\\4bb36207c20871865b7b6196a54ae023\\jetified-play-services-basement-17.0.0\\res\\values-uz\\values.xml",
                    "from": {
                        "startLines": "4",
                        "startColumns": "0",
                        "startOffsets": "247",
                        "endColumns": "208",
                        "endOffsets": "455"
                    },
                    "to": {
                        "startLines": "37",
                        "startColumns": "4",
                        "startOffsets": "3931",
                        "endColumns": "208",
                        "endOffsets": "4135"
                    }
                },
                {
                    "source": "C:\\Users\\Mudassar\\.gradle\\caches\\transforms-2\\files-2.1\\fc1a205467b5c433350d5b0560a1781f\\play-services-base-17.1.0\\res\\values-uz\\values.xml",
                    "from": {
                        "startLines": "4,5,6,7,8,9,10,11,12,13,14,15,16,17,18,19,20",
                        "startColumns": "0,0,0,0,0,0,0,0,0,0,0,0,0,0,0,0,0",
                        "startOffsets": "245,348,530,657,764,968,1099,1245,1376,1607,1713,1903,2033,2246,2434,2526,2613",
                        "endColumns": "102,181,126,106,203,130,145,130,230,105,189,129,212,187,91,86,104",
                        "endOffsets": "347,529,656,763,967,1098,1244,1375,1606,1712,1902,2032,2245,2433,2525,2612,2717"
                    },
                    "to": {
                        "startLines": "29,30,31,32,33,34,35,36,38,39,40,41,42,43,44,45,46",
                        "startColumns": "4,4,4,4,4,4,4,4,4,4,4,4,4,4,4,4,4",
                        "startOffsets": "2776,2883,3065,3196,3307,3511,3646,3796,4140,4371,4481,4671,4805,5018,5210,5306,5397",
                        "endColumns": "106,181,130,110,203,134,149,134,230,109,189,133,212,191,95,90,108",
                        "endOffsets": "2878,3060,3191,3302,3506,3641,3791,3926,4366,4476,4666,4800,5013,5205,5301,5392,5501"
                    }
                },
                {
                    "source": "C:\\Users\\Mudassar\\.gradle\\caches\\transforms-2\\files-2.1\\222cdc43ab70d3d702638d878ca1cedb\\jetified-navigation-ui-2.1.0\\res\\values-uz\\values-uz.xml",
                    "from": {
                        "startLines": "2,3",
                        "startColumns": "4,4",
                        "startOffsets": "55,156",
                        "endColumns": "100,121",
                        "endOffsets": "151,273"
                    },
                    "to": {
                        "startLines": "48,49",
                        "startColumns": "4,4",
                        "startOffsets": "5612,5713",
                        "endColumns": "100,121",
                        "endOffsets": "5708,5830"
                    }
                },
                {
                    "source": "C:\\Users\\Mudassar\\.gradle\\caches\\transforms-2\\files-2.1\\78e7d3f5487dbf3c8bd1a75d0d68a2a0\\appcompat-1.1.0\\res\\values-uz\\values-uz.xml",
                    "from": {
                        "startLines": "2,3,4,5,6,7,8,9,10,11,12,13,14,15,16,17,18,19,20,21,22,23,24,25,26,27,28,29",
                        "startColumns": "4,4,4,4,4,4,4,4,4,4,4,4,4,4,4,4,4,4,4,4,4,4,4,4,4,4,4,4",
                        "startOffsets": "105,210,305,405,487,587,704,789,868,959,1051,1146,1240,1335,1428,1523,1618,1709,1801,1884,1994,2100,2200,2308,2414,2516,2677,2776",
                        "endColumns": "104,94,99,81,99,116,84,78,90,91,94,93,94,92,94,94,90,91,82,109,105,99,107,105,101,160,98,82",
                        "endOffsets": "205,300,400,482,582,699,784,863,954,1046,1141,1235,1330,1423,1518,1613,1704,1796,1879,1989,2095,2195,2303,2409,2511,2672,2771,2854"
                    },
                    "to": {
                        "startLines": "2,3,4,5,6,7,8,9,10,11,12,13,14,15,16,17,18,19,20,21,22,23,24,25,26,27,28,60",
                        "startColumns": "4,4,4,4,4,4,4,4,4,4,4,4,4,4,4,4,4,4,4,4,4,4,4,4,4,4,4,4",
                        "startOffsets": "105,210,305,405,487,587,704,789,868,959,1051,1146,1240,1335,1428,1523,1618,1709,1801,1884,1994,2100,2200,2308,2414,2516,2677,6641",
                        "endColumns": "104,94,99,81,99,116,84,78,90,91,94,93,94,92,94,94,90,91,82,109,105,99,107,105,101,160,98,82",
                        "endOffsets": "205,300,400,482,582,699,784,863,954,1046,1141,1235,1330,1423,1518,1613,1704,1796,1879,1989,2095,2195,2303,2409,2511,2672,2771,6719"
                    }
                },
                {
                    "source": "C:\\Users\\Mudassar\\.gradle\\caches\\transforms-2\\files-2.1\\9350583047d9d28e7a4708239acec4f1\\jetified-firebase-messaging-20.0.0\\res\\values-uz\\values.xml",
                    "from": {
                        "startLines": "4",
                        "startColumns": "0",
                        "startOffsets": "205",
                        "endColumns": "101",
                        "endOffsets": "306"
                    },
                    "to": {
                        "startLines": "47",
                        "startColumns": "4",
                        "startOffsets": "5506",
                        "endColumns": "105",
                        "endOffsets": "5607"
                    }
                },
                {
                    "source": "C:\\Users\\Mudassar\\.gradle\\caches\\transforms-2\\files-2.1\\4d90089bba98735a4773fb5da4aac47c\\jetified-play-services-places-16.0.0\\res\\values-uz\\values.xml",
                    "from": {
                        "startLines": "4,5",
                        "startColumns": "0,0",
                        "startOffsets": "193,306",
                        "endColumns": "112,93",
                        "endOffsets": "305,399"
                    },
                    "to": {
                        "startLines": "50,51",
                        "startColumns": "4,4",
                        "startOffsets": "5835,5952",
                        "endColumns": "116,97",
                        "endOffsets": "5947,6045"
                    }
                },
                {
                    "source": "C:\\Users\\Mudassar\\.gradle\\caches\\transforms-2\\files-2.1\\d835d2effcd8e97c306f6a50688d9a8a\\jetified-places-compat-1.0.0\\res\\values-uz\\values.xml",
                    "from": {
                        "startLines": "4,5,6,7,8,9,10,11",
                        "startColumns": "0,0,0,0,0,0,0,0",
                        "startOffsets": "184,268,330,423,487,538,618,693",
                        "endColumns": "83,61,92,63,50,79,74,49",
                        "endOffsets": "267,329,422,486,537,617,692,742"
                    },
                    "to": {
                        "startLines": "52,53,54,55,56,57,58,59",
                        "startColumns": "4,4,4,4,4,4,4,4",
                        "startOffsets": "6050,6138,6204,6301,6369,6424,6508,6587",
                        "endColumns": "87,65,96,67,54,83,78,53",
                        "endOffsets": "6133,6199,6296,6364,6419,6503,6582,6636"
                    }
                }
            ]
        }
    ]
}