{
    "logs": [
        {
            "outputFile": "D:\\1 BSCS 8TH\\CarController\\app\\build\\intermediates\\incremental\\mergeDebugResources\\merged.dir\\values-lo\\values-lo.xml",
            "map": [
                {
                    "source": "C:\\Users\\Mudassar\\.gradle\\caches\\transforms-2\\files-2.1\\4d90089bba98735a4773fb5da4aac47c\\jetified-play-services-places-16.0.0\\res\\values-lo\\values.xml",
                    "from": {
                        "startLines": "4,5",
                        "startColumns": "0,0",
                        "startOffsets": "193,294",
                        "endColumns": "100,91",
                        "endOffsets": "293,385"
                    },
                    "to": {
                        "startLines": "50,51",
                        "startColumns": "4,4",
                        "startOffsets": "5838,5943",
                        "endColumns": "104,95",
                        "endOffsets": "5938,6034"
                    }
                },
                {
                    "source": "C:\\Users\\Mudassar\\.gradle\\caches\\transforms-2\\files-2.1\\fc1a205467b5c433350d5b0560a1781f\\play-services-base-17.1.0\\res\\values-lo\\values.xml",
                    "from": {
                        "startLines": "4,5,6,7,8,9,10,11,12,13,14,15,16,17,18,19,20",
                        "startColumns": "0,0,0,0,0,0,0,0,0,0,0,0,0,0,0,0,0",
                        "startOffsets": "245,351,553,681,786,997,1120,1254,1395,1606,1709,1906,2033,2263,2450,2544,2639",
                        "endColumns": "105,201,127,104,210,122,133,140,210,102,196,126,229,186,93,94,109",
                        "endOffsets": "350,552,680,785,996,1119,1253,1394,1605,1708,1905,2032,2262,2449,2543,2638,2748"
                    },
                    "to": {
                        "startLines": "29,30,31,32,33,34,35,36,38,39,40,41,42,43,44,45,46",
                        "startColumns": "4,4,4,4,4,4,4,4,4,4,4,4,4,4,4,4,4",
                        "startOffsets": "2772,2882,3084,3216,3325,3536,3663,3801,4137,4348,4455,4652,4783,5013,5204,5302,5401",
                        "endColumns": "109,201,131,108,210,126,137,144,210,106,196,130,229,190,97,98,113",
                        "endOffsets": "2877,3079,3211,3320,3531,3658,3796,3941,4343,4450,4647,4778,5008,5199,5297,5396,5510"
                    }
                },
                {
                    "source": "C:\\Users\\Mudassar\\.gradle\\caches\\transforms-2\\files-2.1\\4bb36207c20871865b7b6196a54ae023\\jetified-play-services-basement-17.0.0\\res\\values-lo\\values.xml",
                    "from": {
                        "startLines": "4",
                        "startColumns": "0",
                        "startOffsets": "247",
                        "endColumns": "190",
                        "endOffsets": "437"
                    },
                    "to": {
                        "startLines": "37",
                        "startColumns": "4",
                        "startOffsets": "3946",
                        "endColumns": "190",
                        "endOffsets": "4132"
                    }
                },
                {
                    "source": "C:\\Users\\Mudassar\\.gradle\\caches\\transforms-2\\files-2.1\\222cdc43ab70d3d702638d878ca1cedb\\jetified-navigation-ui-2.1.0\\res\\values-lo\\values-lo.xml",
                    "from": {
                        "startLines": "2,3",
                        "startColumns": "4,4",
                        "startOffsets": "55,164",
                        "endColumns": "108,109",
                        "endOffsets": "159,269"
                    },
                    "to": {
                        "startLines": "48,49",
                        "startColumns": "4,4",
                        "startOffsets": "5619,5728",
                        "endColumns": "108,109",
                        "endOffsets": "5723,5833"
                    }
                },
                {
                    "source": "C:\\Users\\Mudassar\\.gradle\\caches\\transforms-2\\files-2.1\\d835d2effcd8e97c306f6a50688d9a8a\\jetified-places-compat-1.0.0\\res\\values-lo\\values.xml",
                    "from": {
                        "startLines": "4,5,6,7,8,9,10,11",
                        "startColumns": "0,0,0,0,0,0,0,0",
                        "startOffsets": "184,253,323,415,477,523,592,664",
                        "endColumns": "68,69,91,61,45,68,71,47",
                        "endOffsets": "252,322,414,476,522,591,663,711"
                    },
                    "to": {
                        "startLines": "52,53,54,55,56,57,58,59",
                        "startColumns": "4,4,4,4,4,4,4,4",
                        "startOffsets": "6039,6112,6186,6282,6348,6398,6471,6547",
                        "endColumns": "72,73,95,65,49,72,75,51",
                        "endOffsets": "6107,6181,6277,6343,6393,6466,6542,6594"
                    }
                },
                {
                    "source": "C:\\Users\\Mudassar\\.gradle\\caches\\transforms-2\\files-2.1\\78e7d3f5487dbf3c8bd1a75d0d68a2a0\\appcompat-1.1.0\\res\\values-lo\\values-lo.xml",
                    "from": {
                        "startLines": "2,3,4,5,6,7,8,9,10,11,12,13,14,15,16,17,18,19,20,21,22,23,24,25,26,27,28,29",
                        "startColumns": "4,4,4,4,4,4,4,4,4,4,4,4,4,4,4,4,4,4,4,4,4,4,4,4,4,4,4,4",
                        "startOffsets": "105,208,311,424,509,613,724,802,880,971,1063,1155,1249,1350,1443,1538,1634,1725,1816,1896,2003,2107,2205,2308,2412,2516,2673,2772",
                        "endColumns": "102,102,112,84,103,110,77,77,90,91,91,93,100,92,94,95,90,90,79,106,103,97,102,103,103,156,98,80",
                        "endOffsets": "203,306,419,504,608,719,797,875,966,1058,1150,1244,1345,1438,1533,1629,1720,1811,1891,1998,2102,2200,2303,2407,2511,2668,2767,2848"
                    },
                    "to": {
                        "startLines": "2,3,4,5,6,7,8,9,10,11,12,13,14,15,16,17,18,19,20,21,22,23,24,25,26,27,28,60",
                        "startColumns": "4,4,4,4,4,4,4,4,4,4,4,4,4,4,4,4,4,4,4,4,4,4,4,4,4,4,4,4",
                        "startOffsets": "105,208,311,424,509,613,724,802,880,971,1063,1155,1249,1350,1443,1538,1634,1725,1816,1896,2003,2107,2205,2308,2412,2516,2673,6599",
                        "endColumns": "102,102,112,84,103,110,77,77,90,91,91,93,100,92,94,95,90,90,79,106,103,97,102,103,103,156,98,80",
                        "endOffsets": "203,306,419,504,608,719,797,875,966,1058,1150,1244,1345,1438,1533,1629,1720,1811,1891,1998,2102,2200,2303,2407,2511,2668,2767,6675"
                    }
                },
                {
                    "source": "C:\\Users\\Mudassar\\.gradle\\caches\\transforms-2\\files-2.1\\9350583047d9d28e7a4708239acec4f1\\jetified-firebase-messaging-20.0.0\\res\\values-lo\\values.xml",
                    "from": {
                        "startLines": "4",
                        "startColumns": "0",
                        "startOffsets": "205",
                        "endColumns": "99",
                        "endOffsets": "304"
                    },
                    "to": {
                        "startLines": "47",
                        "startColumns": "4",
                        "startOffsets": "5515",
                        "endColumns": "103",
                        "endOffsets": "5614"
                    }
                },
                {
                    "source": "C:\\Users\\Mudassar\\.gradle\\caches\\transforms-2\\files-2.1\\d7e0c950707e021378551cecb6624e83\\core-1.1.0\\res\\values-lo\\values-lo.xml",
                    "from": {
                        "startLines": "2",
                        "startColumns": "4",
                        "startOffsets": "55",
                        "endColumns": "100",
                        "endOffsets": "151"
                    },
                    "to": {
                        "startLines": "61",
                        "startColumns": "4",
                        "startOffsets": "6680",
                        "endColumns": "100",
                        "endOffsets": "6776"
                    }
                }
            ]
        }
    ]
}